stack_height,top_etd_gap_days,same_vessel,same_port,weight_ok,weight_rank_inc,weight_rank_top,block_occ,days_until_dep,unsafe_count,intra_vessel_rank,unsafe_rank_count,rank_gap_to_top,unsafe_x_height,min_height_pct,hours_until_load,same_group_in_stack,initial_below_count,reshuffles
1,28.9466,0,0,1,3,3,0.4963,0.9842,0,15,0,15,0,0.0812,13.86,0,0,0
2,4.1085,0,0,1,1,1,0.5758,0.7992,0,17,0,15,0,0.5271,9.42,0,0,0
2,22.2348,0,0,1,3,2,0.5267,1.1485,0,6,0,-4,0,0.4148,9.09,0,0,0
2,0.0,1,0,1,3,3,0.5492,0.7039,0,0,0,-15,0,0.4729,7.13,0,0,0
1,17.6034,0,1,1,3,2,0.5472,0.851,0,0,0,-7,0,0.0016,10.66,0,0,0
2,13.7036,0,0,1,3,3,0.555,0.8231,0,0,0,-6,0,0.5406,9.99,0,0,0
1,3.4648,0,0,1,3,2,0.5444,0.8532,0,0,0,0,0,0.0027,10.71,0,0,0
1,0.6022,0,1,1,3,3,0.5194,1.0015,0,0,0,-9,0,0.0935,14.27,0,0,0
2,3.7969,0,0,1,3,2,0.6317,0.7358,0,0,0,-13,0,0.4911,7.89,0,0,0
1,32.9948,0,0,1,3,1,0.4991,0.9436,0,0,0,0,0,0.0559,12.88,0,0,0
1,3.7969,0,0,0,2,3,0.5069,0.8956,0,1,0,-8,0,0.0269,11.73,0,0,0
1,18.8661,0,0,0,2,3,0.5009,0.9806,0,1,0,1,0,0.0785,13.77,0,0,0
1,20.0713,0,0,0,2,3,0.5231,0.9202,0,1,0,1,0,0.0408,12.32,0,0,0
2,9.0526,1,0,1,2,2,0.5542,0.8237,0,1,0,-15,0,0.5411,10.01,0,0,0
1,14.3462,0,0,1,2,2,0.4933,1.1275,0,1,0,-3,0,0.1344,17.29,0,0,1
1,17.6034,0,1,1,2,2,0.4972,0.9836,0,1,0,-6,0,0.0806,13.84,0,0,0
1,14.3462,0,0,1,2,2,0.525,0.9588,0,1,0,-9,0,0.0645,13.25,0,0,0
1,19.3391,0,1,1,1,1,0.4792,0.9154,0,2,0,-6,0,0.0376,12.21,0,0,0
2,1.4371,0,0,0,1,2,0.5808,0.7938,0,2,0,1,0,0.5239,9.29,0,0,0
2,0.0,1,1,1,1,1,0.5617,0.8151,0,2,0,0,0,0.5363,9.8,1,0,0
2,9.0526,1,0,1,1,1,0.6358,0.7311,0,2,0,-3,0,0.4884,7.78,0,0,0
1,17.0829,0,0,1,1,1,0.5194,0.9645,0,2,0,-3,0,0.0677,13.38,0,0,0
2,0.6022,0,0,0,1,3,0.5592,0.818,0,2,0,-10,0,0.5379,9.87,0,0,0
2,0.0,1,0,0,1,2,0.555,0.6974,0,2,0,-2,0,0.4691,6.97,0,0,0
1,16.6557,0,0,1,3,3,0.5009,0.9417,0,3,0,-6,0,0.0548,12.84,0,0,0
2,13.7036,0,0,1,2,1,0.5975,0.7749,0,4,0,-1,0,0.5132,8.83,0,0,0
1,15.1405,0,0,1,2,2,0.5213,0.9992,0,4,0,-9,0,0.0925,14.22,0,0,1
1,2.8324,0,0,0,2,3,0.4956,1.0287,0,4,0,-2,0,0.1129,14.92,0,0,1
2,4.1085,0,1,1,2,2,0.6058,0.7654,0,4,0,-12,0,0.5078,8.6,0,0,0
2,3.7969,0,0,0,2,3,0.54,0.8399,0,4,0,-8,0,0.5502,10.39,0,0,0
2,-18.6486,1,0,0,2,3,0.5556,19.0828,2,4,1,-11,4,0.3466,240.0,0,1,0
2,19.3391,0,0,1,2,2,0.5317,0.7236,0,4,0,-3,0,0.4841,7.6,0,0,0
2,1.4371,0,1,1,2,2,0.6325,0.7351,0,4,0,0,0,0.4906,7.88,0,0,0
2,3.7969,0,0,1,2,2,0.5342,0.7209,0,4,0,-9,0,0.4825,7.54,0,0,0
1,3.7969,0,0,1,2,1,0.5181,0.8718,0,4,0,-4,0,0.0134,11.16,0,0,0
2,4.9734,0,1,0,1,2,0.6233,1.0736,0,11,0,1,0,0.3697,7.29,0,0,0
1,4.3838,0,0,0,2,3,0.4986,0.8851,0,4,0,-2,0,0.021,11.48,0,0,0
1,20.9808,0,0,1,2,1,0.5167,0.8727,0,4,0,4,0,0.014,11.18,0,0,0
2,3.1622,0,0,0,1,3,0.5717,0.6781,0,5,0,-4,0,0.4584,6.51,0,0,0
2,21.4174,0,0,0,1,3,0.6167,0.7531,0,5,0,5,0,0.5008,8.31,0,0,0
2,15.3715,0,0,0,1,2,0.5742,0.8012,0,5,0,5,0,0.5282,9.46,0,0,0
2,3.7969,0,0,0,1,2,0.5442,0.7097,0,5,0,-5,0,0.4761,7.27,0,0,0
2,13.7036,0,0,0,1,3,0.6242,0.7446,0,5,0,2,0,0.496,8.11,0,0,0
2,0.6022,0,0,0,1,2,0.605,0.7664,0,5,0,-5,0,0.5083,8.63,0,0,0
2,-8.4503,0,0,0,1,2,0.5741,9.352,2,5,2,4,4,0.2911,211.71,0,2,0
2,1.4371,0,0,1,1,1,0.5817,0.7929,0,5,0,3,0,0.5234,9.26,0,0,0
1,17.2381,0,0,0,1,2,0.5139,1.0044,0,5,0,5,0,0.0968,14.34,0,0,2
2,1.4371,0,0,0,1,3,0.5967,0.7757,0,5,0,5,0,0.5137,8.85,0,0,0
2,3.7969,0,0,0,1,2,0.6125,0.7577,0,5,0,4,0,0.5035,8.42,0,0,0
1,29.216,0,0,1,3,3,0.5431,0.8539,0,6,0,6,0,0.0032,10.73,0,0,0
1,3.7969,0,0,1,3,2,0.5375,0.8579,0,6,0,2,0,0.0054,10.82,0,0,0
1,0.0,1,0,1,3,1,0.5065,0.976,0,6,1,4,0,0.0753,13.66,0,0,1
2,15.1405,0,0,1,3,2,0.6008,0.7709,0,6,0,5,0,0.511,8.74,0,0,0
2,2.8075,0,0,1,3,1,0.54,0.7144,0,6,0,4,0,0.4788,7.38,0,0,0
1,17.0829,0,0,1,3,2,0.5213,0.9212,0,6,0,-4,0,0.0419,12.34,0,0,0
2,3.1622,0,0,1,3,2,0.6158,0.5671,0,6,0,5,0,0.4299,3.85,0,0,0
2,15.7443,0,0,1,3,1,0.5883,0.7852,0,6,0,6,0,0.5191,9.08,0,0,0
1,9.7056,0,0,1,3,2,0.5065,0.9352,0,9,0,9,0,0.0516,12.68,0,0,0
1,20.6347,0,0,1,2,1,0.5133,1.0144,0,7,0,7,0,0.1032,14.58,0,0,1
2,0.0,1,0,1,3,2,0.5433,1.135,0,9,1,8,0,0.4073,8.76,0,0,0
1,19.3391,0,0,1,2,2,0.5157,1.003,0,7,0,0,0,0.0957,14.31,0,0,1
2,15.0412,0,0,1,3,1,0.5333,1.053,0,9,0,9,0,0.3573,6.79,0,0,0
2,13.1013,0,1,1,3,3,0.6156,1.0796,0,9,0,9,0,0.3735,7.43,0,0,0
1,15.1405,0,0,1,2,2,0.4806,0.9143,0,7,0,3,0,0.0371,12.18,0,0,0
2,16.6557,0,0,1,2,2,0.5675,0.683,0,7,0,6,0,0.461,6.63,0,0,0
2,18.7369,0,1,1,3,2,0.6367,0.8673,0,9,0,2,0,0.2809,2.34,0,0,0
2,8.4503,0,1,1,3,2,0.5356,1.1414,0,9,0,8,0,0.4111,8.91,0,0,0
1,20.0713,0,1,0,1,2,0.4867,1.0352,0,8,0,7,0,0.1172,15.08,0,0,1
2,2.2053,0,1,1,3,3,0.5759,0.9001,0,9,0,3,0,0.29,3.12,0,0,0
1,23.8565,0,0,1,1,1,0.51,1.0506,0,8,0,8,0,0.1269,15.45,0,0,1
2,15.1405,0,0,1,1,1,0.5383,0.7163,0,8,1,-6,0,0.4798,7.43,0,0,0
2,21.5677,0,0,1,2,2,0.5889,0.8778,0,10,0,-3,0,0.2836,2.59,0,0,0
1,18.6486,1,0,0,1,2,0.5185,0.9653,0,8,0,-2,0,0.0683,13.4,0,0,0
1,4.3838,0,0,0,1,2,0.5139,0.8907,0,8,0,7,0,0.0242,11.61,0,0,0
1,16.4807,0,0,1,2,1,0.538,1.5887,0,10,0,8,0,0.0828,19.65,0,0,0
2,4.7407,0,0,1,2,2,0.5633,1.031,0,10,0,9,0,0.3428,6.27,0,0,0
2,14.5383,1,0,0,2,3,0.5861,0.8844,0,10,0,4,0,0.2852,2.75,0,0,0
2,20.0713,0,0,0,1,2,0.5842,0.7899,0,8,0,-2,0,0.5218,9.19,0,0,0
2,-0.6022,0,1,1,2,2,0.5978,0.9944,1,10,1,9,2,0.3267,5.39,0,0,0
1,2.8075,0,0,0,1,2,0.5014,0.9002,0,8,0,1,0,0.029,11.84,0,0,0
2,-0.6022,0,0,1,2,1,0.6311,1.0661,1,10,1,2,2,0.3659,7.11,0,0,1
2,-0.6022,0,0,0,2,3,0.6189,0.9752,1,10,1,1,2,0.317,4.93,0,0,0
1,4.3838,0,0,1,3,3,0.537,0.9872,0,12,0,9,0,0.0833,13.93,0,0,0
2,0.6022,0,0,1,3,1,0.6158,0.7539,0,12,0,1,0,0.5013,8.33,0,0,0
2,-0.6022,0,0,0,2,3,0.62,1.0766,1,10,1,1,2,0.3713,7.36,0,0,0
1,4.1085,0,0,1,3,2,0.5044,1.0209,0,12,0,-4,0,0.1075,14.74,0,0,1
1,0.6022,0,0,1,3,2,0.5292,0.8636,0,12,0,2,0,0.0086,10.96,0,0,0
1,-9.7976,0,0,1,2,2,0.5241,16.0596,1,10,1,3,1,0.0403,240.0,0,1,0
2,-0.6022,0,0,1,2,2,0.6375,0.9934,1,10,1,3,2,0.3267,5.37,0,0,0
2,3.7969,0,0,0,2,3,0.6367,0.7303,0,13,0,13,0,0.4879,7.76,0,0,0
2,2.2301,0,0,0,2,3,0.6242,1.1628,0,10,0,7,0,0.4245,9.43,0,0,0
2,-0.6022,0,0,1,2,2,0.6078,0.9828,2,10,1,-6,4,0.3219,5.11,0,1,0
2,0.8348,0,0,1,2,1,0.5644,1.1196,0,10,0,8,0,0.3971,8.39,0,0,0
2,0.6022,0,0,0,2,3,0.5633,0.6876,0,13,0,13,0,0.4637,6.74,0,0,0
2,3.7969,0,0,0,2,3,0.5642,0.8123,0,13,0,10,0,0.5347,9.73,0,0,0
2,10.4227,0,0,0,2,3,0.5775,0.6718,0,13,0,13,0,0.4546,6.36,0,0,0
2,-0.6022,0,1,0,1,2,0.6375,0.9151,1,11,1,10,2,0.2948,3.48,0,0,0
2,7.4727,0,0,0,1,2,0.615,1.1703,0,11,0,11,0,0.4304,9.61,0,0,0
1,13.7036,0,0,0,2,3,0.5148,0.9692,0,13,0,10,0,0.0704,13.5,0,0,0
2,7.7823,0,0,0,1,3,0.5389,0.9583,0,11,0,11,0,0.3106,4.52,0,0,0
2,1.4371,0,0,1,2,1,0.5658,0.8104,0,1,0,-1,0,0.5336,9.69,0,0,0
2,3.5063,0,1,0,1,3,0.5933,1.1932,0,11,0,11,0,0.4444,10.16,0,0,0
2,19.6782,0,0,0,1,2,0.59,1.0997,0,11,0,11,0,0.3853,7.92,0,0,0
2,3.1947,0,0,0,1,2,0.5537,0.9362,0,11,0,1,0,0.302,3.99,0,0,0
2,16.6557,0,0,0,1,2,0.6175,0.7518,0,14,0,10,0,0.5003,8.28,0,0,0
1,0.0,1,0,0,1,3,0.5231,0.9607,0,14,1,8,0,0.0656,13.29,0,0,0
2,16.4807,0,0,0,1,2,0.5256,1.0586,0,11,0,4,0,0.3611,6.93,0,0,0
1,1.4371,0,0,1,3,2,0.5033,1.5529,0,9,0,5,0,0.178,27.51,0,0,1
2,23.3506,0,0,0,1,2,0.5322,1.0539,1,11,1,11,2,0.3579,6.82,0,1,0
2,18.7369,0,1,0,1,3,0.6108,1.1752,0,11,0,5,0,0.4331,9.73,0,0,0
2,4.1085,0,0,1,2,1,0.5567,0.6954,0,10,0,-7,0,0.468,6.93,0,0,0
2,19.3391,0,0,1,2,2,0.5392,0.7152,0,10,0,3,0,0.4793,7.4,0,0,0
1,20.0713,0,1,1,2,2,0.5264,0.8664,0,10,0,0,0,0.0102,11.03,0,0,0
2,0.0,1,1,1,3,2,0.6311,0.8703,0,3,0,-1,0,0.282,2.41,0,0,0
2,22.837,0,0,0,2,3,0.595,0.7777,0,10,0,4,0,0.5148,8.9,0,0,0
2,-0.6022,0,0,1,3,1,0.6375,0.9313,1,3,1,1,2,0.3015,3.87,0,1,0
2,0.6022,0,0,0,1,2,0.55,0.7028,0,11,0,7,0,0.4723,7.1,0,0,0
2,17.6034,0,0,0,1,2,0.5992,0.7726,0,11,0,10,0,0.5121,8.78,0,0,0
2,0.0,1,1,1,2,2,0.5602,0.9249,0,4,0,0,0,0.2981,3.72,1,0,0
1,0.6022,0,0,0,1,2,0.4944,0.9051,0,11,0,10,0,0.0317,11.96,0,0,0
1,16.6557,0,0,1,3,1,0.4944,0.888,0,15,0,10,0,0.0226,11.55,0,0,0
2,-0.6022,0,0,1,2,2,0.5822,1.0145,1,4,0,-12,2,0.3337,5.87,0,0,0
1,3.7969,0,0,1,3,2,0.49,1.033,0,15,0,8,0,0.1156,15.03,0,0,1
2,-14.5401,0,0,1,3,2,0.59,19.2434,1,15,1,2,2,0.4465,240.0,0,1,1
2,2.56,0,1,1,2,1,0.58,1.108,0,4,0,2,0,0.3901,8.11,0,0,0
1,15.1405,0,0,0,2,3,0.5264,0.8652,0,16,0,16,0,0.0097,11.0,0,0,0
1,2.8324,0,0,0,2,3,0.4861,0.9106,0,16,0,13,0,0.0349,12.09,0,0,0
2,17.0012,0,0,1,2,1,0.5908,1.1962,0,4,0,-4,0,0.446,10.23,0,0,0
2,-0.6022,0,0,1,2,2,0.6025,1.1836,1,4,1,3,2,0.4385,9.93,0,1,0
1,2.2301,0,0,0,2,3,0.5102,1.5755,0,4,0,-2,0,0.0731,19.33,0,0,0
1,9.0526,1,0,0,1,3,0.5097,0.8937,0,17,0,17,0,0.0258,11.68,0,0,0
2,13.744,0,0,1,2,2,0.6278,1.0688,0,4,0,3,0,0.3675,7.17,0,0,0
1,3.1622,0,0,0,1,3,0.5315,0.9521,0,17,0,8,0,0.0608,13.09,0,0,0
1,9.0526,1,0,1,1,1,0.5315,0.9532,0,17,0,12,0,0.0608,13.11,0,0,0
1,22.837,0,0,0,1,3,0.5042,0.8812,0,17,0,17,0,0.0188,11.39,0,0,0
2,0.0,1,0,1,1,1,0.5656,1.1186,0,5,0,-6,0,0.3966,8.37,0,0,0
2,4.7407,0,1,0,1,3,0.5815,0.8941,0,5,0,-4,0,0.2873,2.98,1,0,0
2,3.1947,0,0,0,1,2,0.5783,1.2094,0,5,0,-8,0,0.4541,10.55,0,0,0
2,13.1013,0,0,1,1,1,0.6367,0.877,0,5,0,0,0,0.2836,2.57,0,0,0
2,-14.3462,0,0,1,3,2,0.5611,14.6676,2,9,2,2,4,0.2975,240.0,0,1,1
2,4.7407,0,1,0,1,2,0.5704,0.9094,1,5,1,-5,2,0.2927,3.35,0,1,0
2,-0.6022,0,0,1,1,1,0.575,0.9008,1,5,0,-3,2,0.2905,3.14,0,0,0
2,-6.088,0,0,0,1,2,0.5667,15.8245,2,5,1,4,4,0.4616,240.0,0,2,0
2,-0.6022,0,1,1,1,1,0.5878,1.0059,1,5,0,0,2,0.331,5.66,0,1,0
2,-0.6022,0,1,1,1,1,0.5556,0.935,1,5,0,0,2,0.3009,3.96,0,0,0
1,0.0,1,1,1,3,2,0.5083,0.8945,0,3,0,-1,0,0.0263,11.7,0,0,0
2,-0.6022,0,0,0,1,2,0.6375,0.9085,1,14,1,10,2,0.2927,3.33,0,1,0
2,22.1699,0,0,1,2,2,0.585,0.7887,0,1,0,-3,0,0.5212,9.16,0,0,0
2,-0.6022,0,0,1,3,1,0.5522,1.0386,1,0,0,-8,2,0.3482,6.45,0,0,0
1,-0.6022,0,0,1,3,1,0.5398,1.0402,1,0,0,-5,1,0.0005,6.49,0,0,2
2,11.4511,0,0,1,3,2,0.5808,1.2068,0,0,0,0,0,0.4524,10.48,0,0,0
2,22.2348,0,0,1,3,2,0.6378,1.011,0,0,0,-10,0,0.3326,5.79,0,0,0
2,16.4936,0,0,1,3,1,0.5411,1.0472,0,0,0,0,0,0.3536,6.66,0,0,1
1,21.5677,0,0,1,3,1,0.5278,0.8791,0,0,0,-2,0,0.0005,2.62,0,0,0
1,14.5383,1,0,1,2,2,0.4956,1.7166,0,1,0,-9,0,0.1333,22.72,0,0,1
1,3.7816,0,0,1,2,2,0.5037,1.5412,0,1,0,0,0,0.0532,18.51,0,0,0
2,-0.6022,0,0,0,2,3,0.5491,0.9439,1,1,0,-5,2,0.3047,4.18,0,0,0
2,0.8348,0,0,1,2,2,0.6375,0.9326,0,1,0,0,0,0.3015,3.91,0,0,0
2,0.0,1,0,1,2,1,0.6375,1.15,0,1,0,-13,0,0.4159,9.12,0,0,0
2,-0.6022,0,0,0,2,3,0.5889,1.005,1,1,0,-14,2,0.3305,5.64,0,0,0
1,2.56,0,0,1,2,2,0.5398,1.0069,0,1,0,-15,0,0.0005,5.69,0,0,1
2,17.0012,0,0,1,2,1,0.5267,1.0577,0,1,0,-7,0,0.3606,6.91,0,0,0
2,25.5397,0,0,0,1,3,0.5278,1.1472,0,2,0,2,0,0.4143,9.05,0,0,0
2,2.2053,0,0,0,1,2,0.6033,1.1829,0,2,0,1,0,0.4379,9.91,0,0,0
2,2.2301,0,0,0,1,2,0.6083,1.177,0,2,0,-5,0,0.4347,9.77,0,0,0
2,4.7407,0,0,1,3,1,0.5378,1.0497,0,12,0,1,0,0.3552,6.71,0,0,0
2,-0.6022,0,0,1,3,1,0.5933,1.0004,1,12,0,-2,2,0.3289,5.53,0,0,0
2,2.2301,0,0,1,3,3,0.5856,1.1032,0,12,0,12,0,0.3874,8.0,0,0,0
2,19.4691,0,0,1,2,1,0.5983,1.1877,0,13,0,11,0,0.4412,10.03,0,0,0
1,4.7407,0,0,1,2,2,0.5213,0.918,0,13,0,6,0,0.0005,3.55,0,0,0
2,6.4282,0,0,1,2,1,0.5511,1.1281,0,13,0,13,0,0.4035,8.6,0,0,0
1,8.4503,0,0,0,1,2,0.5283,1.73,0,14,0,10,0,0.1349,23.04,0,0,1
2,2.56,0,0,1,1,1,0.5844,1.1046,0,14,0,6,0,0.388,8.03,0,0,0
2,2.56,0,0,1,3,3,0.6356,1.0631,0,6,0,-3,0,0.3638,7.04,0,0,0
2,2.56,0,0,1,3,2,0.6142,1.1714,0,6,0,-1,0,0.431,9.64,0,0,0
1,32.3926,0,0,1,2,1,0.5231,0.9896,0,7,0,7,0,0.0005,5.27,0,0,0
2,2.2053,0,0,0,2,3,0.6067,0.9848,0,7,0,7,0,0.3224,5.16,0,0,0
1,17.6034,0,0,0,1,2,0.4935,0.9496,0,17,0,13,0,0.0591,13.03,0,0,0
2,3.5063,0,1,1,3,3,0.5867,1.0098,0,3,0,-12,0,0.3315,5.76,0,0,0
2,0.0,1,1,1,2,1,0.5625,0.6886,0,1,0,-1,0,0.4643,6.76,0,0,1
2,16.1664,0,0,1,2,1,0.6192,0.9522,0,1,0,-7,0,0.3672,13.17,0,0,0
2,3.7816,0,1,1,2,1,0.5389,1.1398,0,10,0,8,0,0.4095,8.88,0,0,0
2,0.0,1,0,0,1,2,0.5806,0.8953,0,14,1,13,0,0.2873,3.01,0,0,1
2,-0.8348,0,0,1,1,1,0.6008,0.9718,1,2,0,-12,2,0.379,13.64,0,1,0
2,-0.3116,0,0,1,3,3,0.5883,4.7053,2,15,2,9,4,0.4476,96.59,0,1,0
1,22.1699,0,1,1,1,1,0.5167,0.9267,0,2,0,0,0,0.0457,12.48,0,0,0
2,11.1292,0,0,0,1,2,0.5456,9.4943,1,14,1,14,2,0.3514,215.12,0,1,0
2,-3.7969,0,0,0,1,3,0.5911,4.1976,1,14,1,2,2,0.3299,91.24,0,0,0
2,-0.8348,0,0,1,2,2,0.5731,0.7169,1,1,0,-12,2,0.2531,7.52,0,0,0
2,1.4371,0,0,0,1,2,0.6217,0.7474,0,2,0,1,0,0.4976,8.17,0,0,0
1,1.4371,0,1,0,1,3,0.5028,0.8995,0,8,0,8,0,0.0285,11.82,0,0,0
2,-0.8348,0,0,0,2,3,0.6233,0.8705,2,4,1,4,4,0.3271,11.2,0,1,0
2,18.7369,0,0,1,2,1,0.625,1.1619,0,13,0,11,0,0.424,9.41,0,0,0
2,5.1625,0,0,0,2,3,0.5375,0.8425,0,1,0,1,0,0.5519,10.46,0,0,0
2,5.5756,0,0,1,2,1,0.6208,0.748,0,7,0,-4,0,0.4981,8.19,0,0,0
2,2.3598,0,0,1,3,3,0.5944,0.8246,0,3,0,0,0,0.3041,10.1,0,0,0
2,21.5677,0,0,0,1,2,0.5311,1.1444,0,8,0,4,0,0.4127,8.99,0,0,0
2,7.4342,0,0,1,3,2,0.5889,0.7004,0,3,0,3,0,0.2445,7.12,0,0,0
2,15.2187,0,1,1,3,2,0.6306,0.7781,0,3,0,2,0,0.2843,8.99,0,0,0
1,2.6714,0,0,1,3,3,0.5325,2.7738,0,3,0,0,0,0.1586,56.88,0,0,1
2,-1.4371,0,0,1,3,2,0.5704,0.7208,1,3,1,2,2,0.2547,7.61,0,0,0
2,-1.4371,0,0,1,3,1,0.6241,0.7843,1,3,0,-11,2,0.288,9.14,0,0,0
2,-1.4371,0,0,1,3,2,0.61,0.8817,1,3,0,-13,2,0.3335,11.47,0,0,0
2,-1.4371,0,0,1,3,3,0.6093,0.8041,1,3,0,-6,2,0.296,9.61,0,0,0
2,-1.4371,0,0,1,3,3,0.6267,0.8666,1,3,0,-6,2,0.3255,11.11,0,0,0
2,17.2115,0,0,1,3,2,0.6042,1.0142,0,3,0,2,0,0.3996,14.65,0,0,0
2,2.6714,0,1,1,3,1,0.6183,0.9537,0,3,0,-14,0,0.3678,13.2,0,0,0
2,2.3598,0,0,1,2,1,0.6044,0.933,0,7,0,2,0,0.3571,12.7,0,0,0
2,18.6342,1,1,1,2,1,0.6139,0.7971,0,4,0,-1,0,0.2934,9.44,0,0,0
2,17.9021,0,0,1,2,2,0.5975,0.9767,0,4,0,-3,0,0.3806,13.75,0,0,0
2,21.3999,0,0,0,2,3,0.6175,0.9962,1,4,0,-2,2,0.3903,14.22,0,1,0
2,12.9091,0,0,1,2,2,0.6222,0.787,0,4,0,-9,0,0.2891,9.2,0,0,0
1,-1.4371,0,0,1,2,2,0.5056,1.026,1,4,0,-12,1,0.0032,14.94,0,0,0
2,12.9091,0,0,1,2,1,0.5911,1.934,0,4,0,-4,0,0.3847,36.73,1,0,0
2,5.1024,0,1,0,2,3,0.6009,0.8153,0,4,0,4,0,0.3003,9.88,0,0,0
2,-0.8348,0,0,0,2,3,0.5967,0.8936,1,4,1,4,2,0.3399,11.76,0,1,0
2,1.3953,0,0,1,2,2,0.6242,0.9458,0,4,0,-3,0,0.364,13.01,0,0,0
2,12.9091,0,0,1,2,1,0.6148,0.6708,0,4,0,-1,0,0.2295,6.41,0,0,0
2,1.3953,0,0,1,2,1,0.6325,0.978,0,4,0,2,0,0.3812,13.78,0,0,0
2,18.6342,1,0,1,2,1,0.6185,0.7923,0,4,0,2,0,0.2912,9.33,0,0,0
2,1.3705,0,0,1,2,2,0.6233,0.9475,0,4,0,3,0,0.3646,13.05,0,0,0
1,2.9467,0,0,1,2,2,0.5308,2.7743,0,4,0,-3,0,0.1597,56.9,0,0,1
2,-0.8348,0,0,1,2,1,0.6289,0.8641,1,4,1,2,2,0.3244,11.05,0,1,0
2,15.2187,0,1,1,2,2,0.5611,0.7309,0,4,0,3,0,0.26,7.85,0,0,0
2,16.2873,0,1,1,2,2,0.6167,0.9972,0,4,0,4,0,0.3915,14.24,0,0,0
2,15.2187,0,1,1,2,2,0.6108,0.9614,0,4,0,3,0,0.3726,13.39,0,0,0
2,0.0,1,1,1,2,1,0.5811,1.8503,1,4,0,-1,2,0.3342,34.72,0,1,1
2,16.1664,0,0,1,2,2,0.5685,0.8548,0,4,0,0,0,0.3191,10.83,0,0,0
2,0.0,1,0,1,2,1,0.5898,0.8309,0,4,0,-7,0,0.3067,10.26,0,0,0
2,1.3953,0,0,0,2,3,0.6283,0.9421,0,4,0,4,0,0.3619,12.92,0,0,1
2,2.9467,0,0,1,2,2,0.5407,0.754,0,4,0,3,0,0.2718,8.41,0,0,0
2,-1.4371,0,0,1,2,2,0.5556,0.7357,1,4,1,3,2,0.2632,7.97,0,0,0
2,0.0,1,1,1,2,2,0.6089,0.8832,0,4,0,0,0,0.334,11.51,1,0,0
2,18.6342,1,0,1,2,2,0.6133,1.0013,0,4,0,-6,0,0.3937,14.34,0,0,0
1,-1.4371,0,0,0,2,3,0.5231,1.498,1,4,0,-2,1,0.007,26.26,0,1,1
2,-0.8348,0,0,0,2,3,0.5933,0.8975,1,4,0,-8,2,0.3415,11.85,0,0,0
2,21.3999,0,0,1,2,1,0.6074,0.8061,0,4,0,-4,0,0.2966,9.66,0,0,0
2,18.6342,1,0,1,2,1,0.5917,0.6965,1,4,1,2,2,0.2429,7.03,0,1,0
2,6.9475,0,0,0,1,3,0.5824,0.7065,0,5,0,5,0,0.2483,7.27,0,0,0
2,3.9059,0,1,1,1,1,0.6117,0.9599,1,5,1,-6,2,0.3721,13.35,0,0,0
2,1.7251,0,0,0,1,3,0.5194,0.7772,0,5,0,-4,0,0.2837,8.97,0,0,1
2,0.0,1,0,0,1,3,0.575,0.7144,0,5,1,5,0,0.252,7.46,0,0,0
2,0.0,1,1,0,1,2,0.613,0.6733,1,5,1,1,2,0.2306,6.47,0,1,0
2,2.3598,0,0,0,1,3,0.6325,0.6859,1,5,0,-1,2,0.2392,6.77,0,1,0
2,23.5096,0,1,0,1,2,0.5704,0.8527,0,5,0,5,0,0.318,10.78,0,0,0
2,17.9021,0,0,0,1,2,0.6222,0.8719,0,5,0,-5,0,0.3276,11.24,0,0,0
2,23.7592,0,0,0,1,2,0.5537,0.7385,0,5,0,5,0,0.2643,8.04,0,0,0
2,1.7251,0,0,1,1,1,0.6158,0.9983,0,5,0,-6,0,0.3921,14.27,0,0,0
2,2.3598,0,0,1,1,1,0.6056,0.6798,0,5,0,-3,0,0.2349,6.63,0,0,0
1,16.1664,0,0,0,1,2,0.5028,1.0111,0,5,0,1,0,0.0005,14.58,0,0,0
1,6.9475,0,1,0,1,2,0.5225,2.5893,0,5,0,1,0,0.1387,52.46,0,0,1
2,3.9059,0,1,1,1,1,0.6311,0.9035,1,5,0,-6,2,0.3448,12.0,0,0,0
2,20.7329,0,1,0,1,2,0.588,0.8322,0,5,0,-11,0,0.3078,10.29,0,0,1
2,4.1385,0,0,0,1,2,0.6241,0.6631,1,5,1,-2,2,0.2242,6.23,0,1,0
1,0.0,1,1,0,1,2,0.4889,0.8357,0,5,1,1,0,0.0005,10.37,0,0,0
2,3.9059,0,0,1,1,1,0.6156,0.9229,1,5,0,-3,2,0.3517,12.46,0,0,0
2,2.9467,0,0,1,1,1,0.5861,0.8368,0,5,0,3,0,0.3089,10.4,0,0,0
2,-1.4371,0,0,1,3,2,0.5544,1.9604,1,0,0,-4,2,0.4019,37.36,0,0,0
2,-0.8348,0,0,1,3,2,0.6233,0.9894,1,0,0,-10,2,0.3865,14.06,0,0,0
2,0.0,1,0,1,3,3,0.5741,0.7157,1,0,0,-3,2,0.2525,7.49,0,1,0
2,0.0,1,0,1,3,2,0.6333,0.8116,0,0,0,-4,0,0.2987,9.79,0,0,0
2,-0.8348,0,0,1,3,2,0.605,0.9679,1,0,0,-4,2,0.3763,13.54,0,1,0
2,7.03,0,0,1,3,1,0.63,0.9807,0,0,0,0,0,0.3828,13.85,0,0,0
2,1.7251,0,0,1,3,3,0.6322,0.9026,0,0,0,-9,0,0.3442,11.98,0,0,0
2,0.0,1,0,1,3,1,0.6375,2.1662,1,0,0,-11,2,0.4874,42.3,0,1,0
2,4.1085,0,0,1,3,1,0.6067,0.5772,0,6,1,4,0,0.4358,4.09,0,0,0
2,2.9467,0,0,1,3,3,0.5685,0.7229,0,0,0,0,0,0.2558,7.66,0,0,0
2,-1.4371,0,0,1,3,1,0.5991,0.6849,1,0,0,-11,2,0.2386,6.75,0,0,0
2,1.3953,0,0,1,3,2,0.5769,0.7115,0,0,0,-1,0,0.2509,7.39,0,0,0
2,-1.4371,0,1,1,3,2,0.5856,1.8447,1,0,0,-7,2,0.3321,34.59,0,0,0
2,1.3705,0,0,1,2,2,0.6102,0.8024,0,1,0,-6,0,0.2955,9.57,0,0,0
2,1.3705,0,0,1,2,2,0.6278,0.9073,0,1,0,-6,0,0.3458,12.09,1,0,0
2,20.7329,0,1,1,2,2,0.6231,0.7859,0,1,0,-3,0,0.2885,9.17,0,0,0
1,15.2788,0,0,0,2,3,0.5264,1.0257,0,1,0,1,0,0.0027,14.93,0,0,0
2,17.9021,0,0,1,2,1,0.6269,0.781,0,1,0,-10,0,0.2864,9.06,0,0,0
2,1.7251,0,0,1,2,1,0.62,0.9178,0,1,0,-7,0,0.3496,12.34,0,0,0
2,1.3705,0,0,0,2,3,0.62,0.8743,0,1,0,1,0,0.3287,11.29,0,0,1
2,7.6155,0,1,0,2,3,0.5639,0.7271,0,1,0,-5,0,0.2584,7.76,0,0,0
2,3.9059,0,0,1,2,2,0.6233,1.8062,0,1,0,-9,0,0.3149,33.66,0,0,0
2,15.2187,0,0,0,2,3,0.5954,0.8232,0,1,0,1,0,0.3035,10.07,0,0,0
2,0.0,1,1,1,2,2,0.6289,0.8091,0,1,0,0,0,0.2982,9.73,1,0,0
2,5.5934,0,1,1,2,1,0.6111,0.9258,0,1,0,1,0,0.3539,12.53,0,0,1
2,14.3044,0,0,1,1,1,0.6325,0.9381,0,2,0,2,0,0.3592,12.83,0,0,0
2,17.9021,0,0,0,1,2,0.6022,0.8883,1,2,0,1,2,0.3373,11.63,0,1,0
2,2.3598,0,0,0,1,3,0.6317,0.9789,0,2,0,2,0,0.3817,13.81,0,0,0
2,15.2187,0,0,0,1,2,0.6358,1.6842,0,2,0,-5,0,0.2846,30.73,0,0,0
2,7.6155,0,0,0,1,2,0.61,0.9624,1,2,0,1,2,0.3731,13.41,0,1,0
2,0.0,1,1,0,1,2,0.6108,1.0049,0,2,1,1,0,0.3953,14.43,0,0,0
2,0.0,1,1,1,1,1,0.5009,0.4927,0,2,0,0,0,0.2142,2.14,1,0,0
1,9.5589,0,0,1,1,1,0.5009,1.0308,0,2,0,2,0,0.0054,15.05,0,0,0
1,15.6458,0,0,1,1,1,0.5108,2.9546,0,2,0,0,0,0.1726,61.22,0,0,1
2,13.0918,0,0,0,1,3,0.6231,0.6643,0,2,0,2,0,0.2247,6.26,0,0,0
2,-1.4371,0,0,0,1,2,0.6139,0.6721,1,2,0,-2,2,0.2301,6.44,0,0,0
2,-0.8348,0,0,0,1,2,0.61,0.9266,1,2,1,1,2,0.3544,12.55,0,0,0
1,15.6458,0,0,0,1,2,0.575,1.4863,0,2,0,-2,0,0.0054,25.98,0,0,1
2,2.6714,0,0,0,1,2,0.625,0.6618,0,2,0,-14,0,0.2236,6.2,0,0,0
1,22.3317,0,1,0,1,3,0.5028,1.0277,0,2,0,2,0,0.0043,14.98,0,0,0
1,30.7105,0,0,0,1,2,0.525,2.8187,0,2,0,2,0,0.1629,57.96,0,0,1
2,7.0527,0,0,1,3,2,0.6192,2.0007,0,9,0,9,0,0.4277,38.33,0,0,0
2,15.6458,0,0,1,3,3,0.61,1.0062,0,9,0,6,0,0.3958,14.46,0,0,0
2,-1.4371,0,0,1,3,1,0.612,0.6744,1,9,1,1,2,0.2311,6.5,0,0,0
2,-1.4371,0,1,1,3,3,0.6267,0.9089,1,9,0,0,2,0.3464,12.13,0,0,0
2,0.0,1,1,1,3,2,0.6333,0.9372,0,9,0,-1,0,0.3587,12.81,0,0,0
2,21.3999,0,0,1,3,3,0.6278,0.7796,0,9,0,-3,0,0.2859,9.02,0,0,0
2,-0.8348,0,0,1,3,2,0.6278,0.8654,2,9,0,-1,4,0.3249,11.08,0,0,0
2,-1.4371,0,0,1,2,1,0.6156,0.8767,2,10,0,-4,4,0.3308,11.35,0,1,0
2,-1.4371,0,0,0,2,3,0.6083,1.0088,1,10,1,7,2,0.3969,14.52,0,0,0
2,4.1385,0,0,1,2,2,0.6317,0.9398,0,10,1,9,0,0.3597,12.87,0,0,0
2,-1.4371,0,1,1,2,2,0.6208,0.9936,1,10,0,0,2,0.3881,14.16,0,0,0
2,-1.4371,0,0,1,2,2,0.6037,0.8128,1,10,1,9,2,0.2987,9.82,0,0,0
2,-1.4371,0,1,0,2,3,0.5483,2.2677,1,10,2,1,2,0.5449,44.74,0,0,1
2,21.5273,0,0,1,2,1,0.5278,0.7695,0,10,0,10,0,0.2788,8.78,0,0,0
2,16.1664,0,0,0,2,3,0.5472,0.7459,0,10,0,4,0,0.2681,8.21,0,0,0
2,-0.8348,0,0,1,2,1,0.6204,0.7894,1,10,1,8,2,0.2901,9.26,0,1,0
2,18.6954,0,0,1,1,1,0.613,0.799,0,11,0,11,0,0.2939,9.49,0,0,0
2,-0.8348,0,0,0,1,2,0.5463,0.7475,1,11,1,10,2,0.2686,8.25,0,1,0
1,20.7329,0,0,1,1,1,0.5,0.6874,0,11,0,9,0,0.0005,6.81,0,0,0
2,-1.4371,0,0,1,1,1,0.5972,0.69,1,11,1,9,2,0.2397,6.87,0,0,0
2,4.1385,0,0,1,3,3,0.5992,0.9741,0,6,0,-3,0,0.3801,13.69,0,0,0
1,6.9475,0,0,1,3,3,0.5992,1.3797,0,6,0,3,0,0.0048,23.43,0,0,1
2,12.2665,0,0,1,3,1,0.5333,0.7614,0,6,0,4,0,0.2761,8.59,0,0,0
2,0.0,1,0,1,3,1,0.5852,0.8384,0,6,1,4,0,0.3094,10.43,0,0,0
2,3.9059,0,0,1,3,3,0.5019,0.4916,0,6,0,3,0,0.2137,2.11,0,0,0
2,16.1664,0,0,1,2,1,0.6175,0.9539,0,10,0,2,0,0.3683,13.21,0,0,0
2,1.3705,0,0,1,3,2,0.6259,0.6602,0,6,0,-1,0,0.2231,6.16,0,0,0
2,15.2187,0,0,1,2,2,0.5583,0.7333,0,7,0,0,0,0.2616,7.91,0,0,0
2,-1.4371,0,0,0,2,3,0.5602,0.732,1,7,0,-5,2,0.2606,7.88,0,0,0
1,16.1664,0,0,1,2,1,0.5217,2.8667,0,7,0,5,0,0.1651,59.11,0,0,1
2,4.1385,0,0,1,1,1,0.6194,0.7911,0,8,0,-3,0,0.2907,9.3,0,0,0
2,-1.4371,0,0,0,1,2,0.6211,0.873,2,8,0,-8,4,0.3282,11.26,0,1,0
2,-1.4371,0,0,0,1,2,0.6046,0.8103,1,8,1,4,2,0.2982,9.76,0,1,0
2,2.3598,0,0,1,1,1,0.588,0.7015,0,8,0,-6,0,0.2451,7.15,0,0,0
2,2.3598,0,0,0,1,2,0.5694,0.8539,0,8,0,4,0,0.3185,10.81,0,0,0
2,14.7588,0,0,1,1,1,0.5926,0.8271,0,8,0,8,0,0.3051,10.16,0,0,0
1,3.1622,0,0,1,3,2,0.4917,0.9068,0,0,0,-13,0,0.0328,12.0,0,0,0
1,17.6034,0,0,0,2,3,0.5178,1.0109,0,4,0,1,0,0.1011,14.5,0,0,1
2,29.3929,0,1,1,1,1,0.6358,1.1512,0,5,0,5,0,0.417,9.15,0,0,0
2,15.1405,0,0,1,3,1,0.5425,0.8371,0,0,0,-14,0,0.5486,10.33,0,0,0
2,17.494,0,0,1,2,2,0.63,4.2933,0,10,0,-3,0,0.212,89.67,0,0,0
2,2.9467,0,0,1,2,1,0.6322,0.7704,0,4,0,2,0,0.2793,8.8,0,0,0
1,13.4949,0,0,1,3,3,0.5,5.1328,0,15,0,9,0,0.1097,106.85,0,0,1
2,9.5951,0,0,1,2,1,0.6192,3.6661,1,4,1,-1,2,0.3892,71.65,0,1,0
2,0.8348,0,0,1,2,1,0.6183,1.1663,0,1,0,-4,0,0.4283,9.51,0,0,0
2,0.6022,0,0,1,3,2,0.5692,0.807,0,6,0,2,0,0.5314,9.6,0,0,0
1,13.4949,0,0,1,2,2,0.4967,5.2206,0,13,0,12,0,0.1328,108.96,0,0,1
1,16.9091,0,0,1,3,2,0.5075,4.3995,0,9,0,8,0,0.15,94.37,0,0,1
2,1.7251,0,1,1,2,2,0.6275,0.9434,0,4,0,3,0,0.3624,12.95,0,0,0
1,12.333,0,1,1,2,2,0.4736,1.3021,0,7,0,-3,0,0.008,21.74,0,0,0
2,-0.6022,0,0,1,3,1,0.6211,1.0756,1,6,1,1,2,0.3708,7.34,0,0,0
2,2.56,0,0,1,3,1,0.6308,1.1559,0,9,0,4,0,0.4202,9.26,0,0,0
2,14.2754,0,0,0,2,3,0.6283,1.0774,0,1,0,-14,0,0.2069,16.35,0,0,0
2,3.1622,0,0,1,1,1,0.5517,0.8264,0,8,0,6,0,0.5427,10.07,0,0,0
1,0.2326,0,1,1,3,1,0.4875,4.4803,0,0,0,-2,0,0.0005,94.16,0,0,1
2,2.2053,0,0,1,2,2,0.5689,1.1166,0,4,0,-3,0,0.3949,8.32,0,0,0
2,-2.2053,0,0,1,2,2,0.6078,2.2547,1,1,0,-3,2,0.3346,44.6,0,0,0
2,-2.8324,0,0,0,1,2,0.5583,1.0865,1,2,0,-11,2,0.1872,10.18,0,0,0
2,25.661,0,0,1,2,2,0.5625,0.9917,0,7,0,7,0,0.0702,7.91,0,0,0
2,3.1622,0,0,1,2,1,0.58,0.7945,0,1,0,-16,0,0.5244,9.3,0,0,1
2,-2.8324,0,0,0,2,3,0.62,1.1664,1,1,0,-8,2,0.2883,12.1,0,0,0
2,0.9894,0,0,0,1,3,0.6019,1.0426,0,8,0,-1,0,0.1622,15.51,0,0,0
2,-0.6022,0,0,1,2,1,0.6278,0.966,1,1,0,-7,2,0.3127,4.71,0,0,0
2,16.399,0,0,0,2,3,0.6189,0.8753,0,10,0,10,0,0.3292,11.32,0,0,0
2,0.0,1,0,0,2,3,0.6028,1.1446,0,7,1,4,0,0.2596,11.58,0,0,0
2,0.9645,0,0,1,3,3,0.6242,1.1889,0,0,0,0,0,0.317,12.64,0,0,1
3,-2.8324,0,0,1,3,2,0.685,0.9069,2,0,0,-7,6,0.8693,5.87,0,0,0
2,-2.8324,0,0,1,3,2,0.5931,0.9497,1,0,0,-4,2,0.0175,6.9,0,0,0
2,-1.3953,0,0,1,3,3,0.5111,1.0073,1,0,0,0,2,0.0899,8.28,0,0,0
2,14.7711,0,0,1,3,3,0.5375,0.9994,1,0,0,-3,2,0.0798,8.09,0,0,0
3,0.0,1,0,1,3,2,0.6625,0.7677,1,0,0,-7,3,0.7736,2.53,0,1,0
2,-1.3953,0,0,1,3,1,0.5713,1.0817,1,0,0,-8,2,0.1798,10.07,0,1,0
2,14.7711,0,1,1,3,1,0.5431,0.9981,0,0,0,-8,0,0.0777,8.06,0,0,0
3,1.2761,0,0,1,3,2,0.7433,0.8766,1,0,0,-13,3,0.8332,5.14,0,0,0
3,5.5522,0,0,1,3,3,0.7,0.8993,0,0,0,0,0,0.8603,5.69,0,0,0
2,17.2389,0,0,1,3,2,0.5319,0.9685,0,0,0,-7,0,0.041,7.35,0,0,0
2,17.4833,0,0,1,3,3,0.5783,14.4997,0,0,0,0,0,0.5255,240.0,0,0,1
2,11.5138,0,0,1,3,2,0.5583,1.032,0,0,0,-1,0,0.1202,8.87,0,0,0
2,17.2389,0,0,1,2,1,0.6176,1.1379,1,1,0,-4,2,0.2511,11.42,0,1,0
2,-13.7036,0,1,1,2,2,0.6167,13.06,1,1,0,0,2,0.2923,240.0,0,0,0
3,2.7432,0,1,1,3,2,0.6942,0.9022,1,0,0,-10,3,0.864,5.76,0,0,0
3,12.3081,0,0,1,2,1,0.7117,0.894,1,1,0,-7,3,0.8528,5.56,0,1,0
2,-2.8324,0,0,1,2,2,0.61,1.1704,1,1,0,-3,2,0.2931,12.2,0,0,0
2,1.2761,0,0,1,2,1,0.6208,3.3955,0,1,0,-13,0,0.4267,65.6,0,0,0
3,-0.0248,0,1,1,2,1,0.6292,0.9349,0,1,0,-7,0,0.9049,6.54,0,0,0
2,6.1193,0,0,1,2,2,0.6022,1.1734,0,1,0,1,0,0.2968,12.27,0,0,0
2,6.2202,0,1,1,2,1,0.6204,1.0586,0,1,0,-1,0,0.1516,9.51,0,0,0
3,10.8712,1,1,1,2,1,0.6792,0.9103,0,1,0,-1,0,0.873,5.95,0,0,0
2,0.9645,0,0,0,2,3,0.5444,1.0361,1,1,0,-5,2,0.1255,8.97,0,1,0
3,-2.8324,0,0,0,2,3,0.6708,0.9142,2,1,0,-2,6,0.8783,6.05,0,0,0
2,1.5514,0,0,0,2,3,0.5907,1.0724,0,1,0,-2,0,0.1686,9.84,0,0,0
2,10.8712,1,1,1,2,1,0.5403,1.0376,0,1,0,-1,0,0.1271,9.01,0,0,0
2,-1.3953,0,0,1,2,2,0.563,2.1225,1,1,0,0,2,0.259,35.04,0,0,0
2,10.8712,1,1,1,2,1,0.5472,0.9972,0,1,0,-1,0,0.0761,8.04,0,0,0
2,0.0,1,1,1,2,1,0.5731,1.0812,0,1,0,-1,0,0.1787,10.05,0,0,0
2,-1.3953,0,0,1,2,1,0.6056,1.1238,0,1,0,-4,0,0.2335,11.08,1,0,0
2,16.5068,0,0,1,2,1,0.5639,3.1495,0,1,0,-1,0,0.2965,59.69,0,0,0
2,-2.2301,0,0,1,2,2,0.5944,1.1596,0,1,0,-12,0,0.2798,11.94,0,0,0
3,5.5522,0,0,1,2,1,0.6683,0.9147,1,1,0,-7,3,0.8799,6.06,0,1,0
2,-2.8324,0,0,1,2,2,0.5792,1.0252,1,1,0,-15,2,0.1122,8.71,0,0,0
2,6.6564,0,0,1,2,2,0.6289,1.9275,0,1,0,1,0,0.2147,30.37,0,0,0
2,-2.8324,0,0,1,2,2,0.6097,0.9776,1,1,0,-3,2,0.0521,7.57,0,0,0
2,1.5514,0,0,1,2,2,0.6056,2.2037,0,1,0,-3,0,0.2976,36.99,0,0,0
2,6.2202,0,1,1,2,2,0.5676,1.0834,0,1,0,0,0,0.1819,10.11,0,0,0
2,0.0,1,0,0,2,3,0.5519,1.0895,0,1,0,-5,0,0.191,10.25,0,0,0
1,16.5068,0,0,1,2,2,0.5189,3.8429,0,1,0,-15,0,0.1005,76.33,0,0,1
2,0.0,1,0,1,2,2,0.6083,1.0158,0,1,0,-6,0,0.1011,8.48,0,0,0
2,4.2566,0,0,1,2,1,0.5565,1.0872,1,1,0,1,2,0.1883,10.2,0,1,0
3,-2.2301,0,0,0,2,3,0.7158,0.8914,1,1,0,-2,3,0.8502,5.5,0,0,0
2,-2.8324,0,0,0,1,3,0.525,1.0035,2,2,0,-1,4,0.0846,8.19,0,1,0
2,1.5514,0,1,0,1,2,0.575,1.0268,0,2,0,1,0,0.1138,8.75,0,0,0
2,-1.3953,0,0,1,1,1,0.6122,1.1534,1,2,0,0,2,0.2713,11.79,0,0,0
3,-2.2301,0,1,1,1,1,0.7492,0.873,1,2,0,-9,3,0.8294,5.06,0,0,0
2,7.6047,0,0,1,1,1,0.5074,1.1107,0,2,0,2,0,0.216,10.76,0,0,0
2,0.3298,0,0,0,1,2,0.6181,0.9753,0,2,1,-2,0,0.0489,7.51,0,0,0
2,-2.8324,0,1,0,1,3,0.5153,1.0063,2,2,2,2,4,0.0883,8.26,0,1,0
2,-2.8324,0,0,1,1,1,0.5972,1.0695,1,2,0,-3,2,0.1649,9.77,0,0,0
2,1.2761,0,1,0,1,2,0.6176,1.0601,0,2,0,1,0,0.1532,9.55,0,0,0
2,-2.8324,0,0,1,1,1,0.5486,0.9965,2,2,0,-15,4,0.0755,8.02,0,1,0
2,14.7711,0,0,0,1,2,0.5444,0.9644,0,2,0,1,0,0.0362,7.25,0,0,0
2,-0.0248,0,1,0,1,3,0.6211,1.1501,0,2,0,-4,0,0.267,11.71,0,0,0
2,22.3639,0,0,0,1,2,0.5935,1.1292,0,2,0,2,0,0.2404,11.21,0,0,0
2,1.5514,0,1,0,1,3,0.6111,1.0632,0,2,0,2,0,0.1569,9.62,0,0,0
2,-2.8324,0,0,1,1,1,0.5608,3.6485,1,2,0,-6,2,0.5368,71.67,0,1,2
2,-2.8324,0,0,0,1,3,0.6139,1.1399,1,2,0,-7,2,0.2532,11.46,0,0,0
1,19.3376,0,0,1,3,2,0.5125,1.2516,0,3,0,2,0,0.0016,14.14,0,0,1
2,1.5514,0,0,1,3,2,0.62,1.1927,1,3,1,-4,2,0.3197,12.73,0,1,1
1,-2.2301,0,1,1,3,1,0.5056,3.8857,1,3,1,1,1,0.129,77.36,0,1,2
2,-2.8324,0,0,1,3,1,0.6139,1.1199,1,3,0,-8,2,0.2287,10.98,0,0,0
2,2.5106,0,0,1,3,2,0.5361,1.0001,1,3,0,-1,2,0.0803,8.11,0,1,0
2,-2.2301,0,1,1,3,3,0.5878,1.162,1,3,1,3,2,0.283,11.99,0,1,0
2,-2.8324,0,0,1,3,1,0.6033,1.1565,2,3,0,-11,4,0.2755,11.86,0,1,0
2,2.5106,0,0,1,3,1,0.5347,1.0398,0,3,0,-8,0,0.1293,9.06,0,0,0
3,0.0,1,0,1,3,3,0.6458,0.9263,0,3,0,-3,0,0.8943,6.34,0,0,0
2,-1.3953,0,0,1,3,3,0.5236,0.9715,1,3,0,0,2,0.0441,7.42,0,1,0
2,14.7711,0,0,1,2,2,0.4958,1.0118,1,4,0,-3,2,0.0957,8.39,0,1,0
3,-2.8324,0,0,0,2,3,0.6325,0.9334,1,4,0,-2,3,0.9028,6.51,0,0,0
2,11.5138,0,0,1,2,2,0.6213,1.136,0,4,0,-9,0,0.2489,11.37,0,0,0
2,1.5514,0,0,1,2,2,0.6289,1.959,0,4,0,3,0,0.2149,31.12,0,0,0
2,6.4617,0,0,1,2,1,0.6267,1.0617,0,4,0,4,0,0.1553,9.59,0,0,1
2,0.0,1,0,0,2,3,0.5125,1.047,0,4,1,4,0,0.1378,9.23,0,0,0
3,15.8162,0,0,1,2,2,0.64,0.9296,0,4,0,3,0,0.898,6.42,0,0,0
2,-2.8324,0,0,0,2,3,0.5792,0.9869,1,4,1,1,2,0.0638,7.79,0,0,0
3,12.3081,0,0,1,2,2,0.6517,0.9232,0,4,0,-9,0,0.8905,6.26,0,0,0
1,12.3081,0,0,1,2,2,0.4875,1.0548,0,4,0,-6,0,0.0005,9.42,0,0,1
3,-2.8324,0,0,1,2,2,0.7325,0.8822,2,4,0,-6,6,0.8401,5.28,0,1,0
2,22.1143,0,0,1,2,2,0.5963,1.1472,0,4,1,4,0,0.2633,11.64,0,0,0
2,-1.3953,0,0,0,2,3,0.6157,1.1191,1,4,1,4,2,0.2277,10.96,0,0,0
2,-0.0248,0,0,1,2,1,0.6333,2.0183,0,4,0,-4,0,0.2182,32.54,0,0,0
2,-2.8324,0,0,0,1,2,0.4917,1.0537,1,5,1,1,2,0.1457,9.39,0,0,0
3,-2.8324,0,0,0,1,2,0.6808,0.9094,1,5,1,4,3,0.8719,5.93,0,0,0
1,11.5138,0,0,0,1,3,0.5148,3.8365,0,5,0,-1,0,0.0962,76.18,0,0,1
2,6.2202,0,0,0,1,2,0.4958,1.0523,0,5,0,4,0,0.1441,9.36,0,0,0
2,0.9645,0,0,0,1,2,0.5176,1.106,0,5,0,-8,0,0.2106,10.65,0,0,0
2,7.1428,0,0,0,1,3,0.5264,0.9709,0,5,0,5,0,0.0431,7.41,0,0,0
2,-2.2301,0,1,0,1,3,0.5352,1.0975,1,5,1,5,2,0.2005,10.45,0,0,0
2,4.945,0,0,0,1,2,0.6117,14.462,0,5,0,-8,0,0.504,240.0,0,0,1
2,10.8712,1,1,0,1,2,0.5333,1.0982,0,5,0,1,0,0.2016,10.46,0,0,0
3,-2.8324,0,0,0,1,3,0.6817,0.9086,1,5,0,-1,3,0.8714,5.91,0,0,0
2,0.0,1,0,1,1,1,0.5972,1.1275,0,5,1,3,0,0.2383,11.17,0,0,0
2,25.7539,0,0,0,1,2,0.6078,1.086,0,14,0,14,0,0.3767,7.59,0,0,0
2,10.4641,0,0,1,3,1,0.6111,2.0455,1,6,1,6,2,0.2317,39.58,0,1,0
2,-2.8324,0,0,0,1,2,0.6042,0.9467,1,5,1,1,2,0.0133,6.83,0,0,0
2,-0.0248,0,0,0,1,2,0.5667,0.9582,0,5,0,-2,0,0.0277,7.1,0,0,0
3,-2.8075,0,1,1,3,3,0.8017,0.7868,1,6,1,6,3,0.7965,9.37,0,0,0
2,0.3298,0,0,1,1,1,0.6267,0.9528,0,5,0,3,0,0.0218,6.97,0,0,1
2,6.2502,0,0,1,1,1,0.6009,1.0677,0,5,0,5,0,0.1628,9.73,0,0,0
2,14.7959,1,1,1,3,1,0.6117,1.1576,0,6,0,-2,0,0.308,18.27,0,0,1
2,-1.3705,0,0,1,3,2,0.6181,0.9166,1,6,1,2,2,0.008,12.49,0,0,0
2,-2.8075,0,0,1,3,3,0.6189,1.126,1,6,0,-3,2,0.2681,17.51,0,0,0
2,1.301,0,0,1,3,1,0.4944,0.9878,0,6,0,-11,0,0.0963,14.2,0,0,0
2,-2.8324,0,0,1,1,1,0.5569,0.9616,1,5,1,3,2,0.0314,7.18,0,0,0
2,0.3298,0,0,1,3,2,0.6178,1.151,0,6,1,5,0,0.2686,11.73,0,0,0
2,-1.3953,0,0,1,3,2,0.6275,1.1744,1,6,0,-4,2,0.2979,12.29,0,0,0
2,0.0248,0,0,1,3,3,0.6292,2.3122,0,6,1,3,0,0.3613,45.98,0,0,0
3,-2.8075,0,0,1,3,2,0.7567,0.8416,1,6,0,-7,3,0.8247,10.69,0,0,0
3,-2.2301,0,0,1,3,2,0.6617,0.9179,1,6,0,-7,3,0.8842,6.13,0,0,0
2,-1.3705,0,0,1,3,1,0.59,1.1364,1,6,1,1,2,0.2819,17.76,0,0,0
2,1.301,0,1,1,3,2,0.538,1.0711,1,6,1,5,2,0.1989,16.2,0,1,0
2,-2.8324,0,0,1,3,2,0.5157,1.1067,1,6,2,2,2,0.2117,10.67,0,0,0
2,1.5514,0,0,1,3,3,0.6019,1.1252,0,6,0,6,0,0.2356,11.11,1,0,0
3,13.8482,0,0,1,3,3,0.735,0.8557,0,6,0,6,0,0.8385,11.03,0,0,0
3,8.4423,0,0,1,3,2,0.695,0.8772,0,6,0,6,0,0.8634,11.54,0,0,0
3,17.2389,0,0,1,3,3,0.6767,0.9111,1,6,1,3,3,0.8746,5.97,0,1,0
3,-2.8075,0,0,1,3,1,0.7317,0.8581,1,6,0,-2,3,0.8406,11.08,0,0,0
2,1.5514,0,1,0,2,3,0.625,1.1151,0,7,0,1,0,0.2223,10.87,0,0,0
2,19.3376,0,0,1,2,1,0.5083,1.8306,0,7,0,-1,0,0.2105,28.04,0,0,0
2,-2.2301,0,0,1,2,1,0.6167,1.1798,1,7,1,5,2,0.3048,12.42,0,0,1
2,3.1622,0,0,0,1,2,0.6292,0.7389,0,8,0,7,0,0.4927,7.97,0,0,1
2,2.5354,0,0,1,3,2,0.5389,0.9744,0,6,0,-4,0,0.0793,13.87,0,0,0
2,0.9894,0,0,1,3,1,0.6233,1.1405,0,6,0,-2,0,0.2867,17.86,0,0,0
3,-2.8075,0,1,1,3,1,0.63,0.7827,1,6,1,4,3,0.7944,9.28,0,0,0
2,1.5514,0,0,0,2,3,0.6042,1.1859,1,7,2,7,2,0.3128,12.57,0,0,1
3,0.0248,0,0,1,3,2,0.6867,0.7169,1,6,2,-1,3,0.7582,7.7,0,0,1
2,0.0,1,0,0,2,3,0.5528,0.962,0,7,2,4,0,0.033,7.19,0,0,1
3,10.8712,1,0,1,2,1,0.6475,0.7845,0,7,0,5,0,0.7832,2.93,0,0,0
2,0.3298,0,0,1,2,1,0.5241,1.103,0,7,0,-4,0,0.2069,10.58,0,0,0
3,2.7681,0,1,1,2,2,0.7533,0.8446,0,7,0,-3,0,0.8268,10.76,0,0,0
2,11.5387,0,0,1,2,2,0.5028,1.025,0,7,0,-3,0,0.1415,15.09,0,0,0
3,-2.8075,0,0,1,1,1,0.6825,0.7198,1,2,0,0,3,0.7609,7.76,0,0,0
2,-2.8324,0,0,1,2,2,0.5083,1.0484,1,7,1,6,2,0.1394,9.27,0,0,0
3,-2.8075,0,0,1,2,1,0.6833,0.7187,1,7,1,2,3,0.7604,7.74,0,0,0
2,-2.8324,0,0,0,2,3,0.5514,1.0344,1,7,0,-2,2,0.1229,8.93,0,0,0
3,0.9894,0,0,1,2,2,0.6875,0.8815,1,7,1,6,3,0.8677,11.64,0,0,0
2,11.5138,0,0,1,2,2,0.6069,0.9785,0,7,0,6,0,0.0532,7.59,0,0,1
2,17.2638,0,0,1,2,1,0.6185,1.1127,0,7,0,5,0,0.2505,17.19,0,0,0
2,-2.8075,0,0,1,2,2,0.6083,0.9528,1,7,0,0,2,0.0527,13.36,0,0,0
2,0.0,1,0,0,2,3,0.6264,0.9145,1,7,2,7,2,0.0048,12.44,0,0,0
2,11.5138,0,1,1,2,1,0.6322,1.8603,0,7,0,-7,0,0.2126,28.75,0,0,0
2,10.5697,0,0,1,2,1,0.5167,1.0815,0,7,0,7,0,0.2112,16.45,0,0,0
2,-2.8075,0,1,1,2,2,0.6178,2.2458,1,7,1,6,2,0.3298,44.39,0,0,0
2,-2.8324,0,0,0,1,2,0.6267,0.945,1,8,1,4,2,0.0122,6.79,0,0,1
2,1.301,0,0,1,2,2,0.6133,1.1565,0,7,0,-6,0,0.3069,18.25,0,0,1
3,2.7681,0,1,0,2,3,0.6792,0.7238,0,7,1,-2,0,0.763,7.86,0,0,0
3,-17.0012,0,0,0,2,3,0.7408,15.1712,3,7,3,4,9,0.7282,240.0,0,2,0
2,19.3376,0,0,0,1,2,0.4986,1.0112,0,8,0,-2,0,0.0947,8.38,0,0,0
2,0.0248,0,0,0,2,3,0.6028,2.184,0,7,1,1,0,0.2993,42.91,0,0,0
2,-1.3953,0,0,0,1,2,0.5208,1.0047,1,8,1,4,2,0.0862,8.22,0,0,0
3,-14.7959,1,0,1,2,1,0.7308,15.1858,3,7,2,5,9,0.7346,240.0,0,0,0
2,-1.3953,0,0,1,1,1,0.6225,1.1906,1,8,1,3,2,0.3181,12.68,0,0,1
1,7.1588,0,0,0,1,2,0.5142,4.0269,0,8,0,8,0,0.1446,80.75,0,0,2
2,-2.8075,0,0,1,2,2,0.5458,0.9393,1,7,0,-9,2,0.0356,13.03,0,0,0
2,14.2505,0,0,0,1,2,0.5528,1.0335,0,8,0,-2,0,0.1223,8.91,0,0,0
2,-2.8324,0,0,0,1,3,0.6283,0.9195,1,8,1,8,2,0.0005,6.17,0,0,1
2,20.0295,0,1,1,2,1,0.6102,1.1162,0,7,0,-7,0,0.2553,17.28,0,0,0
3,20.0046,0,0,1,1,1,0.6725,0.9135,0,8,0,6,0,0.8773,6.03,1,0,0
2,13.8482,0,0,1,2,2,0.6269,1.1095,0,7,0,6,0,0.2457,17.12,0,0,0
2,11.5138,0,0,1,1,1,0.5898,1.0733,0,8,0,-3,0,0.1691,9.86,0,0,0
2,10.896,0,0,0,2,3,0.6194,1.0344,0,7,0,1,0,0.1521,15.31,0,0,0
3,-2.8075,0,0,1,2,1,0.7442,0.8505,1,7,1,2,3,0.8326,10.9,0,0,0
2,1.2761,0,0,0,1,2,0.6208,0.9746,0,8,0,-2,0,0.0479,7.5,0,0,0
2,14.4412,0,0,1,3,2,0.6208,0.8155,1,15,1,8,2,0.0005,8.35,0,1,0
2,12.3081,0,0,1,3,1,0.6,1.2453,0,6,0,-8,0,0.3319,13.99,0,0,1
3,0.0,1,0,1,2,2,0.8025,0.7857,0,7,1,6,0,0.796,9.35,0,0,0
2,-2.8324,0,0,1,1,1,0.6028,1.0672,1,8,1,3,2,0.1617,9.72,0,0,0
2,21.2224,0,0,1,2,1,0.6211,1.1412,0,7,0,7,0,0.2878,17.88,0,0,0
2,-1.3953,0,1,1,1,1,0.5942,3.4223,1,8,1,6,2,0.4438,66.24,0,1,3
2,2.7432,0,0,0,1,2,0.6256,1.0918,0,8,0,-2,0,0.1947,10.31,0,0,0
3,-2.8075,0,0,1,2,2,0.6658,0.7381,2,7,0,-3,6,0.7715,8.2,0,0,0
2,14.2505,0,0,0,1,3,0.6042,1.2052,0,8,0,5,0,0.3298,13.03,0,0,1
2,6.245,0,1,1,2,2,0.605,1.1608,1,7,1,6,2,0.3122,18.35,0,1,1
2,2.7681,0,1,0,2,3,0.6111,0.9189,0,7,0,-2,0,0.0106,12.54,0,0,0
2,13.2564,0,0,1,2,1,0.5806,1.0002,0,7,0,7,0,0.1117,14.5,0,0,0
3,11.5387,0,0,1,2,1,0.6733,0.7303,0,7,1,-7,0,0.7667,8.02,0,0,0
3,0.0248,0,1,1,2,1,0.7933,0.7979,0,7,1,5,0,0.8018,9.64,0,0,0
1,-2.2053,0,0,1,2,1,0.6025,2.7305,1,7,0,-7,1,0.0037,56.02,0,0,2
3,-1.3705,0,0,1,2,1,0.6908,0.7124,1,7,1,5,3,0.7556,7.59,0,0,0
2,16.5316,0,0,1,2,2,0.5833,1.1393,0,7,1,6,0,0.2851,17.83,0,0,0
2,11.5387,0,0,1,2,2,0.5764,0.9629,0,7,0,-6,0,0.0649,13.6,0,0,0
2,-2.8075,0,0,1,2,1,0.6167,0.9505,1,7,0,-4,2,0.0495,13.3,0,0,0
3,1.5763,0,0,1,2,2,0.6817,0.7206,0,7,0,3,0,0.7614,7.78,0,0,0
2,1.5595,0,0,0,2,3,0.6176,2.0388,0,7,0,7,0,0.2279,39.42,0,0,0
3,0.0,1,1,0,2,3,0.73,0.8589,0,7,1,1,0,0.8417,11.1,0,0,1
2,-4.7685,0,0,0,2,3,0.5398,16.9216,2,7,1,7,4,0.2723,240.0,0,2,0
2,0.9463,0,0,1,2,1,0.6037,1.4737,0,7,0,-1,0,0.259,24.15,0,0,0
2,1.301,0,0,1,2,1,0.5653,0.934,0,7,0,-10,0,0.0282,12.9,0,0,0
2,2.5106,0,0,0,2,3,0.5667,1.029,0,1,0,-5,0,0.117,8.8,0,0,0
2,12.333,0,0,1,2,2,0.587,2.0721,0,7,0,0,0,0.2456,40.22,0,0,0
3,0.0248,0,0,1,2,1,0.7525,0.8453,0,7,0,-1,0,0.8273,10.78,0,0,0
2,0.9894,0,0,1,2,1,0.6093,1.0971,0,7,0,-7,0,0.2314,16.82,0,0,0
3,0.0248,0,0,1,2,1,0.7067,0.8714,1,7,1,-1,3,0.856,11.4,0,0,0
1,14.2754,0,1,1,2,1,0.52,4.2488,0,7,0,-4,0,0.1661,92.46,0,0,2
2,-2.8075,0,0,1,2,2,0.6204,0.8158,1,7,0,-6,2,0.0005,10.07,0,0,0
2,10.896,0,0,0,2,3,0.6204,2.0361,0,7,0,4,0,0.2263,39.36,0,0,0
2,12.333,0,0,0,2,3,0.5824,2.2127,0,7,0,1,0,0.311,43.59,0,0,0
3,0.0248,0,1,1,2,2,0.6792,0.725,0,7,1,6,0,0.763,7.89,0,0,0
2,1.651,0,0,1,2,1,0.5958,0.9237,0,7,0,7,0,0.0165,12.66,0,0,0
2,23.8073,0,0,1,2,1,0.5264,0.9783,0,7,0,7,0,0.084,13.97,0,0,0
2,-4.2761,0,0,1,3,1,0.6383,8.8875,1,0,0,-2,2,0.3885,203.71,0,0,1
3,0.0,1,1,0,1,2,0.635,0.7734,1,8,1,1,3,0.7912,9.05,0,1,1
2,12.333,0,0,0,1,3,0.5741,1.0559,0,8,0,8,0,0.1782,15.83,0,0,0
2,13.8482,0,0,0,1,3,0.5343,1.0731,0,8,0,-1,0,0.2011,16.24,0,0,0
3,0.0248,0,1,0,1,2,0.6392,0.9052,0,8,1,7,0,0.8985,12.21,0,0,1
2,2.5354,0,0,0,1,2,0.6074,1.0981,1,8,1,7,2,0.2324,16.84,0,0,0
1,20.0295,0,0,0,1,3,0.5176,3.7331,0,8,0,8,0,0.0451,80.08,0,0,1
2,0.0,1,1,0,1,3,0.5787,2.215,0,8,1,2,0,0.3132,43.65,0,0,1
3,0.0,1,0,0,1,2,0.7333,0.857,0,8,1,7,0,0.8395,11.06,0,0,1
2,0.3547,0,0,0,1,2,0.5944,0.957,0,8,0,4,0,0.058,13.46,0,0,0
2,5.5771,0,0,0,1,2,0.5544,3.2421,0,8,0,4,0,0.3471,68.3,0,0,0
3,0.0248,0,0,1,1,1,0.7675,0.8291,0,8,0,0,0,0.8177,10.39,1,0,0
3,10.896,0,0,0,1,3,0.6758,0.8865,0,8,1,2,0,0.8751,11.77,0,0,1
3,6.245,0,1,0,1,2,0.6708,0.7324,0,8,0,7,0,0.7683,8.07,0,0,0
2,-2.8075,0,0,1,1,1,0.5778,2.2158,1,8,0,0,2,0.3137,43.67,0,0,0
2,-2.8075,0,1,0,1,3,0.6315,2.0105,1,8,1,8,2,0.2199,38.74,0,0,0
1,20.0713,0,0,1,3,2,0.5083,0.8786,0,12,0,5,0,0.0172,11.32,0,0,2
3,-2.8075,0,0,0,1,2,0.6317,0.9093,1,8,2,4,3,0.9033,12.31,0,0,0
2,17.325,0,0,1,1,1,0.6167,1.1135,0,8,0,8,0,0.2516,17.21,0,0,0
2,19.3624,0,0,0,1,3,0.6153,0.9175,0,8,0,5,0,0.009,12.51,0,0,0
3,20.1398,0,0,0,1,2,0.6667,0.7372,0,8,0,8,0,0.771,8.18,0,0,0
2,1.301,0,0,0,1,2,0.5861,0.9981,0,8,0,-8,0,0.1096,14.44,0,0,0
3,19.3624,0,0,0,1,2,0.7833,0.8103,0,8,0,-5,0,0.8082,9.94,0,0,0
2,19.4691,0,0,1,1,1,0.54,1.0481,0,5,0,3,0,0.3541,6.68,0,0,1
3,-2.8075,0,0,1,1,1,0.6517,0.7557,1,8,1,3,3,0.7806,8.63,0,0,0
2,0.3547,0,0,1,1,1,0.6111,1.1455,1,8,1,3,2,0.2926,17.98,0,0,0
2,17.2638,0,0,1,1,1,0.6217,2.3198,0,8,0,6,0,0.3656,46.17,0,0,1
3,0.0248,0,1,0,1,3,0.775,0.8207,0,8,1,8,0,0.813,10.19,0,0,0
2,-2.2053,0,0,0,1,2,0.6067,1.1464,1,8,1,7,2,0.2947,18.0,0,0,0
2,11.5387,0,0,0,1,3,0.5622,3.325,0,8,0,-1,0,0.3982,70.29,0,0,0
3,-2.2053,0,0,0,1,2,0.6583,0.7477,1,8,1,4,3,0.7763,8.44,0,0,0
2,6.245,0,1,1,1,1,0.5097,0.9828,0,8,0,6,0,0.0904,14.08,0,0,0
2,21.8169,0,0,0,1,2,0.4944,1.0278,1,8,1,8,2,0.1447,15.16,0,1,0
3,-1.3705,0,0,0,1,3,0.6967,0.8765,1,8,1,5,3,0.8624,11.53,0,0,0
1,-2.8075,0,0,1,3,1,0.5852,1.3212,1,0,0,-2,1,0.0112,22.2,0,0,1
2,16.5316,0,0,1,3,1,0.6241,1.1103,0,0,0,-11,0,0.2473,17.14,0,0,0
2,-2.8075,0,0,1,3,2,0.638,1.9706,1,0,0,-7,2,0.216,37.78,0,0,0
3,14.7959,1,0,1,3,3,0.7125,0.8684,0,0,0,-6,0,0.8523,11.33,0,0,1
3,-2.8075,0,0,1,3,1,0.7925,0.7992,1,0,0,-5,3,0.8023,9.67,0,0,0
3,-2.8075,0,0,1,3,1,0.7025,0.8736,1,0,0,-11,3,0.8587,11.46,0,0,0
2,-2.8075,0,0,1,3,3,0.5787,1.0536,1,0,0,0,2,0.1755,15.78,0,0,0
2,-2.8075,0,0,1,3,1,0.5306,1.0164,1,0,0,-5,2,0.1309,14.88,0,0,0
2,24.3059,0,1,0,1,2,0.5833,0.705,0,5,0,5,0,0.2477,7.23,0,0,0
3,1.301,0,0,1,2,1,0.7575,0.8405,0,1,0,-16,0,0.8241,10.66,0,0,1
2,0.0,1,1,0,2,3,0.613,1.0959,1,1,1,1,2,0.2293,16.79,0,0,1
2,0.9894,0,0,1,2,1,0.6148,1.095,0,1,0,-7,0,0.2282,16.77,1,0,1
1,1.3953,0,0,1,1,1,0.5058,2.6867,0,2,0,0,0,0.1505,54.79,0,0,2
2,6.245,0,0,1,2,1,0.588,1.1071,0,1,0,-16,0,0.2436,17.06,0,0,0
2,21.9185,0,0,1,3,2,0.5403,1.9632,0,12,0,12,0,0.0787,37.61,0,0,0
2,20.0295,0,0,1,2,2,0.5852,2.0737,0,1,0,-3,0,0.2467,40.26,0,0,0
1,0.0,1,0,1,3,3,0.4875,0.6028,0,9,1,9,0,0.0005,4.78,0,0,1
2,2.5354,0,0,1,2,2,0.6,1.0433,0,1,0,-3,0,0.1633,15.53,0,0,0
3,-0.3298,0,0,1,3,2,0.6883,0.7974,2,9,2,2,6,0.759,7.92,0,1,0
2,13.8482,0,0,1,2,2,0.5981,1.1022,0,1,0,0,0,0.2378,16.94,0,0,0
3,5.2224,0,0,1,3,3,0.7933,0.809,0,9,0,9,0,0.7663,8.2,0,0,1
3,-0.3547,0,1,1,3,1,0.6322,0.6004,1,9,1,1,3,0.6855,3.19,0,0,0
2,-18.0464,0,0,0,2,3,0.6022,16.973,2,4,2,4,4,0.2761,240.0,0,1,0
2,-2.8075,0,0,1,3,1,0.6256,1.0133,1,0,0,-5,2,0.1282,14.81,0,0,0
2,14.7959,1,0,1,2,1,0.5231,1.0784,0,1,0,-7,0,0.2074,16.37,0,0,0
2,6.245,0,0,1,2,2,0.5102,1.0848,0,1,0,-12,0,0.2144,16.52,0,0,0
2,0.0,1,1,0,2,3,0.5287,1.0751,0,1,1,1,0,0.2043,16.29,0,0,0
3,-0.3547,0,1,1,3,1,0.8017,0.6009,2,9,2,1,6,0.6861,3.2,0,0,0
2,0.9894,0,0,1,2,2,0.5722,1.0023,0,1,0,-6,0,0.1149,14.55,0,0,0
3,11.5387,0,0,1,2,2,0.6467,0.9014,2,1,0,-12,6,0.8937,12.12,0,0,0
1,11.5387,0,0,0,2,3,0.51,4.0082,0,1,0,1,0,0.1473,86.69,0,0,2
3,-2.8075,0,0,1,2,2,0.7633,0.8341,2,1,0,-15,6,0.8204,10.51,0,0,0
3,-3.1622,0,0,1,3,3,0.7758,1.1748,1,9,0,-3,3,0.8124,16.98,0,0,0
2,2.1808,0,0,1,3,2,0.6213,0.5776,1,9,1,8,2,0.0005,2.64,0,0,0
2,-2.8075,0,0,1,2,2,0.587,1.0497,1,1,0,-12,2,0.1707,15.68,1,0,0
3,19.0077,0,0,1,3,1,0.64,0.5937,0,9,0,-8,0,0.6818,3.03,0,0,0
1,19.3391,0,0,1,3,2,0.4958,0.9041,0,9,0,8,0,0.0312,11.93,0,0,1
2,16.5316,0,0,1,2,1,0.6014,0.9554,0,1,0,-16,0,0.0553,13.42,0,0,0
2,0.9463,0,0,1,2,2,0.6231,0.8149,1,10,0,-3,2,0.0005,8.34,0,0,0
2,1.301,0,0,1,2,2,0.5236,1.0188,0,1,0,-9,0,0.1335,14.94,0,0,0
3,-0.3547,0,1,1,2,2,0.7492,0.7205,1,10,1,3,3,0.7229,6.07,0,0,0
1,-2.8075,0,0,0,2,3,0.5306,3.2006,1,1,0,-5,1,0.0011,67.3,0,0,2
2,-0.3547,0,1,1,2,1,0.6185,0.586,2,10,1,2,4,0.0005,2.85,0,0,0
2,-2.8075,0,0,0,1,2,0.5852,1.0506,1,2,1,1,2,0.1718,15.7,0,0,0
3,0.6347,0,0,1,2,2,0.7242,0.7561,1,10,1,0,3,0.7383,6.93,0,1,0
2,0.9463,0,0,1,2,2,0.6222,0.7101,0,10,0,0,0,0.0005,5.83,0,0,0
2,-0.3547,0,1,0,2,3,0.6222,0.8252,2,10,2,4,4,0.0048,8.59,0,1,0
2,13.4935,0,0,0,2,3,0.6044,1.486,0,10,1,10,0,0.275,24.45,0,0,0
3,-0.3298,0,1,1,2,1,0.8017,0.6366,1,10,1,8,3,0.7034,4.06,0,0,0
3,-17.6034,0,0,0,1,3,0.7883,15.2552,2,2,0,-1,6,0.769,240.0,0,0,0
3,0.9463,0,0,0,2,3,0.7633,0.6898,0,10,1,-2,0,0.7137,5.34,0,0,0
3,1.2216,0,1,1,2,2,0.7683,0.6698,0,10,0,9,0,0.711,4.86,0,0,0
2,13.8482,0,0,0,1,3,0.6225,1.1525,2,2,1,2,4,0.3011,18.15,0,0,1
2,2.4134,0,0,1,2,2,0.6244,0.8307,1,10,0,6,2,0.008,8.72,0,0,0
2,-14.7711,0,0,0,1,2,0.6167,15.2694,2,2,2,1,4,0.0069,240.0,0,1,0
3,0.0,1,0,1,2,2,0.7808,0.6395,1,10,1,-3,3,0.7039,4.13,0,1,0
3,-0.3298,0,1,1,2,2,0.8033,0.5944,1,10,1,9,3,0.6829,3.05,0,0,0
2,-1.7251,0,0,0,2,3,0.6231,0.8326,2,10,2,10,4,0.0085,8.76,0,0,0
2,0.3547,0,0,0,1,2,0.6259,0.862,0,2,0,-8,0,0.0005,11.18,0,0,0
3,-2.56,0,0,1,2,1,0.6522,0.583,1,10,0,-4,3,0.676,2.77,0,0,0
2,-3.1622,0,1,1,2,2,0.6204,0.8537,1,10,1,9,2,0.0207,9.27,0,1,0
1,27.6665,0,0,1,2,1,0.52,4.2052,0,10,0,10,0,0.122,89.71,0,0,1
2,-14.7959,1,1,1,1,1,0.6025,17.1366,2,2,1,0,4,0.3779,240.0,0,1,1
2,2.4134,0,1,0,2,3,0.6278,0.6389,0,10,0,1,0,0.0005,4.12,0,0,0
2,11.184,0,0,0,2,3,0.6611,0.5093,0,10,0,1,0,0.0074,1.01,1,0,0
2,-2.8075,0,0,0,1,2,0.5444,0.9731,1,2,0,-5,2,0.0771,13.84,0,0,0
2,30.1107,0,0,1,1,1,0.5417,1.0125,0,2,0,2,0,0.1266,14.79,0,0,0
3,0.0,1,0,0,2,3,0.6278,0.6071,0,10,1,7,0,0.6877,3.35,0,0,0
2,20.9402,0,0,0,1,3,0.5708,0.964,0,2,0,2,0,0.067,13.62,0,0,0
3,0.0,1,0,0,2,3,0.6567,0.5789,0,10,1,7,0,0.6744,2.67,0,0,0
3,-2.8075,0,0,0,1,2,0.6808,0.722,1,2,0,-11,3,0.762,7.82,0,0,0
3,-2.2053,0,0,0,1,2,0.7883,0.8045,1,2,0,-11,3,0.805,9.8,0,0,0
2,2.4134,0,0,1,2,2,0.6231,0.7667,0,10,0,6,0,0.0005,7.18,0,0,0
3,-16.4807,0,0,1,2,2,0.6667,15.1662,3,10,3,3,9,0.881,240.0,0,2,0
2,1.5763,0,0,1,1,1,0.5759,2.2177,0,2,0,0,0,0.3148,43.72,0,0,0
3,22.1513,0,0,1,2,1,0.63,1.2646,1,10,1,10,3,0.9044,19.13,0,0,0
2,24.739,0,0,1,1,1,0.5653,1.0042,0,2,0,2,0,0.1176,14.59,0,0,0
2,-17.0829,0,0,1,2,2,0.6375,17.5066,2,10,2,6,4,0.3407,240.0,0,1,1
1,6.245,0,0,1,1,1,0.5185,2.8009,0,2,0,-3,0,0.0043,57.71,0,0,1
2,2.5354,0,0,1,3,2,0.6033,2.2586,0,3,0,2,0,0.3367,44.7,0,0,0
1,-2.8075,0,0,1,3,2,0.5194,3.0321,1,3,1,2,1,0.0016,63.26,0,0,1
2,11.184,0,0,1,2,2,0.6153,0.8379,0,10,1,9,0,0.0122,8.89,0,0,0
2,-1.9424,0,0,1,2,1,0.5875,15.2345,2,10,2,8,4,0.0606,240.0,0,2,0
3,-1.7251,0,0,1,2,2,0.7592,0.6975,1,10,1,3,3,0.7163,5.52,0,0,0
1,0.9463,0,0,1,2,1,0.5283,4.2465,0,10,0,-7,0,0.1296,90.7,0,0,2
2,16.9091,0,0,1,2,1,0.625,0.8567,1,10,1,5,2,0.0228,9.34,0,1,0
2,0.9894,0,0,1,3,3,0.6133,1.1444,0,3,0,0,0,0.2915,17.96,0,0,0
3,0.3547,0,0,1,3,1,0.655,0.7518,1,3,0,-8,3,0.7784,8.53,0,0,0
1,20.4978,0,0,1,1,1,0.5403,4.0183,0,11,0,11,0,0.0043,85.22,0,0,1
2,13.3884,0,0,1,3,1,0.6046,1.1186,0,3,0,3,0,0.2585,17.33,0,0,0
3,10.5414,0,0,0,1,2,0.8,0.8022,0,11,0,7,0,0.7626,8.04,0,0,0
3,5.8903,0,0,1,1,1,0.7558,0.7046,1,11,1,-3,3,0.7185,5.69,0,0,0
2,19.6748,0,1,0,1,2,0.6178,0.6081,0,11,0,-2,0,0.0005,3.38,0,0,0
2,5.8903,0,1,0,1,2,0.6139,0.8446,0,11,0,10,0,0.0165,9.05,0,0,0
3,-0.3547,0,1,1,1,1,0.8025,0.7788,2,11,2,3,6,0.7495,7.47,0,0,1
3,8.0876,0,0,0,1,2,0.8025,0.713,0,11,0,11,0,0.7204,5.89,0,0,0
2,5.8903,0,1,0,1,2,0.6194,0.7621,0,11,0,10,0,0.0005,7.07,0,0,0
2,0.0,1,0,0,1,3,0.6194,0.6745,0,11,1,11,0,0.0005,4.97,0,0,0
3,0.3547,0,0,1,2,1,0.6467,0.76,0,4,0,2,0,0.7837,8.73,1,0,0
3,-2.8075,0,0,1,2,2,0.6283,0.7849,2,4,0,-9,6,0.7954,9.33,0,1,0
2,19.0077,0,0,1,1,1,0.6194,0.7082,0,11,0,3,0,0.0005,5.78,0,0,0
3,11.885,0,0,0,2,3,0.6333,0.9084,0,4,0,4,0,0.9022,12.29,0,0,0
2,0.9894,0,0,1,2,2,0.5,1.0886,0,4,0,-6,0,0.2202,16.61,0,0,0
2,2.1808,0,0,0,1,2,0.6194,0.704,0,11,0,1,0,0.0005,5.68,0,0,0
3,-3.1622,0,1,1,1,1,0.7633,0.6884,1,11,1,9,3,0.7137,5.3,0,0,0
2,-2.8075,0,0,1,2,2,0.6111,1.1289,2,4,0,-12,4,0.2718,17.58,0,1,0
2,0.6022,0,0,1,3,1,0.5292,0.7264,0,3,0,-8,0,0.4858,7.67,0,0,0
3,0.0248,0,0,0,2,3,0.7408,0.8528,1,4,1,1,3,0.8348,10.96,0,0,0
2,-1.7251,0,0,0,1,3,0.6069,0.8356,1,11,1,11,2,0.0106,8.84,0,0,0
3,-2.56,0,1,0,1,2,0.8017,0.6154,1,11,1,1,3,0.6903,3.55,0,0,0
2,2.5354,0,0,0,1,2,0.6204,1.0927,0,5,0,-5,0,0.225,16.71,0,0,0
3,-2.8075,0,0,0,1,3,0.69,0.7137,1,5,1,-1,3,0.7561,7.62,0,0,0
3,29.4256,0,0,1,1,1,0.6917,0.7946,0,11,0,11,0,0.7569,7.85,0,0,0
3,13.4935,0,0,0,1,3,0.7733,0.654,0,11,0,2,0,0.7089,4.48,0,0,0
1,-3.1622,0,0,1,3,2,0.5275,4.2913,1,0,0,-1,1,0.1355,91.77,0,1,2
2,14.4412,0,0,1,3,3,0.6139,1.3445,0,0,0,-6,0,0.0989,21.05,0,0,0
3,0.6347,0,0,1,3,1,0.6267,0.6077,0,0,0,-5,0,0.6882,3.37,0,0,0
3,0.0,1,0,1,3,1,0.7958,0.6227,0,0,0,-11,0,0.694,3.73,0,0,0
2,11.5387,0,0,1,2,1,0.5639,0.9661,1,7,0,-4,2,0.0697,13.68,0,1,0
1,-2.56,0,0,1,3,3,0.5111,1.5817,1,0,0,-9,1,0.0021,26.74,0,1,1
2,19.6748,0,0,1,3,2,0.6231,0.7516,1,0,0,-13,2,0.0005,6.82,0,1,0
2,11.184,0,0,1,2,2,0.6241,0.5817,0,10,0,-3,0,0.0005,2.74,0,0,0
2,15.4864,0,0,1,3,1,0.6194,0.6716,0,0,0,-2,0,0.0005,4.9,0,0,0
2,-1.7251,0,0,1,3,2,0.7375,0.733,2,0,0,-10,4,0.0005,6.37,0,0,2
3,-0.3298,0,0,1,3,2,0.7725,0.6553,1,0,0,-1,3,0.7094,4.51,0,0,0
3,0.0,1,0,1,3,3,0.76,0.6927,1,0,0,-3,3,0.7158,5.41,0,0,0
2,-3.1622,0,0,1,3,1,0.6233,0.6849,2,0,0,-2,4,0.0005,5.22,0,2,0
2,14.2021,0,1,0,1,3,0.6242,0.9885,0,5,0,5,0,0.386,14.04,0,0,1
3,-14.2505,0,0,0,2,3,0.8008,15.0631,4,4,2,1,12,0.797,240.0,0,3,0
2,4.6545,0,1,1,3,3,0.6194,0.6916,1,0,0,0,2,0.0005,5.38,0,1,0
3,0.2326,0,0,1,2,1,0.765,3.3686,0,10,0,8,0,0.8193,67.48,0,0,0
3,-0.3298,0,0,1,2,1,0.8017,0.6022,2,1,0,-7,6,0.6866,3.24,0,0,0
2,19.0077,0,0,0,2,3,0.6306,0.7114,0,1,0,-11,0,0.0005,5.85,0,0,0
3,13.9207,1,0,1,2,1,0.6675,1.0911,0,1,0,-16,0,0.7705,14.97,0,0,0
3,0.0,1,0,0,2,3,0.6875,0.7981,2,1,1,-14,6,0.7596,7.94,0,0,0
2,0.0,1,0,1,2,2,0.6208,0.8258,1,1,1,-3,2,0.0053,8.6,0,1,0
2,-2.56,0,0,0,2,3,0.775,0.6462,1,1,1,1,2,0.0005,4.29,0,0,1
3,-2.56,0,1,0,2,3,0.66,0.5756,1,1,0,-2,3,0.6728,2.6,0,0,0
3,-2.56,0,0,1,2,2,0.7525,0.7162,1,1,0,0,3,0.7204,5.97,0,0,0
3,-0.3547,0,0,1,2,2,0.8025,0.6709,2,1,0,-6,6,0.711,4.88,0,0,0
2,0.0,1,1,0,2,3,0.7817,0.6359,1,1,1,1,2,0.0005,4.04,0,0,1
2,1.2216,0,0,0,2,3,0.6167,0.8422,0,1,0,-2,0,0.0149,9.0,0,0,0
3,-2.56,0,1,1,2,2,0.7175,0.7663,2,1,0,-3,6,0.742,7.17,0,1,0
2,-0.3298,0,0,1,2,2,0.5125,1.337,1,1,0,-3,2,0.0894,20.87,0,1,1
3,2.1808,0,1,0,2,3,0.6578,0.5769,2,1,1,-8,6,0.6739,2.63,0,1,0
2,11.9783,0,0,0,2,3,0.6185,0.5824,0,1,0,1,0,0.0005,2.76,0,0,0
2,1.2216,0,0,0,2,3,0.6231,0.7157,1,1,0,1,2,0.0005,5.96,0,0,0
1,1.2216,0,0,1,2,1,0.5208,4.3295,0,1,0,-4,0,0.1403,92.69,0,0,2
3,-2.56,0,1,1,2,2,0.785,0.6336,1,1,0,-3,3,0.7013,3.99,0,0,0
1,4.9441,0,0,1,3,2,0.5192,5.2827,0,3,0,-1,0,0.1414,110.45,0,0,2
3,5.2224,0,0,1,2,1,0.7875,0.8143,1,1,0,-7,3,0.7695,8.33,0,1,0
3,-0.3298,0,0,1,2,2,0.6992,0.7855,2,1,0,-6,6,0.7521,7.63,0,0,0
3,0.6347,0,0,1,2,2,0.7508,0.7197,0,1,0,-12,0,0.7219,6.05,0,0,0
2,1.2761,0,1,1,1,1,0.5375,1.0391,0,2,0,0,0,0.1282,9.04,0,0,0
2,6.5123,0,0,1,2,1,0.5796,2.2148,0,7,0,7,0,0.3126,43.64,0,0,0
3,19.6748,0,0,1,2,2,0.7208,0.7615,0,1,0,-9,0,0.7399,7.06,0,0,0
1,5.8903,0,0,1,2,1,0.5833,1.7041,1,1,0,-1,1,0.0138,29.68,0,1,1
3,-2.56,0,1,1,1,1,0.63,0.603,1,2,0,-3,3,0.6866,3.25,0,0,0
2,-2.56,0,0,1,1,1,0.6258,2.7119,2,2,0,-9,4,0.3849,53.87,0,2,2
3,-0.3298,0,0,0,1,2,0.7275,0.7493,1,2,0,-2,3,0.7362,6.76,0,0,0
2,-1.7251,0,0,0,1,2,0.6213,0.8531,1,2,1,1,2,0.0202,9.26,0,0,0
2,11.184,0,0,0,1,2,0.6222,0.8547,1,2,0,-2,2,0.0218,9.29,0,1,0
2,27.1628,0,0,1,2,1,0.6258,1.175,0,7,1,7,0,0.2989,12.31,0,0,1
3,-0.3547,0,0,1,1,1,0.7858,0.8175,1,2,0,-6,3,0.7706,8.4,0,0,1
3,-2.56,0,0,1,1,1,0.7467,0.7233,1,2,0,-9,3,0.7245,6.14,0,0,0
3,-0.3298,0,0,0,1,2,0.71,0.7729,2,2,1,-2,6,0.7468,7.33,0,1,0
3,-0.3547,0,0,1,1,1,0.7892,0.8131,1,2,0,-6,3,0.769,8.3,0,0,0
1,19.6748,0,1,0,1,3,0.5067,4.4097,0,2,0,2,0,0.1505,94.61,0,0,2
1,14.3462,0,0,1,2,2,0.5278,0.8644,0,16,0,3,0,0.0091,10.98,0,0,1
3,-2.56,0,0,0,1,3,0.78,0.6421,1,2,1,2,3,0.7044,4.19,0,0,0
3,5.2224,0,1,0,1,3,0.7133,0.7697,0,2,0,-1,0,0.7447,7.25,0,0,0
3,-3.1622,0,0,0,1,2,0.7742,0.6488,2,2,0,-8,6,0.7084,4.35,0,0,0
2,-3.1622,0,0,0,1,2,0.6185,0.5998,1,2,0,-11,2,0.0005,3.18,0,0,0
2,0.9463,0,1,1,1,1,0.6204,0.8601,1,2,1,-15,2,0.025,9.43,0,0,0
1,7.848,0,0,0,1,3,0.5042,4.713,0,2,0,2,0,0.1774,101.89,0,0,2
2,-3.1622,0,0,1,1,1,0.62,0.7359,1,2,0,-12,2,0.0005,6.44,0,0,0
3,0.0,1,1,1,1,1,0.7792,0.6427,1,2,0,0,3,0.705,4.21,1,1,0
2,-0.3298,0,0,0,1,3,0.6194,0.7986,1,2,1,2,2,0.0005,7.95,0,1,0
2,-1.7251,0,1,1,1,1,0.62,0.7227,1,2,0,-3,2,0.0005,6.13,0,0,0
2,-1.7251,0,1,0,1,3,0.635,3.8942,1,2,0,-1,2,0.489,82.24,0,0,2
2,23.4526,0,0,1,1,1,0.6194,0.5889,0,2,0,2,0,0.0005,2.92,0,0,0
3,-2.2053,0,0,0,1,2,0.6642,0.8918,2,5,2,1,6,0.8826,11.89,0,0,0
2,1.5657,0,0,1,3,1,0.6,16.5357,1,3,1,-2,2,0.3383,240.0,0,1,0
2,-0.3298,0,0,1,3,1,0.6194,0.7054,1,3,0,-2,2,0.0005,5.71,0,0,0
2,0.0,1,1,1,3,1,0.62,0.7258,0,3,0,-2,0,0.0005,6.2,0,0,0
2,16.9091,0,0,1,3,1,0.512,2.1422,0,3,0,1,0,0.2083,40.2,0,0,1
3,0.6347,0,0,1,3,2,0.7942,0.8079,1,3,0,-1,3,0.7658,8.17,0,0,0
2,0.0,1,0,1,3,3,0.6306,0.6969,1,3,0,-12,2,0.0005,5.51,0,1,0
2,2.1808,0,0,1,2,1,0.6194,0.7824,0,4,0,-7,0,0.0005,7.56,0,0,0
3,-17.0829,0,0,0,2,3,0.7367,15.1305,3,4,2,4,9,0.8374,240.0,0,2,0
2,1.2216,0,0,1,2,2,0.5778,3.4581,0,4,0,3,0,0.2889,71.78,0,0,0
1,10.4957,0,0,1,2,1,0.5217,4.3162,0,4,0,4,0,0.1392,92.37,0,0,2
2,2.1808,0,0,1,2,2,0.6241,0.6209,0,4,0,-6,0,0.0005,3.68,0,0,0
3,-0.3298,0,0,0,2,3,0.765,0.6873,1,4,1,-2,3,0.7126,5.28,0,0,0
3,-0.3547,0,1,0,2,3,0.8017,0.6958,1,4,1,4,3,0.7169,5.48,0,0,0
2,-10.6569,0,0,1,2,1,0.5792,15.205,1,4,0,4,2,0.0229,240.0,0,1,0
2,-1.7251,0,0,1,2,2,0.6317,2.3356,1,4,1,3,2,0.2171,44.84,0,1,2
2,0.9463,0,0,1,2,2,0.5204,2.5013,0,4,0,-12,0,0.2832,48.81,0,0,0
3,-3.1622,0,0,1,2,2,0.705,0.7782,2,4,1,3,6,0.7489,7.46,0,1,0
2,10.5414,0,0,0,2,3,0.6222,0.598,0,4,0,1,0,0.0005,3.13,0,0,0
3,0.0,1,0,1,2,2,0.8017,0.616,0,4,0,-6,0,0.6908,3.57,0,0,0
3,-2.56,0,0,1,2,2,0.7458,0.7246,1,4,0,0,3,0.7251,6.17,0,0,0
1,13.4935,0,0,0,2,3,0.5843,1.6781,0,4,0,-2,0,0.0117,29.06,0,0,1
3,13.9207,1,0,1,2,1,0.6433,0.5915,1,4,1,-7,3,0.6803,2.98,0,1,0
1,17.8186,0,0,1,2,1,0.5208,3.3724,0,4,0,4,0,0.0005,69.72,0,0,1
3,1.5461,0,0,0,2,3,0.65,1.7473,1,10,0,10,3,0.7816,32.43,0,1,0
3,-2.56,0,0,0,1,3,0.7108,0.7722,2,5,1,-4,6,0.7463,7.32,0,0,0
3,-0.3298,0,0,0,1,2,0.735,0.7354,3,5,1,-2,9,0.732,6.43,0,0,1
3,0.6347,0,0,0,1,2,0.7475,0.7222,1,5,0,-5,3,0.724,6.12,0,1,0
3,0.9463,0,0,0,1,3,0.7575,0.7004,2,5,2,-7,6,0.7174,5.59,0,1,0
2,5.087,0,0,0,1,2,0.5486,15.2857,1,11,1,-5,2,0.1239,240.0,0,1,0
1,11.184,0,0,1,3,1,0.4972,3.194,0,15,0,7,0,0.0048,65.44,0,0,1
3,0.0,1,0,1,3,3,0.7525,0.7127,0,15,1,6,0,0.7204,5.89,0,0,0
2,-0.3298,0,0,1,3,3,0.6231,0.7287,1,15,1,12,2,0.0005,6.27,0,0,0
2,-1.7251,0,0,1,3,2,0.6222,0.6739,1,15,1,11,2,0.0005,4.96,0,0,0
3,-0.3547,0,0,1,2,2,0.8008,0.8013,2,16,2,9,6,0.7621,8.01,0,1,0
3,5.8903,0,0,1,2,2,0.6611,0.5744,0,16,0,9,0,0.6723,2.57,0,0,0
3,1.2216,0,0,1,2,2,0.7642,0.6878,0,16,0,9,0,0.7131,5.29,0,0,0
2,-3.1622,0,0,1,2,2,0.6181,0.6867,1,16,1,15,2,0.0005,5.26,0,0,0
2,22.5808,0,0,1,2,2,0.6204,0.4838,0,16,0,16,0,0.009,0.39,0,0,0
3,2.4134,0,0,0,2,3,0.7675,0.6702,1,16,1,7,3,0.7116,4.87,0,1,0
3,-0.3547,0,0,0,2,3,0.7258,0.7542,1,16,1,10,3,0.7373,6.88,0,0,1
1,-1.7251,0,0,1,2,2,0.5259,3.3283,1,16,1,12,1,0.0043,68.66,0,1,1
3,-12.9744,0,0,1,1,1,0.6375,15.1815,2,17,2,3,6,0.8996,240.0,0,1,0
2,2.4629,0,0,0,1,3,0.5315,13.4072,0,11,0,11,0,0.2027,240.0,0,0,0
2,-0.3298,0,0,0,1,3,0.62,0.6829,1,17,1,17,2,0.0011,5.17,0,0,0
3,5.8903,0,0,0,1,3,0.8017,0.6518,0,17,0,14,0,0.7089,4.42,0,0,0
3,-14.2754,0,0,0,1,3,0.6592,15.1694,3,17,3,17,9,0.8858,240.0,0,1,0
2,1.3705,0,0,1,2,1,0.5898,0.6986,0,1,0,-7,0,0.244,7.08,0,0,0
2,10.5414,0,0,1,3,1,0.6125,0.839,0,6,0,4,0,0.0128,8.92,0,0,0
1,20.0713,0,0,0,1,2,0.5056,0.8977,0,17,0,7,0,0.0274,11.78,0,0,2
2,-0.3547,0,0,1,3,3,0.6185,0.595,1,6,1,6,2,0.0005,3.06,0,1,1
1,-0.3547,0,0,1,3,2,0.4944,3.2012,1,6,0,-1,1,0.0054,65.61,0,1,1
2,-2.56,0,0,0,2,3,0.62,0.7209,2,7,2,1,4,0.0005,6.08,0,1,0
2,24.4877,0,0,1,2,2,0.6241,0.6577,0,7,0,7,0,0.0011,4.57,0,0,0
3,-0.3298,0,0,1,2,2,0.7008,0.7842,2,7,2,3,6,0.7516,7.6,0,0,0
2,0.6347,0,0,0,2,3,0.6139,0.8384,1,7,1,1,2,0.0122,8.9,0,1,0
2,1.2963,0,0,1,2,1,0.6278,0.5932,0,7,0,7,0,0.0005,3.02,0,0,0
2,16.1769,0,0,1,2,1,0.6213,0.8596,0,7,0,5,0,0.0244,9.41,0,0,1
2,1.2216,0,0,1,1,1,0.6222,0.8572,1,8,1,3,2,0.0228,9.35,0,0,0
3,-0.3547,0,0,0,1,2,0.8017,0.8005,2,8,2,7,6,0.7611,7.99,0,1,1
3,15.4864,0,0,1,1,1,0.7942,0.6245,1,8,1,3,3,0.6951,3.77,0,1,0
3,0.523,0,0,1,1,1,0.7417,0.7277,1,8,1,8,3,0.7277,6.25,0,1,0
3,0.6347,0,0,0,1,2,0.7817,0.6384,0,8,0,4,0,0.7034,4.1,0,0,0
3,13.4935,0,0,0,1,3,0.7308,0.745,0,8,1,5,0,0.7346,6.66,0,0,0
2,-1.7251,0,0,1,3,3,0.6333,0.8169,1,12,2,9,2,0.0005,8.39,0,1,0
2,0.9463,0,0,1,2,2,0.5407,3.5159,0,13,0,9,0,0.3095,73.16,0,0,0
2,3.7969,0,0,1,1,1,0.5708,0.8051,0,2,0,-12,0,0.5304,9.56,0,0,1
2,1.2216,0,0,1,2,2,0.6167,0.8372,1,13,1,12,2,0.0117,8.87,0,1,0
2,5.8903,0,0,0,2,3,0.6222,0.7898,0,13,0,13,0,0.0005,7.74,0,0,0
2,2.1808,0,0,1,2,1,0.6194,0.8186,0,13,0,2,0,0.0005,8.43,0,0,0
2,-3.1622,0,0,1,2,1,0.6153,0.8301,2,13,1,-4,4,0.0074,8.71,0,1,0
3,-0.3547,0,0,1,2,2,0.8,0.6192,1,13,1,12,3,0.6914,3.64,0,0,0
3,-0.3547,0,0,1,1,1,0.7683,0.666,3,14,2,12,9,0.7116,4.77,0,0,0
3,-1.301,0,1,0,1,2,0.7933,1.1121,3,2,0,-5,9,0.73,10.36,0,0,0
2,0.9645,0,0,1,2,2,0.5278,1.0025,0,1,0,-9,0,0.0835,8.17,0,0,1
3,-1.301,0,0,1,3,2,0.7744,1.0167,2,12,2,5,6,0.6229,8.07,0,0,0
2,3.5213,0,0,0,1,2,0.6222,16.9522,1,14,1,10,2,0.2484,240.0,0,1,1
3,0.0,1,0,1,3,1,0.6633,0.917,0,0,0,-5,0,0.8831,6.11,0,0,2
2,-17.2115,0,0,0,1,2,0.6009,15.7209,1,14,1,13,2,0.0623,240.0,0,0,0
3,11.5387,0,0,1,2,1,0.705,0.8725,0,7,1,5,0,0.8571,11.43,0,0,0
3,-2.8075,0,1,1,2,1,0.69,0.8797,1,7,1,5,3,0.8661,11.6,0,0,1
3,9.5951,0,0,1,3,2,0.8,1.0715,2,6,1,2,6,0.6862,9.38,0,0,0
3,-3.1947,0,0,1,3,2,0.7489,0.7145,2,12,3,8,6,0.635,7.64,0,1,0
1,6.6258,0,0,1,3,3,0.6175,3.8866,0,12,0,12,0,0.007,83.77,0,0,2
3,0.3116,0,0,1,3,2,0.7589,0.6492,0,12,0,11,0,0.5417,6.08,0,0,0
3,-0.6347,0,0,1,3,2,0.7933,0.6375,2,12,2,5,6,0.5253,5.79,0,0,0
3,2.4629,0,0,0,2,3,0.6558,13.2294,2,4,0,-2,6,0.8879,240.0,0,2,0
3,1.7787,0,0,1,3,1,0.6778,0.743,0,12,0,1,0,0.6688,8.33,0,0,0
3,0.3116,0,0,1,3,2,0.6861,0.6093,0,12,0,11,0,0.4847,5.12,0,0,0
3,-0.3547,0,0,1,3,2,0.8025,0.6138,1,9,2,8,3,0.6903,3.51,0,0,0
3,-3.1947,0,0,0,1,2,0.7958,0.7989,1,8,0,-5,3,0.7284,9.67,0,0,0
3,1.7787,0,0,1,3,2,0.795,0.7996,2,12,2,2,6,0.7289,9.69,0,0,0
1,13.286,0,0,1,3,2,0.5267,5.1592,0,12,0,2,0,0.1618,114.32,0,0,2
3,5.2556,0,0,1,3,2,0.7756,0.6434,1,12,1,8,3,0.5338,5.94,0,0,0
2,-4.1085,0,0,1,3,1,0.6241,1.4947,1,0,0,-8,2,0.0048,19.54,0,0,1
3,1.5461,0,0,1,3,2,0.8,0.6353,1,12,1,8,3,0.5222,5.74,0,0,0
3,10.2377,0,0,1,3,3,0.6756,1.056,0,0,0,-12,0,0.6698,9.01,0,0,0
3,-0.3116,0,0,1,3,1,0.7333,0.9023,2,0,0,-11,6,0.4578,5.32,0,0,0
3,-3.5063,0,0,1,3,3,0.7644,1.02,2,0,0,-3,6,0.6276,8.14,0,0,0
2,-0.9645,0,0,1,2,2,0.7517,0.8998,1,13,1,9,2,0.0771,12.09,0,0,1
3,-2.6714,0,0,1,3,2,0.6324,0.8672,1,0,0,-10,3,0.4093,4.48,0,0,0
3,-1.2761,0,1,1,3,1,0.74,2.1543,2,0,0,-2,6,0.8353,35.37,0,1,0
3,16.2744,0,0,0,2,3,0.7622,0.648,2,13,2,10,6,0.5401,6.05,0,2,0
2,13.8065,0,0,0,2,3,0.6167,0.8408,0,13,0,7,0,0.0274,10.68,0,0,0
3,-1.2761,0,0,1,3,3,0.762,0.891,1,0,0,-6,3,0.4415,5.05,0,0,0
2,4.9441,0,1,1,3,3,0.5194,2.2485,0,0,0,0,0,0.0457,37.63,0,0,0
3,-0.9894,0,0,1,2,1,0.7343,0.5901,1,13,1,5,3,0.4573,4.66,0,1,0
2,18.7285,0,1,1,3,2,0.6167,1.1729,1,0,0,-13,2,0.0544,11.82,0,1,0
3,-0.3116,0,0,1,3,1,0.6657,0.9288,3,0,0,-14,9,0.4963,5.96,0,0,0
3,12.5472,0,0,1,3,1,0.7426,0.8984,1,0,0,-11,3,0.4525,5.23,0,1,0
2,-1.301,0,1,1,3,3,0.6014,1.1388,2,0,0,-6,4,0.009,11.0,0,1,0
3,0.0,1,0,1,2,2,0.8019,0.5636,1,13,2,9,3,0.4188,4.02,0,0,0
2,-2.6714,0,0,1,3,1,0.6208,1.1321,1,0,0,-5,2,0.0016,10.84,0,1,0
3,-3.1947,0,0,1,2,2,0.7241,0.594,1,13,1,6,3,0.4631,4.75,0,0,0
3,-0.9645,0,1,0,2,3,0.7844,0.6405,1,13,2,7,3,0.5295,5.87,0,0,0
3,-0.9463,0,1,1,2,1,0.7922,0.9494,1,1,0,-10,3,0.5258,6.45,0,0,0
3,-0.6347,0,0,1,2,1,0.7417,0.7936,2,13,3,2,6,0.7226,9.54,0,0,0
2,11.032,0,0,1,2,1,0.6056,1.1436,0,1,0,-1,0,0.0153,11.11,0,0,0
3,-3.5063,0,0,1,2,1,0.7478,1.0263,3,1,0,-1,9,0.6355,8.3,0,1,0
1,13.8065,0,0,1,2,2,0.5208,5.2325,0,13,0,6,0,0.1656,116.08,0,0,2
2,12.6183,0,0,1,2,2,0.5259,3.4442,0,1,0,1,0,0.2798,66.32,0,0,1
3,-1.2761,0,1,1,2,1,0.7483,1.101,1,1,0,-1,3,0.7184,10.09,0,0,0
2,-14.3462,0,0,0,2,3,0.5963,12.6419,2,13,2,1,4,0.2388,240.0,0,1,1
2,0.3116,0,1,1,2,2,0.6102,0.8634,1,13,1,9,2,0.0575,11.22,0,0,0
3,-3.5063,0,1,1,2,2,0.6244,1.0051,1,1,0,-9,3,0.6055,7.79,0,0,0
3,-4.1085,0,0,1,2,1,0.69,0.9834,2,1,0,-16,6,0.5744,7.27,0,0,0
3,-0.9894,0,0,1,2,2,0.74,0.7947,2,13,2,12,6,0.7236,9.57,0,0,0
3,-1.301,0,1,1,2,1,0.7625,1.1281,1,1,0,-7,3,0.7463,10.74,0,0,0
3,-3.5063,0,1,1,2,2,0.7678,1.0186,2,1,0,-9,6,0.6261,8.11,0,1,0
3,-1.2761,0,0,0,2,3,0.7367,1.0297,1,1,0,-2,3,0.6408,8.38,0,0,0
3,-2.3598,0,0,1,2,2,0.6922,0.6711,3,13,3,9,9,0.5733,6.6,0,1,0
1,15.2306,0,1,1,2,1,0.5296,5.1008,0,1,0,-7,0,0.0876,106.08,0,0,2
3,0.0,1,0,0,2,3,0.6296,0.9433,0,1,0,-11,0,0.5169,6.3,0,0,0
1,4.2761,0,0,1,2,2,0.525,5.2537,0,1,0,-3,0,0.1371,109.75,0,0,2
2,-0.6347,0,0,1,2,2,0.5981,0.8712,1,13,1,6,2,0.0633,11.41,0,1,2
3,0.5869,0,1,1,2,2,0.7644,0.6473,0,13,1,6,0,0.539,6.03,0,0,0
3,9.5951,0,1,0,2,3,0.7042,2.1736,0,1,0,1,0,0.8576,35.83,0,0,1
3,-3.5063,0,1,1,2,1,0.7578,0.9608,2,1,0,-10,6,0.5422,6.72,0,0,0
2,14.884,0,0,1,2,1,0.612,0.8878,0,13,0,13,0,0.0707,11.8,0,0,1
3,-16.0535,0,0,0,1,2,0.6889,13.5312,3,5,1,-5,9,0.5749,240.0,0,1,0
3,1.7787,0,0,1,2,1,0.6648,0.6175,0,13,0,11,0,0.4968,5.32,0,0,0
3,18.0614,1,0,1,2,2,0.6463,0.8541,0,1,0,-15,0,0.4014,4.16,0,0,0
2,19.0401,0,0,1,2,1,0.6181,0.7943,0,10,0,-4,0,0.0005,9.56,0,0,0
2,15.5422,0,0,1,2,1,0.5833,0.8381,0,13,0,5,0,0.0237,10.61,0,0,0
2,-2.6714,0,0,1,2,2,0.637,3.0779,2,1,0,0,4,0.2083,57.53,0,1,1
2,-5.9616,0,0,1,2,1,0.5694,14.6544,1,13,1,11,2,0.2932,240.0,0,1,2
3,-0.9894,0,0,0,2,3,0.8008,0.7731,3,13,3,13,9,0.7004,9.05,0,1,0
3,4.5877,0,0,0,2,3,0.7592,0.818,0,13,0,10,0,0.7484,10.13,0,0,0
3,-11.5387,0,0,1,2,2,0.7467,11.3404,3,13,3,12,9,0.7194,240.0,0,0,0
2,12.9744,0,0,1,2,2,0.6231,1.1691,0,1,0,-3,0,0.0491,11.72,0,0,1
3,15.9628,0,0,1,2,2,0.6343,0.8649,1,1,0,-3,3,0.4082,4.42,0,1,0
3,-2.3598,0,0,0,2,3,0.7519,0.5834,1,13,1,10,3,0.4473,4.5,0,0,0
3,5.9996,0,0,1,1,1,0.7442,1.3604,2,14,2,14,6,0.7261,23.14,0,2,0
2,-2.3598,0,1,0,1,2,0.6208,2.1568,1,14,1,13,2,0.3191,42.26,0,0,1
2,-0.3116,0,0,0,1,2,0.6231,1.0487,1,2,1,1,2,0.0005,8.83,0,0,1
3,0.0,1,1,0,1,2,0.7176,0.5968,0,14,1,1,0,0.4668,4.82,0,0,0
3,0.3116,0,1,0,1,3,0.6269,0.5595,1,14,1,11,3,0.4124,3.92,0,0,0
3,-0.9463,0,0,0,1,2,0.7167,0.9086,1,2,1,1,3,0.4673,5.47,0,0,0
1,19.2977,0,0,0,1,3,0.505,5.6587,0,2,0,2,0,0.1769,119.47,0,0,2
3,0.0,1,0,0,1,3,0.8008,0.7774,1,14,2,11,3,0.7046,9.15,0,0,0
3,-1.301,0,1,1,1,1,0.7267,1.0336,1,2,0,-6,3,0.6456,8.47,0,0,0
2,-3.1947,0,0,0,1,3,0.6078,2.1357,1,14,1,11,2,0.2941,41.75,0,0,1
2,4.9441,0,1,0,1,3,0.6156,1.0673,0,2,0,2,0,0.0005,9.28,0,0,1
3,-1.2761,0,0,0,1,3,0.65,0.9352,1,2,0,-1,3,0.5053,6.11,0,0,0
3,1.5461,0,0,0,1,2,0.6842,1.8722,1,14,1,13,3,0.8698,35.43,0,0,0
3,0.0,1,1,1,1,1,0.6178,1.0071,0,2,0,0,0,0.6086,7.83,1,0,0
2,-0.6347,0,0,0,1,3,0.612,0.8507,2,14,2,8,4,0.0396,10.91,0,0,0
3,-0.9645,0,0,0,1,3,0.637,0.6288,3,14,3,14,9,0.5127,5.59,0,1,0
2,22.8667,0,0,0,1,2,0.5704,2.3581,0,2,0,2,0,0.1803,40.26,0,0,0
3,6.245,0,0,1,3,2,0.6283,0.9106,0,6,0,-1,0,0.9054,12.34,0,0,0
3,-1.2761,0,1,0,1,2,0.7908,1.0753,1,2,1,1,3,0.692,9.47,0,0,0
3,0.0,1,1,1,3,2,0.6967,1.0472,1,15,1,-1,3,0.6598,8.8,0,0,0
3,-0.6347,0,0,1,1,1,0.7808,0.7702,2,14,2,3,6,0.6978,8.98,0,0,0
3,-0.9463,0,0,1,3,2,0.6287,0.8702,1,15,1,5,3,0.4114,4.55,0,1,0
2,0.3116,0,0,0,1,2,0.5958,0.8468,0,14,0,4,0,0.0343,10.82,0,0,0
3,-1.2761,0,0,1,3,1,0.7992,1.1092,1,15,1,13,3,0.7263,10.29,0,0,0
3,-1.2761,0,0,1,3,1,0.6667,0.9911,1,15,1,7,3,0.5854,7.45,0,0,0
3,-0.3547,0,1,0,1,2,0.8025,0.6498,1,5,1,4,3,0.7089,4.38,0,0,0
3,-0.6347,0,0,1,3,1,0.7356,0.7185,1,3,1,1,3,0.6414,7.74,0,0,0
3,-3.1947,0,0,1,1,1,0.6822,0.6746,1,11,0,0,3,0.5781,6.69,0,0,0
2,-1.301,0,0,1,3,3,0.6306,1.6228,2,15,2,15,4,0.0005,22.61,0,0,0
3,-0.6347,0,0,1,3,2,0.7692,0.7783,2,3,1,-7,6,0.7052,9.17,0,0,0
2,-0.3116,0,0,1,3,3,0.6153,1.153,1,15,1,12,2,0.028,11.34,0,0,0
2,-2.3598,0,0,1,3,1,0.6308,2.7417,1,3,0,-2,2,0.2125,56.3,0,1,2
3,-0.9463,0,0,1,3,2,0.7883,1.1137,2,15,1,-1,6,0.7326,10.39,0,1,0
2,-2.56,0,0,0,1,2,0.6178,0.8632,0,5,0,-8,0,0.0266,9.5,0,0,1
2,0.0,1,1,1,3,2,0.6176,1.1538,0,15,0,-1,0,0.0295,11.36,0,0,1
2,0.3116,0,0,1,3,3,0.6,1.945,0,3,0,-12,0,0.0559,37.18,0,0,0
3,-0.3116,0,0,1,3,1,0.6444,1.0705,1,15,1,10,3,0.6846,9.36,0,0,0
3,0.0,1,0,1,3,3,0.68,0.7424,0,3,1,3,0,0.6677,8.31,0,0,0
3,-0.9463,0,0,1,3,2,0.7144,0.9752,4,15,4,2,12,0.5628,7.07,0,1,0
3,0.3116,0,0,1,3,1,0.7333,0.7191,1,3,0,-8,3,0.6424,7.75,0,0,0
3,-3.1947,0,0,1,3,2,0.6775,1.8752,1,3,0,-1,3,0.8741,35.5,0,0,1
3,0.2753,0,0,1,3,3,0.7367,0.9678,1,15,1,9,3,0.5522,6.89,0,0,0
3,0.5869,0,0,1,3,2,0.7778,0.6426,2,3,1,-1,6,0.5327,5.92,0,1,0
3,-9.3197,0,1,0,1,3,0.6633,10.5871,1,2,0,2,3,0.587,240.0,0,1,0
3,18.7285,0,0,1,3,2,0.788,0.8806,1,15,1,2,3,0.4267,4.8,0,1,0
3,-0.9645,0,0,1,3,2,0.7725,0.8116,1,3,1,2,3,0.7416,9.97,0,0,0
3,0.2753,0,0,1,2,2,0.6537,0.9336,1,16,1,12,3,0.5032,6.07,0,1,0
2,4.5877,0,0,1,3,2,0.6178,1.1869,0,3,0,-1,0,0.0053,18.98,0,0,1
3,-1.301,0,0,0,2,3,0.785,1.1163,1,16,1,10,3,0.7347,10.46,0,0,0
2,4.2761,0,1,1,2,2,0.6231,1.1249,1,16,1,12,2,0.0005,10.66,0,0,1
3,-0.9463,0,0,1,2,1,0.7267,0.9711,3,16,3,11,9,0.557,6.97,0,0,0
3,-2.6714,0,0,1,2,1,0.7822,1.0145,1,7,0,-4,3,0.6192,8.01,0,0,0
3,5.2556,0,0,1,2,2,0.6278,0.6924,1,4,0,3,3,0.6039,7.11,0,1,0
3,-3.5063,0,0,1,2,2,0.78,1.0151,1,16,1,15,3,0.6203,8.03,0,0,0
3,-3.7969,0,0,0,2,3,0.7008,1.8638,2,4,2,1,6,0.8597,35.23,0,1,1
3,-2.6714,0,0,1,2,1,0.7556,0.8935,1,16,1,14,3,0.4451,5.11,0,0,0
3,-0.9463,0,0,1,2,2,0.6472,0.8534,2,16,2,6,6,0.4008,4.15,0,1,0
2,-0.6347,0,0,1,2,2,0.6181,0.765,1,4,1,3,2,0.0005,8.86,0,0,0
3,0.0,1,0,1,2,1,0.6289,0.6919,1,4,0,-7,3,0.6034,7.1,0,0,0
2,-0.3116,0,0,0,2,3,0.6544,1.3331,1,16,1,13,2,0.0486,15.66,0,0,1
2,-2.3598,0,0,1,2,1,0.6467,0.8719,1,4,0,-4,2,0.0639,11.42,0,0,1
2,-2.6714,0,0,1,2,2,0.62,3.589,1,16,1,15,2,0.3496,69.8,0,0,3
3,1.5461,0,0,1,2,1,0.79,0.7642,0,4,0,-1,0,0.6925,8.84,0,0,0
2,-0.6427,0,0,1,2,1,0.6189,12.0467,2,4,1,2,4,0.026,240.0,0,2,2
3,-0.2326,0,0,1,2,2,0.7725,3.0676,1,10,1,3,3,0.7094,64.08,0,0,0
3,-3.5063,0,0,1,2,2,0.6344,1.0015,2,16,3,6,6,0.6007,7.7,0,1,1
3,0.0,1,0,1,2,2,0.6544,0.6838,0,4,0,-9,0,0.5912,6.91,0,0,0
3,0.3116,0,0,1,2,2,0.7028,0.6027,0,4,0,-9,0,0.4752,4.96,0,0,0
2,-1.2761,0,0,1,2,2,0.6167,1.0858,1,16,1,15,2,0.0005,9.72,0,0,0
2,-3.7969,0,0,1,2,2,0.6244,1.4997,1,4,0,0,2,0.0276,26.49,0,0,1
2,21.9461,0,0,1,2,2,0.6176,0.7889,0,4,0,4,0,0.0005,9.43,0,0,0
2,-2.6714,0,0,0,2,3,0.6204,1.4853,1,16,1,7,2,0.0053,19.31,0,0,0
2,0.5869,0,0,1,2,1,0.6111,0.8884,1,4,0,2,2,0.0713,11.82,0,1,1
3,-0.3116,0,0,0,2,3,0.6343,0.9414,3,16,3,13,9,0.5142,6.26,0,1,0
3,15.2306,0,0,1,2,2,0.7044,0.9784,1,16,1,0,3,0.5675,7.15,0,1,1
3,0.3116,0,0,1,2,1,0.7667,0.5773,0,4,1,2,0,0.4388,4.35,0,0,1
3,-2.6714,0,1,1,2,2,0.6426,0.8575,3,16,3,12,9,0.4035,4.25,0,1,0
3,-0.3116,0,0,1,3,1,0.7189,0.9738,2,3,1,-2,6,0.5607,7.04,0,0,0
2,15.5422,0,0,1,2,1,0.6317,2.906,0,4,0,2,0,0.2147,60.24,0,0,1
3,-1.301,0,0,1,1,1,0.8017,1.0226,3,17,3,15,9,0.6313,8.21,0,0,0
3,0.5869,0,0,1,2,2,0.6546,0.6219,1,4,0,-3,3,0.5026,5.42,0,0,0
1,1.2345,0,1,0,1,2,0.5097,4.1203,0,17,0,7,0,0.0032,82.55,0,0,1
2,4.7407,0,1,1,3,3,0.5398,0.9562,0,3,0,-6,0,0.31,4.47,0,0,1
3,-0.3116,0,0,1,1,1,0.6259,0.8711,1,17,2,9,3,0.413,4.57,0,0,0
2,-1.2761,0,0,0,1,2,0.6176,1.1723,1,17,1,16,2,0.0544,11.8,0,0,0
3,-0.3116,0,0,1,1,1,0.7907,0.8798,1,17,1,3,3,0.4251,4.78,0,0,0
3,-1.2761,0,0,1,1,1,0.6315,0.8678,1,17,1,9,3,0.4098,4.49,0,0,0
2,22.345,0,0,0,1,3,0.6022,3.2965,0,5,0,5,0,0.3581,69.61,0,0,1
2,-1.2761,0,0,0,1,2,0.6306,1.7673,1,17,1,13,2,0.0016,26.08,0,0,0
3,11.032,0,0,1,1,1,0.7533,0.9625,0,17,0,3,0,0.5443,6.77,0,0,0
3,14.8517,0,0,1,1,1,0.7194,0.5961,0,5,0,-6,0,0.4657,4.8,0,0,0
3,12.8588,0,0,1,2,2,0.7708,0.8121,0,1,0,0,0,0.7421,9.99,0,0,0
3,5.2556,0,0,1,1,1,0.6722,0.6778,0,5,0,0,0,0.5828,6.76,0,0,0
3,-3.0416,0,0,1,3,2,0.6422,5.2753,1,0,0,-7,3,0.597,117.02,0,1,0
3,-3.1947,0,0,0,1,2,0.7378,0.7178,2,5,0,-2,6,0.6403,7.72,0,0,0
3,-2.6714,0,0,1,1,1,0.6361,0.8633,2,17,2,15,6,0.4072,4.38,0,0,0
2,1.2345,0,1,0,1,2,0.613,1.1737,0,17,0,7,0,0.0565,11.83,0,0,0
2,-1.7787,0,0,0,2,3,0.6125,2.6088,1,7,1,7,2,0.0127,53.07,0,0,0
3,-1.2761,0,0,1,2,2,0.7567,0.9615,2,13,1,6,6,0.5427,6.74,0,0,0
2,-3.1947,0,1,1,1,1,0.6074,0.8913,2,5,0,-9,4,0.0723,11.89,0,0,1
3,4.9441,0,0,0,1,3,0.65,0.8511,0,17,0,11,0,0.3993,4.09,0,0,0
3,4.9441,0,1,1,3,2,0.8017,1.025,1,3,0,-4,3,0.634,8.26,0,1,0
2,14.8517,0,0,1,1,1,0.6157,0.8614,0,5,0,3,0,0.0549,11.17,0,0,0
3,-3.5063,0,0,1,3,2,0.6315,0.9425,1,3,0,-7,3,0.5158,6.28,0,0,0
3,-0.9894,0,0,1,1,1,0.7808,0.8063,2,5,1,-3,6,0.7373,9.85,0,0,0
3,4.2761,0,0,1,3,3,0.7244,0.972,0,3,0,3,0,0.558,6.99,0,0,0
3,0.2753,0,0,1,3,1,0.7796,0.8839,0,3,0,1,0,0.4314,4.88,0,0,0
3,-3.5063,0,0,1,3,2,0.8022,0.9462,1,3,1,2,3,0.5211,6.37,0,0,0
3,-2.3598,0,0,1,1,1,0.6211,0.6945,1,5,1,3,3,0.6071,7.17,0,0,0
2,-13.744,0,0,0,1,2,0.6142,12.7121,1,5,0,-5,2,0.3234,240.0,0,0,1
3,4.2761,0,0,1,3,2,0.7858,1.1153,0,0,0,-1,0,0.7342,10.43,0,0,1
3,-0.3547,0,1,1,2,1,0.7858,0.818,0,10,0,2,0,0.7706,8.41,0,0,1
3,0.0,1,0,1,3,3,0.6398,0.9393,0,3,1,3,0,0.5111,6.21,0,0,0
3,0.0,1,0,0,1,2,0.7139,0.598,1,5,1,4,3,0.4689,4.85,0,0,0
3,-0.3116,0,0,1,3,2,0.7148,0.9095,1,3,1,2,3,0.4684,5.49,0,1,0
3,-2.3598,0,0,0,1,2,0.7944,0.5667,2,5,1,-2,6,0.423,4.1,0,1,0
3,-3.5063,0,0,1,3,1,0.6789,1.0545,1,3,0,-8,3,0.6682,8.97,0,0,0
3,-0.3116,0,0,1,3,3,0.79,1.0121,3,3,0,-3,9,0.6155,7.95,0,1,0
2,-3.7969,0,0,1,3,3,0.6065,0.8526,1,9,1,9,2,0.0427,10.96,0,0,0
3,0.3116,0,0,1,3,2,0.72,0.662,1,9,0,8,3,0.5601,6.38,0,1,1
2,-3.5063,0,0,1,2,1,0.6044,4.492,1,4,0,-7,2,0.3235,91.47,0,1,2
3,8.3606,0,0,1,2,1,0.7,2.9658,0,7,0,-1,0,0.7516,57.81,0,0,1
3,-3.5063,0,0,1,2,1,0.7022,0.9793,1,4,1,2,3,0.5686,7.17,0,0,0
3,0.0,1,0,1,3,2,0.6935,0.6062,0,9,0,-4,0,0.4805,5.04,0,0,1
3,-3.1947,0,0,1,3,3,0.7067,0.7323,1,9,1,6,3,0.6551,8.07,0,0,0
2,-1.2761,0,0,1,2,2,0.5852,4.391,2,4,2,3,4,0.2857,89.05,0,2,2
3,-0.3116,0,0,1,2,2,0.7742,1.0866,2,4,0,-6,6,0.702,9.74,0,1,0
3,5.2262,0,0,1,3,1,0.7963,11.1152,1,9,1,9,3,0.4219,240.0,0,1,0
3,2.5354,0,0,1,2,2,0.7983,0.7914,0,7,0,6,0,0.7986,9.48,0,0,0
3,-3.1947,0,0,1,3,2,0.6769,0.6128,1,9,1,5,3,0.49,5.2,0,0,0
3,-0.9463,0,0,1,2,2,0.7567,1.0971,2,4,0,-9,6,0.7131,10.0,0,1,0
3,-1.301,0,0,1,2,2,0.6589,1.0635,1,4,0,-3,3,0.6777,9.19,0,1,0
2,3.6192,0,0,1,3,2,0.5778,0.8394,0,9,0,9,0,0.0258,10.64,0,0,0
2,0.0,1,0,1,2,1,0.6,1.1577,1,4,1,2,2,0.0327,11.45,0,1,1
3,1.5461,0,0,1,3,3,0.6578,0.6824,0,9,0,0,0,0.5897,6.87,0,0,0
3,-0.2753,0,0,1,3,2,0.8033,0.8571,1,0,0,-16,3,0.3819,10.62,0,0,1
3,-9.9624,0,0,1,2,2,0.8011,10.7527,1,10,1,3,3,0.3923,240.0,0,0,0
1,12.9744,0,0,1,2,2,0.5022,5.201,0,4,0,-9,0,0.1301,108.49,0,0,3
2,-0.6347,0,0,0,2,3,0.5898,0.8598,1,10,1,4,2,0.0528,11.13,0,0,1
2,2.4134,0,0,1,3,2,0.6233,0.6493,0,3,0,-7,0,0.0005,4.36,0,0,1
3,4.9441,0,1,0,2,3,0.7311,1.032,0,4,0,-2,0,0.6435,8.43,0,0,0
2,10.1039,0,1,1,2,1,0.6111,1.1747,0,4,0,4,0,0.057,11.86,0,0,0
3,12.3081,0,0,0,2,3,0.6575,0.9204,0,1,0,-5,0,0.8868,6.2,0,0,0
3,11.032,0,0,0,2,3,0.7717,1.1234,0,4,0,-5,0,0.7421,10.63,0,0,1
3,1.4671,0,1,0,2,3,0.7657,0.8896,2,4,1,-2,6,0.4393,5.01,0,2,0
2,10.5493,1,1,1,2,1,0.6185,1.2911,0,10,0,-1,0,0.0005,21.48,0,0,0
3,-1.2761,0,1,1,2,1,0.79,1.1129,1,4,1,-4,3,0.7315,10.38,0,0,1
2,0.2753,0,1,0,2,3,0.6139,1.1336,1,4,0,-2,2,0.0042,10.87,0,1,0
3,-2.3598,0,0,1,2,1,0.66,0.7517,3,10,2,-1,9,0.6772,8.54,0,0,0
3,-3.5063,0,0,0,2,3,0.6278,0.9441,2,4,1,1,6,0.5179,6.32,0,1,1
3,-1.301,0,0,1,2,1,0.7398,0.8997,2,4,0,-4,6,0.4541,5.26,0,1,0
3,-1.2761,0,0,1,2,2,0.6922,1.0498,2,4,0,0,6,0.6619,8.86,0,0,0
2,-1.301,0,0,0,1,2,0.7475,1.1018,2,5,0,-2,4,0.0011,10.11,0,0,1
3,9.5951,0,1,0,1,3,0.7694,0.8879,1,5,1,-1,3,0.4372,4.97,0,1,0
3,-3.1947,0,0,0,1,3,0.6324,0.6308,1,11,0,-1,3,0.5153,5.63,0,0,1
3,-3.5063,0,0,0,1,3,0.6589,0.9938,2,5,1,-4,6,0.5891,7.52,0,0,0
3,-0.9463,0,0,1,1,1,0.7211,0.9728,2,5,0,-12,6,0.5596,7.01,0,0,0
3,0.0,1,0,0,1,3,0.6456,0.6865,1,11,2,11,3,0.5955,6.97,0,0,0
2,-1.301,0,0,0,1,2,0.6046,1.166,1,5,0,-2,2,0.0449,11.65,0,0,1
3,-2.3598,0,0,1,1,1,0.6269,0.6327,2,11,1,0,6,0.5185,5.68,0,1,0
2,0.0,1,0,0,1,2,0.6231,0.8773,0,11,1,4,0,0.066,11.55,0,0,1
2,-0.9463,0,0,0,1,2,0.6092,4.683,1,5,1,4,2,0.4342,96.06,0,1,2
3,-2.3598,0,0,0,1,2,0.6722,0.7456,2,11,1,10,6,0.6714,8.39,0,0,0
2,11.032,0,0,1,1,1,0.6148,1.1612,0,5,0,-6,0,0.038,11.53,0,0,0
3,14.5401,0,0,1,1,1,0.7289,1.0329,0,5,0,3,0,0.6445,8.45,0,0,0
3,-0.6347,0,0,0,1,3,0.7767,0.7043,1,11,1,8,3,0.6218,7.4,0,0,0
3,-0.9463,0,0,1,1,1,0.8028,0.875,1,5,0,-12,3,0.4182,4.66,0,1,0
2,-3.1947,0,0,0,1,2,0.5352,3.1196,1,11,1,1,2,0.275,65.37,0,0,2
2,1.5461,0,0,0,1,2,0.5806,0.8388,0,11,0,7,0,0.0248,10.63,0,0,0
2,-4.1085,0,0,1,1,1,0.605,3.6853,2,5,2,3,4,0.399,72.11,0,2,1
3,-0.6347,0,0,1,3,3,0.7667,0.7792,1,6,0,-3,3,0.7068,9.2,0,0,0
2,-3.1947,0,0,1,3,3,0.6378,4.0669,2,6,0,-3,4,0.2825,88.1,0,1,1
3,11.032,0,0,0,1,3,0.6442,2.0631,2,5,1,2,6,0.7853,33.18,0,2,1
3,0.2753,0,0,1,3,2,0.6611,1.0625,1,12,1,5,3,0.6767,9.16,0,1,0
1,-2.3598,0,0,1,2,2,0.5092,5.0274,1,13,1,9,1,0.1484,111.15,0,1,2
2,0.5869,0,0,1,3,3,0.6102,0.8513,0,6,0,3,0,0.0406,10.93,0,0,0
3,-0.9463,0,0,1,3,1,0.725,0.9055,1,12,1,1,3,0.4626,5.4,0,0,0
2,13.8234,0,0,1,3,1,0.6153,1.0143,0,3,0,1,0,0.0984,8.45,0,0,0
3,-0.9645,0,0,1,3,2,0.7811,0.7031,2,6,1,5,6,0.6197,7.37,0,1,0
3,-4.1085,0,0,1,3,2,0.7875,1.1145,2,12,1,-4,6,0.7331,10.41,0,0,0
2,-2.3598,0,0,0,2,3,0.6231,0.7741,2,7,1,-2,4,0.0005,9.07,0,2,1
2,-0.9463,0,0,1,3,2,0.6258,3.6162,1,12,1,5,2,0.363,70.45,0,1,2
3,-0.3116,0,0,1,3,3,0.8,0.8759,1,12,2,6,3,0.4198,4.69,0,0,0
2,0.0,1,0,1,3,2,0.6231,1.036,0,12,1,8,0,0.0005,8.53,0,0,1
3,-3.1947,0,0,1,2,2,0.6907,0.6072,1,7,1,6,3,0.4821,5.07,0,0,0
3,0.2753,0,0,1,3,1,0.7925,1.0751,1,12,1,7,3,0.6909,9.47,0,0,0
3,-1.301,0,0,1,3,2,0.7583,1.1297,2,12,2,5,6,0.7489,10.78,0,0,0
2,-0.6427,0,0,1,2,2,0.5383,15.1878,2,7,2,6,4,0.5513,240.0,0,2,1
3,1.4671,0,0,1,3,3,0.6676,0.9281,2,12,2,3,6,0.4953,5.94,0,1,0
2,0.3298,0,1,1,2,1,0.5847,0.9519,0,1,0,-10,0,0.0207,6.95,0,0,1
2,-0.9894,0,0,1,2,1,0.6019,0.8554,2,7,2,5,4,0.0464,11.03,0,0,0
3,0.3116,0,0,1,2,1,0.75,0.7882,2,7,0,2,6,0.7173,9.41,0,0,1
2,12.5472,0,0,1,3,2,0.6292,2.215,0,12,0,5,0,0.0037,36.83,0,0,0
2,14.5401,0,0,0,2,3,0.6231,1.0825,1,13,0,7,2,0.0005,9.65,0,1,2
3,-3.1947,0,0,0,2,3,0.7044,0.733,2,7,0,-2,6,0.6561,8.09,0,1,0
3,-2.6714,0,0,1,2,2,0.6444,0.9377,2,13,2,12,6,0.5084,6.17,0,1,0
3,0.0,1,0,1,2,2,0.7658,0.7795,1,7,1,-3,3,0.7073,9.21,0,1,0
3,-0.9463,0,0,1,2,2,0.7867,0.9512,2,13,0,0,6,0.5285,6.49,0,0,0
2,-4.1085,0,0,1,2,2,0.5194,2.2815,2,13,2,6,4,0.0867,38.42,0,1,0
3,-3.5063,0,0,0,2,3,0.7037,0.9136,3,13,3,4,9,0.4747,5.59,0,3,0
3,19.0401,0,0,0,2,3,0.6433,0.6872,0,7,0,-2,0,0.5965,6.99,0,0,0
3,4.2761,0,0,0,2,3,0.6644,1.0609,1,13,1,13,3,0.6751,9.13,0,0,0
3,-3.5063,0,0,1,2,1,0.6678,1.0593,2,13,3,2,6,0.6735,9.09,0,0,0
3,-1.2761,0,0,1,2,2,0.7767,0.9545,3,13,3,9,9,0.5332,6.57,0,1,0
3,-3.5063,0,0,0,1,3,0.638,0.94,2,17,1,11,6,0.5121,6.22,0,1,0
3,18.373,0,0,1,1,1,0.75,0.7139,0,11,1,9,0,0.6345,7.63,0,0,0
2,0.0,1,1,0,1,2,0.6231,0.7462,0,8,1,1,0,0.0005,8.4,0,0,1
3,13.286,0,0,1,1,1,0.65,0.7563,1,8,1,-3,3,0.682,8.65,0,1,0
3,-0.9463,0,0,0,2,3,0.6602,0.9313,2,13,2,7,6,0.4995,6.02,0,2,0
3,0.0,1,1,0,1,2,0.7954,0.5663,0,8,1,1,0,0.4225,4.09,0,0,0
3,-3.5063,0,0,1,2,2,0.6856,0.9848,1,13,0,0,3,0.5765,7.3,0,0,0
3,0.3116,0,0,0,1,2,0.625,0.6333,0,8,0,-5,0,0.5195,5.69,0,0,1
3,4.9441,0,0,0,1,3,0.7022,1.0448,0,14,0,14,0,0.6572,8.74,0,0,0
3,4.2761,0,0,0,1,3,0.7625,1.0937,0,14,0,11,0,0.7094,9.91,0,0,0
3,0.0,1,0,0,1,2,0.7356,0.6567,0,8,2,4,0,0.5527,6.26,0,0,0
2,1.054,0,0,0,1,3,0.6317,3.2065,0,14,0,14,0,0.2153,60.62,0,0,1
3,-0.3116,0,0,0,1,2,0.8017,1.0472,1,14,1,10,3,0.6603,8.8,0,0,1
3,-3.1947,0,0,1,3,1,0.7111,0.5995,2,0,0,-11,6,0.4705,4.88,0,1,0
2,-2.6714,0,0,0,1,3,0.5792,1.1508,1,14,1,14,2,0.0253,11.28,0,0,0
1,0.2753,0,1,1,3,2,0.5283,5.2269,0,0,0,-1,0,0.1344,109.11,0,0,2
3,12.5472,0,0,1,1,1,0.7533,1.0241,0,14,0,6,0,0.6329,8.24,0,0,0
2,14.5401,0,0,0,1,2,0.5056,3.1329,1,14,1,10,2,0.2121,58.85,0,1,0
3,18.9768,0,0,0,1,3,0.6367,1.0008,0,14,0,14,0,0.5997,7.68,0,0,0
3,-0.3116,0,0,0,1,2,0.6898,0.919,2,14,2,1,6,0.4826,5.72,0,0,0
3,0.0,1,0,1,3,3,0.6844,0.674,1,0,0,-12,3,0.577,6.67,0,1,0
2,-0.3116,0,0,0,1,3,0.6058,3.684,1,14,1,11,2,0.3985,72.08,0,0,1
2,0.3116,0,0,1,2,1,0.6148,0.8852,1,1,0,-16,2,0.0697,11.74,0,0,1
3,-2.6714,0,0,1,3,1,0.7593,0.8919,2,6,1,-5,6,0.443,5.07,0,0,0
2,-0.6347,0,0,1,2,2,0.6139,0.8866,1,1,0,-9,2,0.0702,11.77,0,0,0
3,1.4671,0,0,1,3,3,0.6815,0.9224,0,6,1,0,0,0.4873,5.8,0,0,0
3,0.0,1,0,1,2,2,0.8033,0.634,1,1,0,-6,3,0.5206,5.71,0,0,0
3,0.2753,0,0,1,3,3,0.7167,0.9743,1,6,0,0,3,0.5617,7.05,0,0,0
2,2.7367,0,0,0,2,3,0.5717,15.15,1,1,0,-8,2,0.5298,240.0,0,1,2
3,-2.6714,0,0,1,3,2,0.77,1.0176,1,6,2,5,3,0.625,8.09,0,0,1
3,13.5788,0,0,1,2,1,0.7685,0.5769,0,1,0,1,0,0.4378,4.34,0,0,0
1,0.5869,0,0,1,2,1,0.5258,5.168,0,1,0,-4,0,0.1624,114.53,0,0,2
3,-2.6714,0,0,1,2,2,0.7185,0.9079,1,7,1,6,3,0.4662,5.45,0,0,0
3,0.3116,0,0,1,2,2,0.6787,0.6121,1,1,0,-15,3,0.4889,5.19,0,0,1
3,-13.4935,0,0,1,3,2,0.6417,13.4056,3,3,1,2,9,0.404,240.0,0,0,0
3,-0.3116,0,0,1,2,2,0.78,1.1185,2,7,0,-6,6,0.7373,10.51,0,1,0
3,0.3116,0,0,0,2,3,0.6954,0.6053,1,1,0,1,3,0.4794,5.02,0,0,1
3,0.0,1,0,0,2,3,0.8033,0.5909,1,4,0,-8,3,0.6803,2.96,0,0,0
2,2.3095,0,0,1,2,2,0.5264,12.5565,1,1,0,-6,2,0.1324,240.0,0,1,0
3,12.5472,0,1,1,2,2,0.6843,0.9217,0,7,0,-3,0,0.4858,5.79,0,0,0
3,-0.6347,0,0,0,2,3,0.8008,0.7405,2,1,0,-8,6,0.6656,8.27,0,0,0
3,-0.3116,0,0,1,2,1,0.8017,1.0619,1,7,0,-7,3,0.6767,9.15,0,0,0
3,-0.9894,0,0,1,2,2,0.7689,0.707,1,1,0,-3,3,0.6255,7.46,0,0,0
2,0.0,1,0,1,2,1,0.5481,2.3673,0,7,1,2,0,0.1931,40.48,0,0,0
3,-3.5063,0,0,1,2,2,0.7,0.98,2,7,1,0,6,0.5696,7.19,0,0,1
2,15.2306,0,0,1,2,1,0.6111,1.142,0,7,0,-10,0,0.0132,11.07,0,0,0
2,3.7969,0,0,1,2,2,0.5692,0.6812,0,1,0,-12,0,0.46,6.58,0,0,2
3,1.2345,0,0,0,2,3,0.7533,1.0987,0,7,0,-2,0,0.7152,10.03,0,0,0
3,5.2556,0,0,0,1,2,0.7144,0.7291,1,2,0,-5,3,0.6514,7.99,0,0,0
3,-1.301,0,0,1,2,2,0.6222,1.0055,2,7,1,0,6,0.6065,7.8,0,1,0
3,-2.3598,0,0,0,1,2,0.6333,0.6906,1,2,0,-8,3,0.6013,7.07,0,0,0
3,-4.1085,0,0,0,1,2,0.6325,2.0763,2,8,1,-2,6,0.7928,33.5,0,1,1
3,13.8065,0,0,0,1,3,0.7306,0.5916,1,2,0,2,3,0.4594,4.69,0,1,0
3,-0.3116,0,0,0,1,2,0.6481,0.8525,1,8,1,-5,3,0.4003,4.13,0,0,0
2,13.286,0,0,0,1,2,0.6089,0.904,0,2,0,1,0,0.076,12.19,0,0,1
3,9.5951,0,0,0,1,2,0.7011,1.0456,1,8,1,7,3,0.6577,8.76,0,0,0
3,0.5869,0,0,1,1,1,0.7344,0.6573,0,2,0,0,0,0.5533,6.27,0,0,0
3,-2.6714,0,0,0,1,2,0.7833,0.9521,2,8,2,7,6,0.5301,6.52,0,0,0
3,-1.301,0,0,1,1,1,0.7975,1.1099,2,8,0,0,6,0.7273,10.3,0,1,0
3,-1.301,0,0,0,1,2,0.7967,1.1105,2,8,2,1,6,0.7278,10.32,0,1,0
3,-1.2761,0,0,1,3,2,0.7537,0.8942,1,9,1,2,3,0.4462,5.13,0,0,0
3,-2.6714,0,0,1,3,1,0.7491,0.8958,1,9,2,4,3,0.4488,5.16,0,0,1
1,0.0,1,0,1,2,1,0.4944,2.5319,0,10,0,5,0,0.0032,44.43,0,0,1
2,1.2761,0,0,1,3,2,0.5306,1.002,0,0,0,-13,0,0.0824,8.15,0,0,0
1,12.9744,0,0,1,1,1,0.5815,4.2342,0,11,0,9,0,0.0064,85.29,0,0,2
2,-0.3116,0,0,0,1,2,0.6181,0.9553,2,11,2,7,4,0.0005,6.59,0,1,0
2,-0.6022,0,0,1,3,3,0.5511,1.0393,1,9,1,6,2,0.3487,6.46,0,0,2
3,-0.3116,0,0,1,1,1,0.6361,0.9407,2,2,0,-6,6,0.5132,6.24,0,0,0
2,8.417,0,0,1,1,1,0.6367,0.9526,0,11,0,11,0,0.309,4.39,0,0,2
2,-2.9522,0,0,0,2,3,0.7617,13.7508,0,1,0,-5,0,0.0729,240.0,0,0,1
2,9.5951,0,0,1,3,3,0.6176,1.1514,0,9,0,6,0,0.0264,11.3,0,0,0
2,-1.7251,0,1,0,1,2,0.6883,0.8669,1,2,0,-2,2,0.0292,9.59,0,1,1
2,-0.5869,0,0,1,3,3,0.6181,0.7769,1,0,0,0,2,0.0005,8.7,0,0,0
3,0.0,1,0,0,2,3,0.6454,0.8549,1,13,2,4,3,0.4019,4.18,0,0,0
2,2.7681,0,1,1,2,2,0.5361,1.0725,0,7,0,-3,0,0.2,16.23,0,0,0
2,7.6155,0,0,1,2,2,0.6065,0.808,0,4,0,-9,0,0.2971,9.7,0,0,1
2,14.5401,0,0,1,2,2,0.6028,1.1668,1,1,0,-12,2,0.0459,11.67,0,1,0
3,-0.9894,0,0,1,3,2,0.7522,0.6511,1,12,1,11,3,0.5448,6.12,0,1,0
2,-3.7969,0,0,1,3,2,0.5944,0.8344,1,9,1,2,2,0.0195,10.52,0,0,0
2,0.3298,0,0,1,3,2,0.5796,1.0778,0,6,0,-1,0,0.175,9.97,0,0,0
3,-1.301,0,0,1,3,3,0.7575,1.6473,3,12,3,6,9,0.7174,23.2,0,1,1
3,-1.5514,0,0,1,3,3,0.6611,1.0082,1,0,0,-6,3,0.3929,14.25,1,0,0
1,-1.5763,0,1,1,3,3,0.513,4.5393,1,0,0,-6,1,0.0043,99.0,0,1,2
2,-0.5869,0,0,1,3,3,0.6167,0.8513,1,0,0,-3,2,0.0005,10.48,0,0,0
2,9.8286,0,0,1,3,1,0.6759,0.7315,0,0,0,0,0,0.0011,7.61,0,0,0
3,-0.6347,0,0,1,2,1,0.7783,0.7715,1,13,1,2,3,0.6994,9.01,0,0,0
2,16.251,0,0,1,3,3,0.6358,4.6323,0,0,0,0,0,0.2846,101.23,0,0,1
3,21.9251,0,0,1,3,2,0.663,1.0064,0,0,0,0,0,0.3919,14.21,0,0,0
1,-1.5514,0,0,1,3,3,0.5185,4.394,1,0,0,-6,1,0.0032,95.51,0,0,1
3,-0.2753,0,0,1,3,1,0.7617,1.3698,2,0,0,-14,6,0.7099,22.93,0,0,0
3,-3.5063,0,1,1,2,2,0.6417,0.9384,1,1,0,-9,3,0.51,6.19,0,0,0
1,17.6034,0,0,1,3,3,0.5019,0.9408,0,6,0,3,0,0.0543,12.81,0,0,1
3,-1.5514,0,1,1,3,1,0.7708,2.4021,2,0,0,-2,6,0.8156,47.7,0,0,1
3,-0.2753,0,1,1,3,2,0.8019,0.9615,1,0,0,-1,3,0.3755,13.13,0,0,1
2,-1.2216,0,0,1,3,3,0.6139,0.8674,2,0,0,-6,4,0.0005,10.87,0,0,0
2,12.6991,0,0,1,3,3,0.5956,4.8774,0,0,0,-6,0,0.3826,107.11,0,0,1
2,12.2719,0,0,1,3,1,0.6111,0.7841,0,0,0,-11,0,0.0005,8.87,0,0,0
3,-3.7816,0,0,1,3,2,0.8008,0.9629,2,0,0,-13,6,0.3761,13.16,0,1,1
2,-1.5763,0,1,1,3,3,0.6167,0.7333,1,0,0,-6,2,0.0005,7.65,0,0,0
3,-0.5869,0,0,1,3,3,0.788,0.755,2,0,0,-12,6,0.3932,8.17,0,1,0
3,0.9591,0,0,1,3,1,0.8017,0.8165,0,0,0,-5,0,0.389,9.65,0,0,0
1,-1.5763,0,0,1,3,2,0.6017,2.9566,2,0,0,-4,2,0.0154,61.01,0,1,1
2,-1.5763,0,0,1,3,2,0.6231,2.0723,2,0,0,-1,4,0.0197,39.79,0,1,1
3,-0.5869,0,0,1,3,2,0.7898,0.7639,2,0,0,-1,6,0.3923,8.39,0,0,0
2,22.231,0,0,1,3,1,0.5861,1.4244,0,0,0,0,0,0.0227,24.24,0,0,0
3,-2.9467,0,0,1,2,2,0.7713,1.1624,1,1,0,-3,3,0.4362,17.95,0,0,0
2,-1.4371,0,0,0,2,3,0.6133,0.8794,1,7,0,-8,2,0.3319,11.42,0,0,2
2,19.6748,0,0,1,2,1,0.62,0.6836,0,10,0,2,0,0.0005,5.19,0,0,1
2,14.2648,0,1,1,2,2,0.6308,3.3117,1,1,0,0,2,0.2194,69.53,0,1,1
3,-1.5514,0,0,1,2,1,0.7978,0.8421,1,1,0,-7,3,0.3859,10.26,0,0,0
2,0.0,1,0,1,3,2,0.612,12.577,0,9,0,-4,0,0.1564,240.0,0,0,0
3,4.0008,0,0,0,2,3,0.8033,0.7668,1,1,0,1,3,0.3934,8.46,0,1,0
3,4.0008,0,0,0,2,3,0.6602,1.0091,1,1,0,1,3,0.3935,14.27,0,0,0
3,0.5869,0,0,1,3,3,0.7908,0.8013,1,3,1,3,3,0.731,9.73,0,0,0
3,-1.5763,0,0,1,2,2,0.675,0.9931,3,1,0,-3,9,0.385,13.89,0,1,0
3,0.0,1,1,1,2,2,0.688,0.976,2,1,0,0,6,0.3776,13.48,1,2,0
3,4.6687,0,1,1,2,2,0.7989,0.8301,1,1,0,0,3,0.3869,9.97,0,1,0
3,4.6687,0,0,0,2,3,0.6907,0.9685,0,1,0,-11,0,0.3761,13.3,0,0,0
1,14.2648,0,0,1,2,2,0.5241,5.3805,0,1,0,-9,0,0.0909,119.18,0,0,2
3,-1.5763,0,1,1,2,1,0.8019,0.9404,1,1,0,-7,3,0.3755,12.62,0,1,0
3,4.6687,0,0,1,2,2,0.8022,0.9544,1,1,0,-3,3,0.3755,12.96,0,0,0
3,13.4935,0,0,1,2,2,0.8017,0.6048,0,10,0,3,0,0.6877,3.3,0,0,0
3,-0.5869,0,0,1,2,1,0.8,1.0203,2,1,0,-4,6,0.3993,14.54,0,0,0
2,-3.7816,0,0,1,2,2,0.5028,3.4175,2,1,0,-3,4,0.2131,72.07,0,1,0
3,-2.2301,0,1,1,2,1,0.6475,0.9255,1,4,1,2,3,0.8932,6.32,0,0,0
3,-0.2753,0,0,1,2,1,0.8022,0.9515,2,1,0,-13,6,0.3755,12.89,0,0,0
3,-4.3838,0,0,1,2,1,0.8008,0.8723,1,1,0,-13,3,0.3803,10.99,0,1,0
2,4.6687,0,0,0,2,3,0.6156,1.3099,0,7,0,7,0,0.0005,21.49,0,0,1
3,0.0,1,1,1,2,1,0.6741,0.9941,1,1,0,-1,3,0.3855,13.91,0,1,0
3,1.1918,0,1,1,2,2,0.8008,0.9606,2,1,0,-9,6,0.3755,13.11,0,0,0
3,-1.2216,0,0,1,2,2,0.8011,0.9264,1,1,0,-6,3,0.3787,12.29,0,0,0
3,0.9591,0,0,1,2,1,0.662,1.0076,0,1,0,-1,0,0.3924,14.23,0,0,0
2,7.6325,0,0,1,2,1,0.6222,0.8117,0,1,0,1,0,0.0005,9.53,0,0,0
2,12.2719,0,0,1,2,2,0.6167,0.9453,1,1,0,0,2,0.0005,12.74,0,0,0
3,-1.5514,0,0,1,2,2,0.8008,0.927,2,1,0,-3,6,0.3787,12.3,0,0,0
3,4.6687,0,0,1,2,1,0.7792,1.3583,1,1,0,-13,3,0.6988,22.65,0,0,0
3,-0.2753,0,0,0,2,3,0.8022,0.7447,3,1,0,-14,9,0.3942,7.93,0,1,0
3,9.9624,0,0,0,2,3,0.6593,1.0104,2,1,0,-11,6,0.394,14.3,0,2,0
2,0.9591,0,0,1,2,2,0.6769,0.7781,0,1,0,-9,0,0.0005,8.73,0,0,0
1,-1.5514,0,0,1,2,1,0.4958,4.4204,1,1,0,-4,1,0.0048,96.14,1,1,1
3,-3.7816,0,1,1,2,1,0.8,0.835,1,1,0,-10,3,0.3864,10.09,0,0,0
3,0.0,1,0,1,2,2,0.8,0.8916,1,1,0,-3,3,0.3803,11.45,0,1,0
3,-0.2753,0,0,1,2,1,0.6565,1.0136,2,1,0,-13,6,0.3956,14.38,0,0,0
2,3.0323,0,0,1,2,2,0.6181,0.7417,0,1,0,1,0,0.0005,7.85,0,0,0
2,4.6687,0,1,1,2,2,0.6167,0.7397,1,1,0,0,2,0.0005,7.81,0,0,0
3,-1.5514,0,1,0,2,3,0.7917,1.3879,2,1,1,1,6,0.7305,23.36,0,2,0
3,-0.5869,0,0,1,2,1,0.7411,1.3039,1,1,0,-4,3,0.6387,21.35,0,0,0
2,-1.5514,0,1,1,2,1,0.6139,0.9588,1,1,0,-1,2,0.0005,13.06,0,0,0
3,-2.9467,0,0,1,2,1,0.8022,0.8341,1,1,0,-10,3,0.3869,10.07,0,0,0
2,0.9591,0,0,0,2,3,0.4875,2.6066,0,1,0,1,0,0.1473,52.61,0,0,1
2,13.2196,0,1,1,2,2,0.6181,0.7995,1,1,0,-6,2,0.0005,9.24,0,1,0
2,-2.9467,0,0,1,2,1,0.6759,0.7295,1,1,0,-4,2,0.0005,7.56,0,0,0
3,10.7567,0,0,1,2,2,0.6704,0.9982,1,1,0,0,3,0.3877,14.01,0,1,0
3,-0.2753,0,0,1,2,2,0.8011,0.9181,3,1,0,-12,9,0.3797,12.09,0,0,1
3,-0.5869,0,0,0,2,3,0.8008,0.8767,2,1,0,-2,6,0.3792,11.09,0,0,1
3,-2.9467,0,0,1,2,1,0.6676,1.0011,1,1,0,-4,3,0.3892,14.08,0,0,0
2,4.6687,0,1,0,2,3,0.6236,0.9425,0,1,0,1,0,0.0005,12.67,0,0,0
3,-1.2216,0,0,1,2,2,0.8,0.8248,4,1,0,-12,12,0.3875,9.85,0,1,0
1,11.8327,0,0,0,2,3,0.5278,3.9718,0,1,0,1,0,0.0021,85.38,0,0,1
2,-1.5763,0,0,1,2,1,0.6093,0.6561,1,1,0,-4,2,0.0068,5.8,0,1,0
1,0.9591,0,0,1,2,1,0.5259,4.5788,0,1,0,-10,0,0.0032,99.94,0,0,2
1,12.2719,0,0,1,2,1,0.5097,4.3666,0,1,0,-4,0,0.0032,94.85,0,0,1
2,9.9624,0,0,1,2,2,0.6222,0.7945,1,1,0,0,2,0.0005,9.12,0,1,0
3,-3.7816,0,1,0,2,3,0.6574,1.0123,2,1,0,-8,6,0.395,14.35,0,2,0
3,-0.5869,0,0,1,2,2,0.8022,0.8077,2,1,0,-9,6,0.3899,9.44,0,0,0
2,1.1918,0,0,1,2,2,0.6074,3.6249,0,1,0,-6,0,0.2338,77.05,0,0,0
1,-0.5869,0,0,1,2,2,0.5833,2.9326,1,1,0,-9,1,0.0144,60.44,0,1,2
3,-1.2216,0,0,1,2,2,0.8017,0.7631,2,1,0,0,6,0.3923,8.37,0,1,0
2,13.2196,0,1,0,2,3,0.5833,2.5041,1,1,0,-5,2,0.0213,50.15,0,1,0
3,-4.3838,0,0,1,2,2,0.7683,1.8968,1,1,0,-3,3,0.7105,35.58,0,1,0
2,17.7861,0,0,1,2,2,0.6142,3.9467,1,1,0,-3,2,0.3931,84.77,0,1,2
3,0.0,1,0,1,2,2,0.8033,0.8044,2,1,1,-3,6,0.3894,9.36,0,1,0
3,0.0,1,1,0,1,3,0.8033,0.8014,0,2,1,2,0,0.3892,9.29,0,0,0
2,1.1918,0,0,0,1,2,0.6852,0.8624,0,2,0,1,0,0.0005,10.75,0,0,0
2,-1.5514,0,0,0,1,2,0.6056,0.484,1,2,0,-5,2,0.0084,1.67,0,0,0
3,0.0,1,0,0,1,3,0.8008,0.7578,0,2,0,-4,0,0.3944,8.24,0,0,0
3,-1.2216,0,0,1,1,1,0.8008,0.8664,2,2,0,0,6,0.3808,10.85,0,0,0
3,0.9591,0,0,0,1,2,0.8033,0.9524,1,2,0,-2,3,0.3755,12.91,0,0,0
2,-1.2216,0,0,0,1,2,0.6144,1.6269,1,2,1,1,2,0.0386,29.1,0,0,1
3,-1.5763,0,0,1,1,1,0.8,0.7963,3,2,0,0,9,0.3913,9.16,0,0,0
3,-0.5869,0,0,0,1,2,0.688,0.9778,1,2,1,1,3,0.3776,13.52,0,0,0
3,-1.5763,0,0,0,1,2,0.8017,0.9193,3,2,2,1,9,0.3797,12.12,0,1,0
2,-1.5763,0,0,1,1,1,0.6111,0.6684,2,2,1,0,4,0.0053,6.09,0,0,0
2,-4.3838,0,0,0,1,2,0.5958,0.5495,2,2,1,-5,4,0.0121,3.24,0,1,0
3,-0.5869,0,0,0,1,2,0.6769,0.9912,2,2,2,1,6,0.384,13.84,0,1,0
3,-0.2753,0,0,1,1,1,0.8011,0.7469,2,2,0,-12,6,0.3953,7.98,0,1,0
3,-0.5869,0,0,0,1,3,0.8017,0.8713,2,2,0,-1,6,0.3803,10.96,0,1,0
3,-2.9467,0,0,0,1,2,0.8033,0.9132,3,2,0,-2,9,0.3782,11.97,0,1,0
3,-1.2216,0,1,0,1,3,0.8017,0.7913,1,2,0,-7,3,0.3918,9.04,0,0,0
2,14.9553,0,1,1,1,1,0.6167,0.9,0,2,0,-6,0,0.0011,11.65,0,0,0
2,-4.3838,0,0,0,1,3,0.562,3.8069,2,2,0,-4,4,0.3228,81.42,0,1,2
2,15.7487,0,0,1,1,1,0.6241,1.7634,0,2,0,2,0,0.0053,32.37,0,0,0
3,0.9591,0,0,0,1,2,0.8017,0.7497,1,2,0,-2,3,0.3942,8.05,0,1,0
3,-1.5763,0,0,0,1,2,0.8017,0.8937,3,2,1,1,9,0.3808,11.5,0,0,0
3,-0.5869,0,0,0,1,2,0.8,0.8104,1,2,0,-11,3,0.3896,9.5,0,1,0
3,-1.2216,0,1,0,1,3,0.8008,0.9039,1,2,0,-7,3,0.3792,11.75,0,0,0
3,-2.9467,0,0,1,1,1,0.8011,0.7201,3,2,0,-9,9,0.3995,7.34,0,0,0
3,-1.5514,0,0,0,1,3,0.787,0.77,1,2,0,-1,3,0.3939,8.53,0,0,0
3,-0.5869,0,0,1,1,1,0.8019,0.9476,2,2,0,-9,6,0.3755,12.79,0,0,0
3,-0.5869,0,0,1,1,1,0.8033,0.7902,2,2,1,-3,6,0.3918,9.02,0,0,0
3,-0.9463,0,1,1,2,1,0.6956,0.9818,3,1,0,-10,9,0.5717,7.23,0,2,0
3,12.2719,0,0,0,1,2,0.8008,0.7822,0,2,0,1,0,0.3928,8.83,0,0,0
2,22.5914,0,0,0,1,2,0.613,0.8642,0,2,0,2,0,0.0005,10.79,0,0,0
3,-1.5514,0,0,0,1,3,0.8022,0.9149,1,2,0,-1,3,0.3782,12.01,0,0,0
2,4.6687,0,0,0,1,2,0.5917,4.6557,0,2,0,-8,0,0.282,101.79,0,0,1
2,-0.5869,0,0,0,1,2,0.5417,5.0964,2,2,0,-8,4,0.4777,112.37,0,2,2
2,17.7861,0,1,1,1,1,0.6111,0.7303,0,2,0,0,0,0.0005,7.58,0,0,0
3,0.0,1,0,1,1,1,0.8008,0.7227,2,2,1,-3,6,0.4,7.4,0,0,0
2,-1.5763,0,0,1,1,1,0.5509,3.6886,2,2,0,0,4,0.2659,78.58,0,2,1
3,-1.5763,0,0,0,1,2,0.8017,0.964,3,2,2,1,9,0.3755,13.19,0,1,0
2,9.9624,0,0,1,1,1,0.6311,4.6634,0,2,0,-6,0,0.2852,101.97,0,0,1
3,-2.9467,0,0,1,1,1,0.8019,0.8846,1,2,0,-3,3,0.3792,11.28,0,1,0
2,4.6687,0,0,1,3,3,0.5796,3.6555,2,3,1,3,4,0.2493,77.78,0,2,0
3,-1.7251,0,0,1,2,2,0.7292,0.7475,1,10,1,9,3,0.7357,6.72,0,0,1
3,-1.5514,0,0,1,3,3,0.8022,0.9322,2,3,0,-3,6,0.3776,12.43,0,1,0
3,-0.2753,0,0,1,3,3,0.8,0.9069,2,3,0,-9,6,0.3782,11.82,0,1,0
3,0.0,1,0,1,3,2,0.7989,0.8126,2,3,1,2,6,0.3896,9.56,0,1,0
3,14.9553,0,0,1,3,2,0.6556,1.0147,0,3,0,-4,0,0.3961,14.4,0,0,0
3,-0.2753,0,0,1,3,2,0.8017,0.9487,2,3,0,-13,6,0.3755,12.82,0,0,0
3,-1.5514,0,0,1,3,1,0.8017,0.9244,1,3,1,1,3,0.3787,12.24,0,0,0
2,4.0008,0,0,1,3,1,0.6236,0.9331,0,3,0,-2,0,0.0005,12.45,1,0,0
2,12.6991,0,0,1,3,1,0.6222,0.7662,0,3,0,1,0,0.0005,8.44,0,0,0
2,0.9591,0,0,1,3,2,0.6111,0.7527,0,3,0,-7,0,0.0011,8.12,0,0,0
2,-11.3436,0,0,1,1,1,0.6014,11.2793,2,5,0,0,4,0.01,240.0,0,1,0
3,-1.2216,0,0,1,3,1,0.8033,0.9223,1,3,0,-8,3,0.3787,12.19,0,0,0
3,-1.2216,0,0,1,3,1,0.8011,0.824,3,3,1,-2,9,0.3875,9.83,0,0,0
3,-2.9467,0,0,1,3,2,0.6546,1.0153,2,3,0,-1,6,0.3966,14.42,0,0,0
2,-0.5869,0,0,1,3,3,0.7694,0.6761,1,3,0,-3,2,0.0053,6.28,0,0,0
3,-0.2753,0,0,1,3,3,0.8022,0.8805,2,3,1,-3,6,0.3797,11.19,0,0,0
3,20.2307,0,0,1,3,2,0.7867,0.6316,1,9,0,9,3,0.7002,3.94,0,1,0
1,17.7861,0,0,1,3,1,0.4954,2.8972,0,3,0,1,0,0.0106,59.59,0,0,1
2,-0.2753,0,0,1,3,2,0.6907,0.9232,2,3,1,-1,4,0.0005,12.21,0,0,0
3,10.7567,0,0,1,3,1,0.8033,0.7833,0,3,0,-11,0,0.3923,8.85,0,0,0
3,-1.5514,0,0,1,3,1,0.6898,0.972,3,3,1,1,9,0.3766,13.38,0,2,0
2,0.0,1,0,1,3,1,0.6009,2.6968,0,3,1,1,0,0.2606,54.78,0,0,1
3,-0.2753,0,0,1,3,1,0.8011,0.8448,3,3,0,-8,9,0.3866,10.33,0,0,1
3,-0.2753,0,0,1,3,2,0.8022,0.8592,2,3,0,-13,6,0.3824,10.67,0,0,1
3,0.0,1,1,1,3,3,0.8011,0.8187,1,3,0,0,3,0.389,9.7,1,0,0
2,-12.3081,0,0,1,2,1,0.6074,11.3463,1,10,1,5,2,0.0131,240.0,0,0,0
2,-0.5869,0,0,1,3,1,0.6267,2.6198,2,3,0,-11,4,0.1638,52.93,0,1,1
2,-1.5514,0,0,1,2,2,0.6167,1.354,2,4,0,-3,4,0.0005,22.55,0,1,0
3,-0.5869,0,0,1,2,2,0.7989,0.8368,1,4,0,-9,3,0.3869,10.13,0,0,0
2,14.2648,0,0,1,2,2,0.6111,0.4499,1,4,0,-9,2,0.0063,0.85,0,1,0
3,-0.2753,0,0,0,2,3,0.8017,0.832,2,4,1,-2,6,0.3875,10.02,0,0,0
3,0.9591,0,0,1,2,2,0.8017,0.8144,0,4,0,-3,0,0.3896,9.6,0,0,1
2,4.0008,0,0,1,2,2,0.6139,0.8865,1,4,1,0,2,0.0005,11.33,0,1,0
3,-0.2753,0,0,1,2,2,0.8011,0.8756,2,4,1,-12,6,0.3797,11.07,0,0,0
3,-0.5869,0,0,1,2,2,0.8019,0.9507,2,4,1,3,6,0.375,12.87,0,0,0
3,-0.5869,0,0,0,2,3,0.8008,0.8277,2,4,1,-8,6,0.3885,9.92,0,0,0
3,-1.5514,0,0,1,2,2,0.8008,0.8412,1,4,1,3,3,0.3864,10.24,0,0,0
3,0.0,1,0,0,2,3,0.7967,0.8431,0,4,0,4,0,0.3859,10.29,0,0,0
2,-1.5763,0,0,0,2,3,0.6222,0.8521,2,4,1,4,4,0.0005,10.5,0,0,0
2,-1.5514,0,1,1,2,2,0.6167,0.8945,1,4,0,0,2,0.0005,11.52,0,0,0
2,-1.5514,0,0,1,2,2,0.6236,0.9669,1,4,0,-3,2,0.0005,13.26,0,0,0
2,-1.5514,0,0,1,2,1,0.6028,2.5313,2,4,1,2,4,0.0548,50.8,0,2,0
3,1.1918,0,0,1,2,2,0.6787,0.989,1,4,0,-3,3,0.3829,13.79,0,1,0
3,-0.5869,0,0,1,2,1,0.8011,0.8199,2,4,0,-7,6,0.3885,9.73,0,0,0
2,-3.7816,0,1,0,2,3,0.6289,3.531,2,4,1,4,4,0.2149,74.8,0,1,0
2,14.8517,0,0,1,2,1,0.6156,0.8665,0,1,0,-4,0,0.0602,11.29,0,0,1
3,-0.5869,0,0,1,2,2,0.6648,1.0043,2,4,1,-6,6,0.3908,14.15,0,0,0
3,-1.2216,0,0,1,2,1,0.8017,0.9019,2,4,0,-1,6,0.3792,11.7,0,1,0
3,14.2648,0,0,1,2,2,0.6639,1.0051,2,4,1,0,6,0.3914,14.17,0,1,0
2,15.7979,0,0,1,2,2,0.6289,3.5847,1,4,0,4,2,0.2199,76.09,0,1,2
2,17.7861,0,0,1,2,2,0.5986,2.4998,0,4,0,-3,0,0.0154,50.05,0,0,2
2,-1.5763,0,0,0,2,3,0.6236,0.9355,2,4,0,-2,4,0.0005,12.51,0,1,0
3,-3.7816,0,0,1,2,2,0.8033,0.9007,3,4,0,-6,9,0.3803,11.67,0,1,0
3,-1.5763,0,0,1,2,2,0.8008,0.8745,2,4,0,0,6,0.3797,11.04,0,0,0
3,-3.7816,0,0,0,2,3,0.8011,0.7477,1,4,1,1,3,0.3953,8.0,0,0,0
3,-0.2753,0,0,0,2,3,0.8022,0.9254,1,4,0,-8,3,0.3787,12.26,0,0,0
3,0.0,1,0,1,2,1,0.6935,0.9559,0,4,0,-4,0,0.3745,12.99,0,0,0
1,13.2196,0,0,1,2,2,0.5926,4.5878,0,4,0,-3,0,0.0021,100.16,0,0,2
2,9.9624,0,0,0,2,3,0.6222,0.7985,0,4,0,-5,0,0.0005,9.22,0,0,0
2,1.1918,0,0,1,2,1,0.5567,5.205,0,4,0,-4,0,0.5395,114.97,0,0,1
3,-3.7816,0,0,0,2,3,0.8022,0.9498,2,4,2,1,6,0.375,12.85,0,0,0
3,-1.2216,0,0,1,2,2,0.8033,0.97,2,4,0,-3,6,0.3766,13.33,0,0,0
3,4.6687,0,0,1,2,1,0.7815,1.1586,2,4,2,-13,6,0.4304,17.86,0,2,0
3,-0.5869,0,0,1,2,2,0.7978,0.8382,1,4,1,-9,3,0.3864,10.17,0,0,0
2,-1.5763,0,0,1,2,2,0.6222,0.8269,1,4,1,-3,2,0.0005,9.9,0,0,1
3,9.9624,0,0,1,2,2,0.6843,0.982,1,4,0,-9,3,0.3797,13.62,0,0,0
2,12.0313,0,0,0,2,3,0.7642,1.5074,1,4,1,4,2,0.0739,26.23,0,0,1
2,-0.5869,0,0,1,2,1,0.6233,1.9252,2,4,0,-4,4,0.0005,36.26,0,1,1
3,-1.2761,0,0,0,2,3,0.8008,1.1083,4,1,0,-2,12,0.7252,10.26,0,3,0
2,-1.5514,0,0,0,2,3,0.613,0.84,1,4,1,4,2,0.0005,10.21,0,0,0
3,-3.7816,0,0,1,2,2,0.7991,0.9158,2,4,1,-3,6,0.3782,12.03,0,1,0
3,4.6687,0,0,1,2,1,0.7989,0.7326,0,4,0,2,0,0.3989,7.63,0,0,0
3,-0.5869,0,0,1,2,2,0.8008,0.775,2,4,0,0,6,0.3949,8.65,0,1,0
2,-1.5763,0,0,1,2,1,0.6111,0.5727,2,4,1,-4,4,0.0121,3.8,0,0,0
3,0.0,1,0,1,2,2,0.8033,0.9027,1,4,1,-3,3,0.3792,11.72,0,1,0
2,9.9624,0,0,1,1,1,0.6111,0.7246,0,5,0,-6,0,0.0005,7.44,0,0,0
3,-0.2753,0,0,0,1,2,0.6861,0.98,3,5,0,-11,9,0.3787,13.57,0,1,1
3,12.6991,0,0,0,1,2,0.8017,0.905,0,5,0,4,0,0.3787,11.77,0,0,0
3,0.0,1,0,0,1,2,0.6342,2.3501,1,5,1,4,3,0.7917,46.45,0,1,0
3,-0.2753,0,0,0,1,2,0.8008,0.7234,3,5,2,1,9,0.4,7.42,0,0,0
2,4.6687,0,0,0,1,3,0.8022,0.8692,0,5,0,5,0,0.0011,10.91,0,0,1
3,-1.2216,0,0,1,1,1,0.8022,0.8358,2,5,2,3,6,0.3869,10.11,0,0,0
2,-4.5877,0,1,1,2,2,0.5972,4.5423,2,1,0,-3,4,0.0116,99.43,0,1,0
3,4.0008,0,0,1,1,1,0.8008,0.7276,0,5,0,3,0,0.3989,7.52,0,0,0
2,-1.2216,0,0,0,1,3,0.6181,0.7955,1,5,1,2,2,0.0005,9.14,0,0,0
3,-1.2216,0,0,0,1,2,0.7783,1.8655,2,5,2,4,6,0.7055,34.82,0,0,0
3,-1.2216,0,0,1,1,1,0.6472,1.2116,2,5,1,-12,6,0.5069,19.13,0,0,0
3,-0.5869,0,0,0,1,3,0.8022,0.8137,2,5,0,-4,6,0.3901,9.58,0,0,0
2,-1.5514,0,0,0,1,3,0.7442,1.4351,1,5,0,-1,2,0.0369,24.5,1,0,1
2,-1.5514,0,0,0,1,2,0.6787,0.7934,1,5,1,4,2,0.0005,9.09,0,0,0
2,-1.5514,0,0,0,1,2,0.6046,1.4403,1,5,1,4,2,0.0438,24.62,0,0,0
2,-3.7816,0,1,0,1,2,0.6233,4.7518,1,5,1,4,2,0.3149,104.1,0,0,1
3,-2.9467,0,0,1,1,1,0.6657,1.0034,2,5,1,0,6,0.3903,14.13,0,0,0
3,4.0008,0,0,0,1,2,0.7633,1.2954,0,5,1,1,0,0.6282,21.14,0,0,0
2,-4.3838,0,0,0,1,3,0.62,1.9614,1,5,0,-4,2,0.0005,37.13,0,0,1
2,12.6991,0,0,0,1,3,0.6759,0.7368,0,5,0,-4,0,0.0005,7.74,0,0,0
3,-0.5869,0,0,0,1,3,0.8017,0.9058,2,5,2,5,6,0.3787,11.79,0,0,0
2,-4.3838,0,0,0,1,2,0.6111,0.8209,1,5,1,4,2,0.0005,9.75,0,1,0
3,-1.2216,0,0,0,1,2,0.8017,0.7426,2,5,0,-8,6,0.3958,7.88,0,1,0
3,-1.5514,0,0,0,1,2,0.8017,0.8616,1,5,1,4,3,0.3819,10.73,0,0,0
3,0.0,1,0,1,1,1,0.6926,0.9659,0,5,1,3,0,0.375,13.23,0,0,0
2,-4.3838,0,0,1,3,2,0.5989,2.7093,1,6,0,-10,2,0.2777,55.08,0,0,0
2,-3.7816,0,0,1,3,3,0.6069,0.4822,2,6,1,0,4,0.0079,1.63,0,2,0
2,-1.5514,0,1,1,3,1,0.6222,0.8552,2,6,1,-2,4,0.0005,10.58,0,1,0
2,1.1918,0,0,1,3,1,0.6194,2.6886,1,6,1,-5,2,0.25,54.58,0,1,2
3,-1.5763,0,0,1,3,1,0.8017,0.9087,2,6,1,-2,6,0.3787,11.86,0,1,1
3,-1.5763,0,0,1,3,2,0.8017,0.8855,1,6,0,-1,3,0.3803,11.3,0,0,0
3,13.2196,0,0,1,3,3,0.8008,0.971,2,6,1,0,6,0.3771,13.36,0,2,1
3,-1.5763,0,0,1,3,1,0.8008,0.9203,1,6,0,-2,3,0.3803,12.14,0,0,0
2,-1.5514,0,0,1,3,3,0.6167,0.7709,2,6,1,6,4,0.0005,8.55,0,0,0
3,-0.2753,0,1,1,3,3,0.6852,0.8774,2,6,1,3,6,0.3792,11.11,0,0,0
3,-0.2753,0,0,1,3,3,0.8008,0.7763,1,6,1,6,3,0.3944,8.68,0,0,1
3,-0.5869,0,0,1,3,1,0.7991,0.8898,2,6,0,-2,6,0.3808,11.41,0,0,2
3,-4.3838,0,0,1,3,1,0.8033,0.9212,2,6,0,-11,6,0.3792,12.16,0,0,0
2,-1.5514,0,0,1,3,2,0.6861,0.8908,2,6,1,5,4,0.0005,11.43,0,1,0
3,12.6991,0,0,1,3,3,0.7992,1.0214,1,6,0,-6,3,0.3998,14.57,0,0,0
1,4.6687,0,0,1,3,3,0.5222,4.4823,0,6,0,3,0,0.007,97.63,0,0,1
3,-3.7816,0,0,1,3,2,0.8022,0.8309,1,6,2,5,3,0.3875,9.99,0,0,1
3,-0.5869,0,1,1,3,2,0.8011,0.7455,2,6,1,-7,6,0.3947,7.95,0,0,0
3,-1.2216,0,0,1,3,1,0.8022,0.8531,1,6,1,4,3,0.3834,10.53,0,0,0
2,-1.5763,0,0,1,2,1,0.6069,0.4442,1,7,0,-1,2,0.0058,0.71,0,0,0
3,-2.9467,0,0,0,2,3,0.6713,0.9973,2,7,1,4,6,0.3871,13.99,0,0,0
3,0.9591,0,0,1,2,2,0.8008,0.7435,1,7,0,6,3,0.3958,7.9,0,1,0
2,-1.2216,0,0,0,2,3,0.6167,0.8329,2,7,0,-2,4,0.0005,10.04,0,0,0
2,-0.2753,0,0,0,2,3,0.6181,0.849,2,7,0,-8,4,0.0005,10.43,0,1,0
3,-0.2753,0,0,1,2,2,0.8033,0.9412,3,7,1,0,9,0.3761,12.64,0,0,0
3,9.9624,0,0,1,2,1,0.8008,1.0196,1,7,1,5,3,0.3987,14.52,0,1,0
3,-3.7816,0,0,1,2,1,0.7692,1.8943,3,7,2,5,9,0.7105,35.52,0,1,1
3,-1.2216,0,0,1,2,2,0.8008,0.8481,2,7,0,-9,6,0.385,10.41,0,1,0
2,-1.2216,0,0,1,2,1,0.6111,0.7285,1,7,0,-10,2,0.0005,7.54,0,0,0
3,-1.2216,0,0,1,2,1,0.6759,0.9923,2,7,1,-4,6,0.3845,13.87,0,0,0
2,14.2648,0,1,0,2,3,0.6296,3.7256,0,7,0,1,0,0.2848,79.47,0,0,1
3,-0.5869,0,0,1,2,2,0.7991,1.1516,1,7,1,3,3,0.4204,17.69,0,0,0
2,12.2719,0,0,1,2,2,0.6153,0.5637,0,7,0,0,0,0.0142,3.58,0,0,0
3,-0.9645,0,0,1,2,2,0.6256,0.693,2,7,1,6,6,0.605,7.13,0,0,0
2,-4.3838,0,0,1,2,1,0.5676,3.8019,1,7,1,2,2,0.3196,81.3,0,0,1
2,-0.2753,0,0,1,2,2,0.6194,1.9382,2,7,2,6,4,0.0005,36.57,0,1,0
2,15.6875,0,0,1,2,1,0.6322,3.5204,1,7,0,2,2,0.2154,74.54,0,1,0
3,-2.9467,0,0,0,2,3,0.8,0.8885,1,7,1,4,3,0.3803,11.38,0,0,0
2,-0.5869,0,0,0,2,3,0.6056,4.7668,1,7,1,4,2,0.3229,104.46,0,1,0
3,-1.2216,0,0,1,2,2,0.6556,1.3401,2,7,0,-6,6,0.6793,22.22,0,0,0
3,-0.5869,0,0,1,2,1,0.8,0.846,1,7,1,2,3,0.3866,10.36,0,0,1
3,-0.5869,0,0,1,2,1,0.8028,0.9565,1,7,1,5,3,0.375,13.01,0,0,0
3,-0.2753,0,0,1,2,1,0.7889,0.7884,1,7,1,-1,3,0.3918,8.97,0,0,0
3,-1.2216,0,0,1,2,1,0.6722,0.9964,1,7,0,-4,3,0.3866,13.97,0,0,0
3,12.6991,0,0,1,2,2,0.7898,0.7872,0,7,0,-9,0,0.3913,8.95,0,0,0
3,0.0,1,0,1,2,2,0.8017,0.7618,0,7,1,3,0,0.3928,8.34,0,0,0
3,9.9624,0,1,0,2,3,0.8022,0.9534,0,7,0,-5,0,0.3755,12.93,0,0,0
2,14.2648,0,0,1,2,1,0.6759,0.7688,0,7,0,5,0,0.0005,8.51,0,0,0
3,-0.5869,0,0,0,2,3,0.7789,1.2908,2,7,1,-2,6,0.6208,21.03,0,0,0
2,22.9684,0,0,0,2,3,0.5046,2.663,0,7,1,7,0,0.2176,53.97,0,0,1
3,-1.5514,0,0,1,2,1,0.8,0.9466,2,7,2,5,6,0.3761,12.77,0,1,0
3,-2.9467,0,0,1,2,2,0.6537,1.0166,2,7,2,3,6,0.3972,14.45,0,1,0
3,-0.5869,0,0,1,2,2,0.687,0.9792,3,7,3,3,9,0.3782,13.55,0,3,0
3,14.2648,0,1,1,2,2,0.6694,0.9993,0,7,0,0,0,0.3882,14.04,0,0,0
2,-1.2216,0,0,0,2,3,0.6167,4.9498,2,7,1,-2,4,0.4293,108.85,0,2,2
3,0.0,1,0,0,2,3,0.8008,0.9435,1,7,1,7,3,0.3766,12.7,0,0,1
3,4.6687,0,1,1,2,2,0.8008,0.8634,0,7,0,0,0,0.3819,10.77,0,0,2
2,0.0,1,1,1,2,1,0.6102,0.6331,0,7,0,-1,0,0.0079,5.25,0,0,0
3,4.0008,0,0,1,2,2,0.7925,1.8475,1,7,1,0,3,0.6961,34.39,0,0,0
2,-4.3838,0,0,1,2,2,0.637,3.5489,1,7,1,6,2,0.216,75.23,0,0,0
2,18.4532,0,0,1,2,1,0.6181,0.8987,0,7,0,-7,0,0.0005,11.62,0,0,0
3,1.1918,0,0,1,2,1,0.8022,0.9646,1,7,0,-4,3,0.3755,13.2,0,1,0
3,0.0,1,1,1,2,2,0.8,0.7375,0,7,0,0,0,0.3974,7.75,1,0,1
3,-0.2753,0,0,1,2,2,0.7352,1.1767,1,7,0,-9,3,0.4568,18.29,0,1,0
2,-0.5869,0,1,0,1,2,0.6731,0.5897,1,8,0,-5,2,0.0137,4.21,0,0,0
3,-0.2753,0,1,1,1,1,0.8033,0.9107,2,8,2,3,6,0.3782,11.91,0,1,0
3,8.3733,0,0,0,1,3,0.7975,1.8431,0,8,0,8,0,0.693,34.29,0,0,0
3,0.0,1,1,0,1,2,0.8011,0.7508,2,8,2,1,6,0.3937,8.07,0,1,0
3,-1.2216,0,0,0,1,2,0.6378,1.276,2,8,2,7,6,0.5992,20.68,0,0,0
3,5.4127,0,0,1,1,1,0.8017,0.8876,2,8,2,8,6,0.3803,11.36,0,2,0
2,12.6991,0,0,0,1,2,0.6111,0.7348,0,8,0,-2,0,0.0011,7.69,0,0,0
2,14.2648,0,0,0,1,2,0.6083,0.6038,1,8,1,4,2,0.011,4.54,0,1,0
3,12.9744,0,0,0,1,3,0.7944,1.0106,1,17,1,8,3,0.6134,7.92,0,0,0
3,-1.5514,0,0,0,1,2,0.6389,1.1361,2,8,1,7,6,0.4056,17.32,0,1,0
3,-1.5763,0,0,0,1,3,0.8008,0.8391,1,8,1,2,3,0.3869,10.19,0,0,0
3,-0.5869,0,0,0,1,3,0.8011,0.7557,3,8,2,2,9,0.3939,8.19,0,1,0
3,-0.2753,0,0,1,1,1,0.8008,0.7925,1,8,0,-6,3,0.3918,9.07,0,0,1
2,-4.3838,0,0,0,1,3,0.6111,0.7539,1,8,1,8,2,0.0011,8.15,0,0,0
2,-3.7816,0,0,0,1,2,0.7633,1.5442,1,8,0,-2,2,0.0702,27.11,0,0,1
2,15.6875,0,0,1,1,1,0.6139,0.8807,1,8,0,3,2,0.0005,11.19,0,1,0
3,-1.5763,0,0,0,1,2,0.8008,0.8562,1,8,1,7,3,0.3824,10.6,0,0,0
2,23.0905,0,0,1,1,1,0.5676,3.6705,1,8,1,8,2,0.2563,78.14,0,1,0
2,0.9591,0,0,0,1,2,0.688,0.9769,0,8,0,-2,0,0.0011,13.5,0,0,0
2,-4.3838,0,1,0,1,2,0.6125,0.4402,1,8,1,1,2,0.0058,0.62,0,0,0
3,0.0,1,0,1,1,1,0.8033,0.8656,0,8,1,3,0,0.3808,10.83,0,0,0
3,-1.5763,0,0,0,1,2,0.6806,0.9859,2,8,1,1,6,0.3819,13.71,0,2,0
3,0.0,1,1,0,1,3,0.8022,0.8057,1,8,1,2,3,0.3888,9.39,0,0,0
3,-1.5514,0,0,0,1,2,0.8,0.7591,2,8,1,4,6,0.3939,8.27,0,0,0
2,-2.9467,0,0,0,1,2,0.6176,1.389,1,8,1,4,2,0.0005,23.39,0,0,0
3,0.0,1,0,0,1,3,0.8,0.7358,2,8,2,5,6,0.3974,7.71,0,0,1
3,-0.2753,0,0,1,1,1,0.8011,0.8543,2,8,0,0,6,0.3834,10.55,0,0,0
3,-0.2753,0,0,0,1,2,0.6731,0.9949,3,8,2,7,9,0.3861,13.93,0,1,0
2,9.9624,0,0,1,1,1,0.6111,0.7599,0,8,0,0,0,0.0005,8.29,0,0,1
2,14.9553,0,0,0,1,3,0.6222,0.7517,0,8,0,2,0,0.0005,8.09,0,0,0
3,-1.2216,0,0,0,1,2,0.8008,0.7254,3,8,3,7,9,0.3995,7.46,0,0,0
3,-3.7816,0,0,0,1,2,0.8022,0.9748,3,8,2,4,9,0.3776,13.45,0,2,1
2,-0.9894,0,0,0,1,3,0.6231,0.8268,1,11,1,11,2,0.009,10.34,0,0,1
3,12.2719,0,0,1,1,1,0.8,0.9141,1,8,0,-3,3,0.3776,11.99,0,1,0
2,8.3606,0,0,0,2,3,0.765,1.2194,0,10,0,4,0,0.0342,15.9,0,0,1
3,4.5877,0,0,1,3,2,0.7833,0.7683,1,3,0,-1,3,0.6962,8.94,0,1,1
3,-1.3705,0,0,1,3,1,0.7775,0.8187,1,0,0,-8,3,0.8114,10.14,0,0,1
2,-10.2377,0,0,1,3,2,0.5986,10.5027,2,0,0,-13,4,0.011,234.94,0,2,0
3,1.5763,0,1,1,1,1,0.6525,0.7548,0,8,0,6,0,0.78,8.61,0,0,2
2,10.5493,1,0,1,2,1,0.6489,0.9464,0,13,0,11,0,0.0713,13.21,0,0,1
2,-2.5106,0,0,0,1,2,0.6056,1.1679,1,2,0,-5,2,0.0126,14.66,0,0,0
3,-0.5869,0,0,0,2,3,0.7741,1.1616,2,4,0,-5,6,0.4346,17.93,1,0,0
2,-0.6347,0,0,0,1,2,0.6156,0.747,2,14,2,13,4,0.0005,8.43,0,1,1
1,13.7036,0,0,0,1,2,0.5189,1.0439,0,5,0,4,0,0.1226,15.29,0,0,2
3,-0.5869,0,0,1,2,1,0.7907,0.8037,2,1,0,-10,6,0.3892,9.34,0,0,1
2,14.5401,0,0,0,1,3,0.6375,4.4662,0,17,0,2,0,0.3111,90.85,0,0,2
3,-5.8903,0,1,1,2,2,0.7356,4.7176,2,16,2,9,6,0.5328,100.48,0,1,0
3,-0.3116,0,0,1,2,2,0.6407,0.8592,3,13,1,0,9,0.4045,4.28,0,0,0
3,5.2556,0,1,0,1,3,0.6991,0.6042,0,2,0,-13,0,0.4773,5.0,0,0,1
3,9.9067,0,0,0,1,2,0.7867,0.803,0,2,0,-2,0,0.7336,9.77,0,0,0
2,-1.4371,0,0,1,1,1,0.5315,0.7642,1,2,0,-9,2,0.2772,8.65,0,0,2
3,23.9162,0,0,1,3,2,0.7767,0.7734,0,0,0,0,0,0.7004,9.06,0,0,0
3,-5.2224,0,1,1,3,1,0.8017,5.8005,2,3,1,1,6,0.6744,129.62,0,1,1
3,-9.0033,0,0,0,2,3,0.7789,9.9005,2,1,0,-8,6,0.4756,220.49,0,1,0
2,0.0,1,1,0,1,2,0.5889,2.4065,0,11,1,1,0,0.0533,44.39,0,0,0
3,15.2306,0,0,1,3,2,0.6731,0.9257,0,15,0,14,0,0.4921,5.88,0,0,0
2,-3.477,0,0,1,2,2,0.6589,6.3179,2,7,1,3,4,0.0301,138.89,0,0,1
3,-0.6347,0,0,0,2,3,0.7825,0.769,2,7,1,4,6,0.6967,8.95,0,0,0
2,-7.7823,0,0,1,3,2,0.66,5.739,2,0,0,-1,4,0.0053,128.14,0,1,1
2,0.9894,0,0,1,3,3,0.6046,1.0413,0,6,0,-6,0,0.1606,15.48,0,0,0
2,-2.2301,0,0,1,1,1,0.6204,1.137,1,8,1,6,2,0.2495,11.39,0,1,1
3,11.184,0,0,0,1,2,0.7167,0.7673,1,11,1,-2,3,0.7426,7.2,0,0,0
3,0.0,1,0,1,1,1,0.7211,0.9331,2,2,2,-6,6,0.5029,9.03,0,0,0
2,-0.9894,0,0,1,2,1,0.6156,0.8944,1,7,0,-1,2,0.0739,11.96,0,0,1
2,-0.9645,0,0,1,2,1,0.6111,0.8235,2,10,2,8,4,0.0053,10.26,0,1,0
1,-3.7969,0,0,0,1,2,0.4708,2.3045,1,14,1,10,1,0.009,45.8,0,1,1
3,-0.3116,0,0,1,1,1,0.7989,1.0088,1,14,1,0,3,0.6113,7.88,0,0,0
1,13.1013,0,0,0,1,3,0.4975,1.8931,0,11,0,5,0,0.1565,26.96,0,0,2
3,-12.9091,0,0,1,2,1,0.6883,12.4191,3,4,2,2,9,0.8672,240.0,0,1,0
2,-1.2216,0,0,1,2,2,0.6181,0.8218,1,7,1,6,2,0.0005,9.78,0,0,0
2,-1.2761,0,0,0,1,2,0.6139,1.1411,2,17,2,16,4,0.0121,11.05,0,1,0
2,-2.8324,0,0,1,3,1,0.5722,0.9567,2,3,0,-2,4,0.0255,7.07,0,1,0
2,-8.4503,0,0,0,1,2,0.6556,6.2958,1,5,0,-5,2,0.0391,138.36,0,0,1
2,-4.7407,0,0,1,3,3,0.6233,2.8787,2,9,2,9,4,0.0005,55.72,0,1,1
3,-3.9059,0,0,1,3,1,0.7956,0.945,1,9,0,-2,3,0.5113,9.31,0,0,0
3,-2.1808,0,0,1,3,3,0.7333,0.8696,2,9,2,3,6,0.453,7.51,0,2,0
3,0.0,1,1,1,3,3,0.7617,1.065,0,9,0,0,0,0.5447,12.2,1,0,0
2,4.1458,0,0,1,3,2,0.6167,3.0447,0,9,0,9,0,0.0271,59.71,0,0,1
2,-1.5461,0,0,1,3,3,0.6139,1.1764,1,9,2,6,2,0.0158,14.87,0,0,0
2,-1.7251,0,0,1,2,1,0.6222,0.8524,1,13,1,8,2,0.0202,9.24,0,1,1
3,0.0,1,0,1,3,1,0.7644,0.9062,2,9,3,7,6,0.4824,8.38,0,0,0
3,11.3128,0,0,1,3,2,0.7758,1.0437,1,9,0,-1,3,0.541,11.68,0,0,0
3,-2.5106,0,0,1,3,2,0.6917,3.4143,2,9,2,2,6,0.8656,68.58,0,0,0
2,-2.1808,0,0,1,3,2,0.6074,1.1984,1,9,1,2,2,0.0242,15.4,0,0,0
3,0.0,1,1,1,3,1,0.7533,0.9138,1,9,0,-2,3,0.4877,8.57,0,0,0
2,-2.5106,0,0,1,3,1,0.6181,2.8048,1,9,1,4,2,0.0005,53.95,0,0,0
3,9.7976,0,0,1,3,2,0.8008,1.0493,2,9,2,-4,6,0.5421,11.82,0,0,0
2,3.7096,0,0,1,3,3,0.5944,1.1631,0,9,0,9,0,0.0105,14.55,0,0,0
2,-5.343,0,0,1,3,3,0.6463,1.1349,1,9,0,-3,2,0.0005,13.87,0,0,1
3,9.7976,0,1,1,3,2,0.8019,0.7476,1,9,0,5,3,0.3836,4.58,0,1,0
3,0.0,1,0,1,3,3,0.7289,0.9278,1,9,1,9,3,0.4992,8.9,0,0,0
2,-1.5461,0,0,1,3,2,0.7222,1.1097,1,9,0,-4,2,0.0005,13.27,0,1,1
1,17.494,0,0,1,3,2,0.4903,5.4027,0,9,0,-1,0,0.0064,116.3,0,0,1
3,-1.5461,0,0,1,3,2,0.76,0.9098,2,9,2,8,6,0.4845,8.47,0,1,0
2,-2.5106,0,0,1,3,2,0.6139,1.1659,1,9,1,5,2,0.0116,14.62,0,0,0
3,-1.2345,0,0,1,3,1,0.76,0.97,2,9,0,-5,6,0.5265,9.92,0,1,0
2,0.0,1,1,1,3,2,0.6069,1.1546,1,9,0,-1,2,0.0058,14.35,0,0,0
2,0.0,1,1,1,3,2,0.6056,1.1995,0,9,0,-1,0,0.0252,15.42,0,0,1
3,-1.2345,0,0,1,3,2,0.77,1.1387,1,9,1,8,3,0.5568,13.96,0,0,0
2,-2.5106,0,0,1,3,1,0.6028,1.1855,2,9,2,1,4,0.02,15.09,0,1,0
2,13.9207,1,0,0,1,2,0.6181,0.66,0,5,0,-5,0,0.0005,4.62,0,0,0
2,3.0416,0,1,1,3,2,0.6102,1.1742,1,9,1,5,2,0.0152,14.82,0,1,0
2,-3.9059,0,0,1,3,2,0.6361,0.9714,2,9,1,8,4,0.0005,9.95,0,1,1
2,0.0,1,1,1,3,3,0.6167,0.7549,1,6,1,0,2,0.0005,8.61,1,1,0
3,-2.1808,0,0,1,3,2,0.7658,1.0606,1,9,1,5,3,0.5442,12.09,0,0,0
2,-1.5461,0,0,1,3,3,0.7241,0.8773,2,9,0,0,4,0.0005,7.69,0,0,1
2,-5.343,0,0,1,3,3,0.6102,0.9878,1,9,1,9,2,0.0005,10.34,0,0,0
3,-1.5461,0,0,1,2,2,0.7689,0.9036,2,7,2,3,6,0.4803,8.32,0,1,0
3,-1.2345,0,0,1,3,3,0.7992,1.0136,3,9,2,3,9,0.5344,10.96,0,1,0
3,0.0,1,0,1,3,2,0.8008,1.0781,1,9,2,8,3,0.5478,12.51,0,1,0
3,-1.5461,0,0,1,3,2,0.7656,0.9054,3,9,1,-4,9,0.4819,8.37,0,0,0
2,17.494,0,0,1,3,3,0.5769,3.5902,1,9,1,6,2,0.1766,72.8,0,1,1
3,8.3606,0,0,1,3,2,0.7167,0.885,1,9,1,8,3,0.4624,7.88,1,1,0
3,-1.5461,0,0,1,3,1,0.7833,0.8959,1,9,0,-5,3,0.4735,8.14,0,0,0
2,-2.5354,0,0,1,3,2,0.6139,1.1055,1,9,1,8,2,0.0005,13.17,0,0,0
3,-1.2345,0,0,1,3,1,0.7642,1.1435,2,9,2,7,6,0.5578,14.08,0,1,0
3,17.494,0,0,1,3,3,0.7322,0.9258,0,9,0,-3,0,0.4976,8.86,0,0,0
3,8.3606,0,0,1,3,1,0.7908,1.1026,1,9,1,4,3,0.5521,13.1,0,0,0
2,0.0,1,0,1,3,3,0.6028,1.1708,0,9,1,3,0,0.0131,14.74,0,0,0
2,9.7976,0,0,1,3,3,0.6111,1.7519,0,9,0,0,0,0.0005,28.68,0,0,1
3,-0.3116,0,0,1,2,2,0.7019,0.9145,1,1,0,-9,3,0.4757,5.61,0,0,1
3,11.3128,0,1,1,3,3,0.7741,0.8466,1,9,0,9,3,0.4298,6.96,0,0,0
2,9.0033,0,0,1,3,2,0.6102,1.1955,0,9,0,-4,0,0.0231,15.33,0,0,0
3,0.0,1,0,0,2,3,0.7758,1.1265,1,10,2,4,3,0.5552,13.67,0,0,0
2,9.0033,0,0,0,2,3,0.5981,1.2075,0,10,0,4,0,0.0284,15.62,0,0,1
3,-2.5354,0,0,1,2,2,0.7842,1.1132,2,10,1,6,6,0.5531,13.35,0,0,0
2,12.2605,0,0,1,2,1,0.5046,4.3705,1,10,1,2,2,0.2121,91.53,0,1,2
2,-2.1808,0,0,1,2,1,0.6102,1.0481,1,10,0,-7,2,0.0005,11.79,0,0,0
3,-1.2345,0,0,1,2,1,0.7578,0.9757,2,10,1,-4,6,0.5271,10.05,0,0,0
1,9.0033,0,0,1,2,1,0.5185,5.2549,0,10,0,5,0,0.0037,112.75,0,0,2
3,-1.5461,0,0,1,2,2,0.7411,0.9997,3,10,3,6,9,0.5307,10.63,0,1,0
3,12.2605,0,0,1,2,2,0.75,0.9862,2,10,1,3,6,0.5286,10.31,0,0,0
3,-1.5461,0,0,1,2,1,0.775,1.1272,2,10,1,5,6,0.5557,13.69,0,0,0
2,-1.2345,0,0,1,2,2,0.5009,4.4216,1,10,1,6,2,0.2142,92.75,0,1,1
1,3.1622,0,0,0,1,3,0.5398,0.9852,0,14,0,14,0,0.0817,13.88,0,0,3
3,3.0416,0,1,1,2,2,0.7733,1.1308,1,10,1,6,3,0.5552,13.77,0,0,0
3,-0.9894,0,0,0,1,3,0.6741,0.614,2,5,0,-1,6,0.4916,5.23,0,1,0
2,0.2326,0,0,1,2,1,0.7378,1.2166,0,10,1,2,0,0.0326,15.83,0,0,1
3,-0.9591,0,0,1,2,1,0.7958,1.0186,1,10,1,2,3,0.5349,11.08,0,0,2
3,-1.2345,0,0,1,2,2,0.7978,0.8888,2,10,2,3,6,0.4666,7.97,0,0,0
2,-5.343,0,0,1,2,2,0.638,1.0065,1,10,1,9,2,0.0005,10.79,0,0,1
3,-2.1808,0,0,0,2,3,0.7422,0.9983,2,10,2,1,6,0.5307,10.59,0,0,0
2,3.0416,0,1,1,2,1,0.5958,1.1625,1,10,1,5,2,0.01,14.53,0,1,1
3,-1.5461,0,0,1,2,2,0.7356,0.9239,1,10,0,-3,3,0.4961,8.81,0,0,0
3,-1.5461,0,0,1,2,2,0.7267,0.9292,2,10,2,9,6,0.5003,8.94,0,0,0
3,-0.3116,0,0,1,2,1,0.6656,1.0602,2,16,2,2,6,0.6746,9.11,0,0,1
2,8.3606,0,0,1,2,2,0.6097,1.1792,0,10,0,3,0,0.0174,14.94,0,0,0
3,9.0033,0,0,1,2,1,0.6241,0.5918,1,10,1,-4,3,0.3121,0.84,0,1,0
3,3.7096,0,1,1,2,2,0.75,1.0889,1,10,0,6,3,0.5494,12.77,0,0,0
3,3.7096,0,1,1,2,2,0.7844,0.895,1,10,1,6,3,0.4729,8.12,0,0,0
3,-1.2345,0,0,1,2,2,0.7435,0.6811,1,10,1,6,3,0.3531,2.98,0,0,0
2,2.0731,0,0,1,2,2,0.5972,1.1757,0,10,0,10,0,0.0152,14.85,0,0,0
2,-3.9059,0,1,1,2,2,0.6194,2.8475,2,10,2,6,4,0.0005,54.98,0,1,1
2,-2.56,0,1,0,2,3,0.6489,0.5864,1,1,0,-2,2,0.0005,2.86,0,0,1
3,-2.5354,0,0,1,2,2,0.7642,1.1442,2,10,2,3,6,0.5578,14.1,0,0,0
2,-4.7407,0,0,0,2,3,0.6111,1.0857,2,10,3,4,4,0.0005,12.69,0,2,0
2,-1.5461,0,0,1,2,1,0.6069,1.1673,2,10,1,5,4,0.0121,14.65,0,1,0
2,0.0,1,1,0,2,3,0.4833,3.5669,0,10,2,1,0,0.1489,72.24,0,0,1
2,-1.2345,0,0,1,2,2,0.7244,1.1209,1,10,0,3,2,0.0011,13.54,0,0,1
2,0.0,1,0,1,2,1,0.7315,1.1862,1,10,3,8,2,0.0205,15.1,0,0,1
2,-4.7407,0,0,1,2,2,0.7156,1.0529,2,10,2,3,4,0.0005,11.9,0,0,1
3,-1.5461,0,0,1,2,2,0.7992,1.7188,1,10,1,6,3,0.3934,27.89,0,0,1
2,11.74,0,1,1,2,1,0.6222,3.451,0,10,0,8,0,0.0064,69.46,0,0,0
3,11.74,0,1,1,2,2,0.7867,1.1104,2,10,2,9,6,0.5526,13.29,0,0,0
2,0.0,1,0,1,2,1,0.73,1.1688,0,10,1,8,0,0.0126,14.69,0,0,1
2,-1.2345,0,0,1,2,1,0.7492,1.0901,2,10,1,-1,4,0.0005,12.8,0,0,1
3,0.2326,0,0,1,1,1,0.7783,1.039,2,2,0,-9,6,0.54,11.57,0,0,0
2,13.3056,0,1,1,2,1,0.65,1.182,1,10,1,5,2,0.0189,15.0,0,1,1
3,-5.343,0,0,1,2,1,0.7808,1.1169,1,10,0,-4,3,0.5536,13.44,0,1,0
2,-1.5461,0,0,1,1,1,0.6139,1.0636,1,5,0,-9,2,0.0005,12.16,0,0,0
2,9.0033,0,0,1,2,1,0.6102,1.1189,0,10,0,-1,0,0.0005,13.49,0,0,0
3,-2.5354,0,0,1,2,2,0.7111,0.94,2,10,2,3,6,0.5076,9.2,0,1,0
2,3.7096,0,0,1,2,2,0.6014,1.187,1,10,1,9,2,0.0205,15.12,0,0,0
3,-1.2345,0,0,1,2,1,0.8,0.8914,1,10,1,8,3,0.4698,8.03,0,0,0
1,0.0,1,0,1,2,2,0.5097,3.7645,0,10,1,6,0,0.0027,76.98,0,0,1
3,-5.343,0,0,0,2,3,0.7517,1.0837,1,10,0,1,3,0.5489,12.65,0,1,0
2,-2.5354,0,0,1,2,1,0.6181,1.0592,1,10,2,2,2,0.0005,12.06,0,0,0
3,11.74,0,0,1,2,2,0.7278,0.8745,0,10,0,-6,0,0.4561,7.62,0,0,0
3,11.3128,0,0,1,2,1,0.7822,0.9539,0,10,0,2,0,0.5176,9.53,0,0,0
2,-4.7407,0,0,0,2,3,0.637,0.985,2,10,1,1,4,0.0005,10.27,0,2,1
2,12.2605,0,0,0,2,3,0.5222,3.4822,0,10,0,10,0,0.0447,70.21,0,0,0
3,-1.2345,0,0,1,2,2,0.7491,0.8585,2,10,1,9,6,0.444,7.24,0,0,0
3,-0.9591,0,0,1,2,2,0.7167,0.9358,3,10,2,9,9,0.505,9.09,0,1,0
2,13.3056,0,0,1,2,1,0.6292,5.8986,0,10,0,2,0,0.4213,128.2,0,0,1
2,-1.5461,0,0,1,2,1,0.6056,1.156,2,10,1,-4,4,0.0063,14.38,0,0,1
2,-2.5354,0,0,1,2,1,0.6231,2.951,1,10,1,2,2,0.0005,57.46,0,0,1
3,-1.5461,0,0,0,2,3,0.75,0.9153,2,10,2,1,6,0.4892,8.6,0,0,0
3,9.0033,0,0,0,2,3,0.7733,1.1287,1,10,1,7,3,0.5557,13.72,0,1,0
2,18.373,0,1,0,1,2,0.6083,0.8315,0,11,0,4,0,0.0142,10.45,0,0,0
2,-1.2345,0,0,1,2,2,0.6509,1.1898,2,10,2,6,4,0.0216,15.19,0,0,1
2,-0.9591,0,0,1,2,2,0.6181,1.0284,2,10,2,6,4,0.0005,11.32,0,1,0
3,-2.6714,0,0,1,3,2,0.6444,0.8559,1,3,0,-4,3,0.4024,4.21,0,0,0
3,-1.5461,0,0,1,2,1,0.7789,0.9559,1,10,1,5,3,0.5192,9.58,1,0,0
3,0.0,1,0,0,2,3,0.7148,0.8857,2,10,3,10,6,0.4635,7.89,0,1,0
3,0.0,1,0,1,2,2,0.7667,0.9047,2,10,3,9,6,0.4813,8.35,0,0,0
3,-3.9059,0,1,0,2,3,0.6731,0.7684,2,10,2,7,6,0.3931,5.08,0,0,0
3,0.0,1,1,1,2,2,0.7633,0.966,0,10,0,0,0,0.526,9.82,1,0,0
3,-2.5106,0,0,1,2,1,0.8008,1.017,2,10,2,8,6,0.5349,11.04,0,1,0
2,0.0,1,1,1,2,1,0.6181,1.0408,0,10,0,-1,0,0.0005,11.62,0,0,0
1,17.6034,0,0,1,2,2,0.5296,0.9552,0,1,0,0,0,0.0618,13.16,0,0,1
2,-2.5106,0,0,1,2,2,0.6097,0.8797,1,10,1,3,2,0.0005,7.75,0,0,0
2,11.74,0,0,1,2,2,0.6102,0.9931,0,10,0,0,0,0.0005,10.47,0,0,1
3,0.0,1,1,1,2,2,0.7467,0.9174,2,10,2,0,6,0.4908,8.65,1,0,1
3,-2.5106,0,0,1,2,2,0.7122,0.9385,2,10,1,9,6,0.5071,9.16,0,0,0
2,-1.2345,0,0,1,2,1,0.7194,1.0312,1,10,1,2,2,0.0005,11.38,0,0,1
2,-2.5106,0,0,1,2,1,0.6111,1.1638,2,10,2,8,4,0.011,14.57,0,2,0
3,-1.5461,0,0,0,1,2,0.7378,1.003,1,11,1,7,3,0.5323,10.71,0,0,0
3,-0.9645,0,0,1,2,2,0.7056,0.6665,2,13,2,9,6,0.567,6.49,0,1,0
3,0.0,1,0,1,1,1,0.8008,0.8924,1,11,3,3,3,0.4703,8.05,0,1,0
3,-3.9059,0,0,0,1,2,0.7733,1.0466,2,11,2,10,6,0.5415,11.75,0,2,0
2,0.0,1,1,0,1,2,0.6028,4.5872,0,11,1,1,0,0.2365,96.73,0,0,1
2,0.0,1,1,0,1,2,0.637,0.9798,0,11,1,1,0,0.0005,10.15,0,0,1
3,-4.7407,0,0,1,1,1,0.7842,1.0331,1,11,0,-3,3,0.5386,11.43,0,1,0
1,13.3056,0,0,0,1,2,0.475,3.8337,0,11,0,10,0,0.0074,78.64,0,0,1
3,11.3128,0,0,0,1,2,0.7933,1.1005,0,11,0,4,0,0.5515,13.05,0,0,0
3,0.0,1,0,1,1,1,0.7825,1.0347,0,11,1,6,0,0.5386,11.47,0,0,0
3,-3.9059,0,0,0,1,2,0.6542,3.4327,2,11,3,10,6,0.8889,69.02,0,0,1
3,3.7096,0,0,1,1,1,0.7711,0.902,0,11,0,0,0,0.4792,8.28,0,0,0
2,11.74,0,1,1,1,1,0.6139,1.1498,0,11,0,9,0,0.0032,14.23,0,0,0
2,13.6774,0,1,0,1,3,0.5417,5.6962,0,11,0,11,0,0.309,123.34,0,0,2
2,-2.1808,0,0,0,1,2,0.5657,4.6306,2,11,2,1,4,0.2574,97.77,0,2,2
3,-2.5106,0,0,0,1,3,0.7925,1.1014,2,11,2,11,6,0.5515,13.07,0,2,0
2,-2.5354,0,0,0,1,2,0.6102,1.1314,1,11,2,4,2,0.0005,13.79,0,0,0
3,-2.1808,0,0,1,1,1,0.765,1.0614,3,11,1,-6,9,0.5442,12.11,0,1,0
2,16.827,0,0,1,1,1,0.5972,1.2079,0,11,0,9,0,0.0284,15.63,0,0,1
3,12.8588,0,0,1,3,3,0.6633,0.7495,1,3,0,3,3,0.6756,8.48,0,1,0
2,5.0455,0,0,0,1,2,0.6208,1.1457,0,11,0,11,0,0.0005,14.13,0,0,0
3,-2.5354,0,0,1,2,2,0.7878,0.9498,1,4,0,0,3,0.515,9.43,0,0,0
3,-0.9591,0,0,0,1,2,0.7454,0.8614,1,11,1,10,3,0.4461,7.31,0,0,0
3,-1.5461,0,0,0,1,3,0.7222,0.9323,2,11,2,8,6,0.5024,9.01,0,0,0
3,0.2326,0,0,0,1,3,0.7343,0.8688,2,11,2,2,6,0.4524,7.49,0,1,0
2,-1.2345,0,0,0,1,2,0.7315,1.2086,1,11,1,7,2,0.0289,15.64,0,1,1
2,-4.7407,0,0,0,1,3,0.7525,1.1063,1,11,2,11,2,0.0005,13.19,0,0,2
2,-1.5514,0,1,0,1,2,0.6167,0.8686,1,5,1,1,2,0.0005,10.9,0,0,0
3,-5.343,0,0,0,1,2,0.7883,1.105,2,11,1,-5,6,0.5521,13.16,0,0,0
2,-5.343,0,0,0,1,2,0.72,1.0865,1,11,0,-5,2,0.0005,12.71,0,0,1
3,-2.5354,0,0,0,1,2,0.7744,0.9,1,11,1,10,3,0.4777,8.24,0,1,0
1,5.5522,0,0,1,2,2,0.5133,4.3339,0,1,0,-3,0,0.171,88.12,0,0,2
3,0.0,1,1,0,1,2,0.7867,1.0291,2,11,2,1,6,0.5376,11.33,0,0,1
2,-2.5106,0,0,0,1,2,0.5986,1.1906,1,11,1,7,2,0.0216,15.21,0,0,0
2,3.7096,0,0,0,1,2,0.6139,0.8839,0,11,0,10,0,0.0005,7.85,0,0,0
3,0.0,1,0,1,2,2,0.7989,15.4875,2,1,0,-6,6,0.5227,240.0,0,0,0
2,9.7976,0,0,1,1,1,0.6509,1.2108,0,11,1,-3,0,0.0294,15.69,0,0,1
2,13.3056,0,0,0,1,2,0.6102,1.1779,1,11,1,-2,2,0.0168,14.9,0,1,0
3,9.7976,0,0,1,1,1,0.7756,0.8993,0,11,0,-3,0,0.4771,8.22,0,0,0
2,11.3128,0,0,0,1,2,0.6181,1.1477,1,11,1,4,2,0.0016,14.18,0,1,1
3,-2.1808,0,0,1,1,1,0.7917,1.0227,3,11,1,3,9,0.536,11.18,0,0,0
1,3.7096,0,0,0,1,2,0.5954,2.4655,0,11,0,10,0,0.0005,45.81,0,0,2
3,-10.896,0,0,1,1,1,0.8008,10.0869,2,8,1,0,6,0.3939,232.53,0,0,0
3,3.7096,0,0,1,3,2,0.7528,0.6708,2,0,0,-4,6,0.3479,2.73,0,1,0
2,11.3128,0,0,1,3,1,0.6056,1.2004,0,0,0,-11,0,0.0247,15.45,0,0,0
2,11.74,0,1,1,3,3,0.6,1.1876,0,0,0,-3,0,0.021,15.14,0,0,0
3,3.0416,0,0,1,3,3,0.738,0.8661,1,0,0,0,3,0.4503,7.42,0,0,0
2,-1.2345,0,0,1,3,2,0.6097,0.9089,2,0,0,-13,4,0.0005,8.45,0,2,0
3,-4.7407,0,0,1,3,3,0.7256,0.9302,2,0,0,-9,6,0.5008,8.96,0,0,0
3,12.2605,0,1,1,3,3,0.7639,0.8513,1,0,0,0,3,0.4356,7.07,0,1,0
3,-1.5461,0,0,1,3,2,0.7435,0.8627,2,0,0,-13,6,0.4472,7.34,0,0,0
2,-1.5461,0,0,1,3,2,0.7389,1.2156,2,0,0,-10,4,0.0326,15.81,0,0,1
2,-1.2345,0,0,1,3,3,0.7157,0.9987,2,0,0,-6,4,0.0005,10.61,0,1,1
3,14.2648,0,0,1,3,1,0.7981,0.8956,0,3,0,-14,0,0.3808,11.55,0,0,0
3,17.494,0,0,1,3,3,0.72,0.9337,0,0,0,-9,0,0.5034,9.05,0,0,0
3,-2.5354,0,0,1,3,3,0.8008,0.989,1,0,0,-6,3,0.5297,10.37,0,0,0
1,2.8075,0,1,0,1,3,0.4986,0.902,0,2,0,-4,0,0.0301,11.88,0,0,2
3,8.3606,0,0,1,3,2,0.7009,0.7325,1,0,0,-1,3,0.3773,4.22,0,1,0
2,-2.5106,0,0,1,3,1,0.6102,1.1813,1,0,0,-5,2,0.0184,14.99,0,0,0
2,25.289,0,0,1,3,3,0.537,4.6646,0,0,0,0,0,0.2739,98.59,0,0,2
3,-2.1808,0,0,1,3,1,0.762,0.852,1,0,0,-11,3,0.4367,7.08,0,0,0
2,11.3128,0,0,1,3,2,0.5556,3.4722,0,0,0,-1,0,0.0319,69.97,0,0,0
3,0.5869,0,0,1,3,2,0.7233,0.6606,1,12,1,11,3,0.5585,6.35,0,0,0
2,-1.5461,0,0,1,3,1,0.625,4.6891,1,0,0,-2,2,0.2875,99.17,0,1,1
2,14.7284,0,0,1,3,1,0.5241,4.6792,0,0,0,-2,0,0.2809,98.94,0,0,1
3,17.7423,0,0,1,3,3,0.7178,0.9351,0,0,0,0,0,0.5045,9.08,0,0,0
3,-0.9591,0,0,1,2,2,0.7722,0.8471,2,1,0,-3,6,0.4309,6.97,0,0,0
3,22.8534,0,0,1,2,1,0.7989,0.8881,1,1,1,1,3,0.4661,7.95,0,1,0
3,0.0,1,1,1,2,2,0.8008,0.9391,1,1,0,0,3,0.5076,9.17,1,1,0
3,9.5649,0,0,0,1,2,0.7444,0.9133,0,8,0,4,0,0.3526,12.38,0,0,0
2,3.7096,0,0,1,2,2,0.6102,1.1912,0,1,0,-12,0,0.0221,15.22,0,0,0
2,-5.343,0,0,0,2,3,0.5806,4.6145,1,1,0,-2,2,0.2488,97.38,0,0,2
2,-5.343,0,0,0,2,3,0.5954,4.5976,2,1,1,1,4,0.2408,96.98,0,1,1
2,-2.1808,0,0,0,2,3,0.6093,1.1962,2,1,0,-5,4,0.0237,15.35,0,0,0
2,9.0033,0,0,1,2,2,0.6308,4.8461,0,1,0,-3,0,0.3603,102.94,0,0,1
2,-1.3953,0,1,0,1,2,0.605,1.2047,1,8,1,7,2,0.3293,13.02,0,0,1
3,3.7096,0,0,1,2,2,0.7478,0.9169,1,1,0,-9,3,0.4903,8.64,0,0,0
3,-3.9059,0,0,1,2,2,0.7156,0.9363,1,1,0,-9,3,0.5055,9.11,0,0,1
3,-3.9059,0,0,1,2,2,0.7422,0.9204,3,1,0,-3,9,0.4929,8.72,0,1,0
2,-4.7407,0,0,0,2,3,0.7278,1.1603,2,1,1,1,4,0.0095,14.48,0,1,1
3,-0.9591,0,0,0,2,3,0.7683,1.14,2,1,0,-5,6,0.5573,14.0,0,1,1
3,9.0033,0,0,0,2,3,0.8008,1.0016,1,1,0,-11,3,0.5318,10.67,0,1,1
3,-4.5877,0,0,1,3,3,0.8022,3.484,2,6,2,-3,6,0.3116,74.03,0,0,0
3,13.3056,0,0,1,2,2,0.74,0.9217,2,1,0,0,6,0.494,8.76,0,0,0
2,-5.343,0,0,1,2,2,0.7658,1.2186,2,1,0,-6,4,0.0336,15.88,0,0,1
3,-5.343,0,0,1,2,2,0.7883,1.0261,1,1,0,-3,3,0.537,11.26,0,1,0
3,12.2605,0,1,1,2,2,0.7689,0.9625,2,1,0,0,6,0.5239,9.73,0,2,0
2,-0.9591,0,0,0,2,3,0.7592,1.1751,1,1,0,-2,2,0.0152,14.84,0,0,1
3,-2.1808,0,0,0,2,3,0.8008,1.0404,2,1,0,-8,6,0.5405,11.61,0,1,0
2,-4.7407,0,0,1,2,1,0.6067,4.7905,1,1,0,-1,2,0.3351,101.61,0,0,1
3,0.0248,0,0,1,1,1,0.7425,0.8518,1,2,0,0,3,0.8337,10.93,1,0,0
3,8.3606,0,0,1,2,2,0.7633,0.9667,2,1,0,0,6,0.5255,9.84,0,0,0
3,-2.5106,0,0,1,2,2,0.7944,0.9455,2,1,0,0,6,0.5118,9.33,0,1,0
3,-1.5461,0,0,1,2,2,0.7708,1.1343,2,1,1,-9,6,0.5568,13.86,0,0,1
3,-1.5461,0,0,0,2,3,0.785,1.032,2,1,0,-2,6,0.5381,11.4,0,1,0
3,-1.2345,0,0,1,2,2,0.7667,0.85,1,1,0,-15,3,0.4341,7.03,0,1,0
2,-0.9591,0,0,1,2,2,0.6,1.206,1,1,0,-6,2,0.0273,15.58,0,0,2
3,-3.9059,0,0,1,2,2,0.7511,0.9828,2,1,0,0,6,0.5281,10.22,0,0,0
3,-2.1808,0,0,1,2,2,0.7583,1.0697,2,1,0,-6,6,0.5457,12.31,0,1,0
2,13.9962,0,0,0,2,3,0.6167,0.9679,0,1,0,-5,0,0.0005,9.87,0,0,0
3,-1.2345,0,0,1,2,2,0.8,1.013,3,1,0,-15,9,0.5339,10.95,0,2,0
3,-0.9591,0,0,0,2,3,0.7858,1.1113,1,1,0,-5,3,0.5526,13.31,0,0,1
3,-1.5461,0,0,1,2,2,0.7533,0.9815,2,1,0,-9,6,0.5281,10.19,0,0,0
2,-2.5106,0,0,0,2,3,0.6153,1.6345,2,1,1,1,4,0.0047,25.86,0,1,0
3,0.0,1,0,1,2,2,0.7889,0.949,1,1,0,-6,3,0.5145,9.41,0,0,0
2,-1.5461,0,0,0,1,3,0.7315,1.1946,1,2,0,-4,2,0.0231,15.31,0,0,1
3,0.0,1,0,1,1,1,0.7708,1.1373,2,2,0,-9,6,0.5568,13.93,0,1,0
3,-2.5106,0,0,0,1,2,0.7611,0.9695,2,2,0,-2,6,0.526,9.9,0,0,0
3,-0.9591,0,0,0,1,2,0.7367,1.0051,1,2,0,-5,3,0.5323,10.76,0,0,1
3,13.3056,0,0,1,1,1,0.7583,0.8536,0,2,0,-9,0,0.4388,7.12,0,0,0
3,-4.7407,0,0,0,1,3,0.7656,0.9646,1,2,0,-1,3,0.5255,9.79,0,0,0
3,0.0,1,0,1,1,1,0.79,1.0249,0,2,0,-3,0,0.536,11.23,0,0,0
3,-2.5106,0,0,0,1,2,0.775,0.8458,2,2,0,-5,6,0.4293,6.93,0,1,0
3,0.0,1,0,0,1,2,0.7259,0.8761,1,2,0,-8,3,0.4572,7.66,0,0,1
2,-2.1808,0,1,0,1,2,0.6167,2.3748,1,2,1,-2,2,0.0111,43.63,0,1,0
3,-2.5354,0,0,0,1,2,0.7508,1.0844,1,2,0,-2,3,0.5494,12.66,0,0,0
2,20.4,0,0,0,1,2,0.6824,1.7686,0,2,0,2,0,0.0011,29.08,0,0,1
3,-0.3298,0,0,1,3,2,0.7325,0.7402,1,9,1,2,3,0.7335,6.55,0,1,0
2,0.0,1,0,0,1,2,0.6181,1.0215,0,2,0,-8,0,0.0005,11.15,0,0,1
2,-3.9059,0,0,0,1,3,0.5778,3.5365,2,2,1,-7,4,0.1128,71.51,0,1,1
2,-0.9591,0,0,1,1,1,0.6102,1.0102,1,2,0,-6,2,0.0005,10.88,0,0,1
3,11.3128,0,0,0,1,2,0.7398,0.8648,0,2,0,-8,0,0.4493,7.39,0,0,0
3,-4.7407,0,0,0,1,3,0.7204,0.8815,2,2,0,-4,6,0.4603,7.79,0,1,0
3,16.827,0,0,1,1,1,0.7811,0.9546,1,2,0,0,3,0.5181,9.55,0,1,0
3,9.0033,0,0,0,1,2,0.7989,0.9427,2,2,0,-11,6,0.5097,9.26,0,1,0
3,-1.5461,0,0,0,1,2,0.7269,0.8753,3,2,0,-11,9,0.4566,7.64,0,1,0
3,4.4535,0,0,1,3,1,0.8008,0.9939,2,6,2,6,6,0.5297,10.49,0,2,0
3,0.2326,0,0,1,3,1,0.7767,1.1258,0,6,0,-5,0,0.5552,13.66,0,0,0
3,17.4492,0,0,1,2,1,0.6989,0.9808,0,13,0,13,0,0.5701,7.2,0,0,0
3,0.2326,0,0,1,3,1,0.7389,0.8655,0,6,0,-5,0,0.4498,7.41,0,0,0
3,-1.5461,0,0,1,3,1,0.7544,0.9133,2,6,2,1,6,0.4871,8.55,0,0,0
3,-1.5461,0,0,1,3,3,0.7967,0.9442,3,6,0,-6,9,0.5108,9.3,0,1,0
3,18.0499,0,0,1,3,2,0.7967,1.0163,1,6,0,6,3,0.5349,11.03,0,1,0
3,3.0416,0,0,1,3,1,0.7407,0.8648,0,6,0,1,0,0.4488,7.39,0,0,0
3,0.0,1,0,1,3,3,0.725,3.3973,0,6,0,-3,0,0.8448,68.17,0,0,0
2,-2.1808,0,0,1,3,3,0.6139,1.0558,2,6,0,-3,4,0.0005,11.97,0,0,0
3,9.0033,0,0,1,3,3,0.7522,0.9821,0,6,0,-6,0,0.5281,10.21,0,0,0
2,-2.5106,0,0,1,3,1,0.6181,1.0852,2,6,1,-2,4,0.0005,12.68,0,1,0
1,0.0,1,0,1,3,2,0.5972,2.5505,0,6,1,2,0,0.0005,47.85,0,0,1
3,-2.1808,0,0,1,3,1,0.7756,0.9581,1,6,1,4,3,0.5208,9.63,0,0,0
3,3.7096,0,0,1,3,2,0.6546,0.7934,0,6,0,-1,0,0.4036,5.68,0,0,0
3,-1.2345,0,0,1,3,3,0.7892,1.0256,3,6,2,6,9,0.5365,11.25,0,1,0
3,-1.5461,0,0,1,3,3,0.7933,0.8901,3,6,2,6,9,0.4687,8.0,0,1,0
2,-1.2345,0,0,0,2,3,0.6611,2.7341,2,7,0,-5,4,0.0053,52.25,0,1,2
1,0.0,1,0,0,2,3,0.4903,3.7933,1,7,1,7,1,0.0048,77.68,0,1,1
3,-2.5106,0,0,1,2,2,0.8008,0.9751,2,7,1,3,6,0.5271,10.04,0,0,0
3,3.477,0,0,1,3,1,0.7176,0.9422,2,3,1,1,6,0.3678,13.08,0,1,0
3,11.74,0,0,0,2,3,0.8,0.9421,1,7,1,-2,3,0.5092,9.25,0,0,0
2,7.1665,0,0,1,2,1,0.5593,3.5966,0,7,0,7,0,0.1867,72.95,0,0,0
2,-3.9059,0,0,1,2,2,0.7567,1.1925,1,7,1,6,2,0.0221,15.26,0,0,0
2,2.4737,0,0,0,2,3,0.6111,2.3971,1,7,1,7,2,0.0401,44.17,0,1,0
3,0.0,1,0,1,2,1,0.7463,0.8606,1,7,2,2,3,0.4456,7.29,0,0,0
3,-1.5461,0,0,0,2,3,0.7922,0.9468,2,7,1,-2,6,0.5129,9.36,0,0,0
3,-1.5461,0,0,1,2,2,0.6296,0.5881,3,7,2,0,9,0.309,0.75,0,1,0
3,0.0,1,0,0,2,3,0.785,1.1126,2,7,2,7,6,0.5531,13.34,0,0,0
3,-3.9059,0,0,1,2,1,0.7759,0.8453,1,7,1,5,3,0.4288,6.92,0,0,0
3,-2.5106,0,0,1,2,2,0.8008,0.8258,2,7,2,6,6,0.4183,6.46,0,1,0
2,-2.5354,0,0,0,2,3,0.6083,1.1533,2,7,2,1,4,0.0053,14.31,0,1,0
3,-1.5461,0,0,0,2,3,0.7378,0.9222,2,7,0,-5,6,0.495,8.77,0,2,0
2,16.827,0,0,0,2,3,0.6014,1.1583,0,7,0,4,0,0.0079,14.44,0,0,0
3,0.0,1,0,1,2,2,0.6333,2.0999,1,7,2,3,3,0.4088,37.03,0,0,1
3,-4.7407,0,0,1,2,2,0.7213,0.881,1,7,1,-3,3,0.4598,7.78,0,0,0
2,-0.9591,0,0,1,2,2,0.6,1.1588,2,7,1,3,4,0.0084,14.45,0,0,1
3,-2.1808,0,0,1,2,1,0.7725,1.0475,2,7,2,5,6,0.5415,11.77,0,0,0
2,-6.2202,0,0,1,2,1,0.6435,4.062,1,16,1,11,2,0.0074,84.75,0,0,0
3,-1.2345,0,0,1,2,1,0.7433,0.9195,1,7,0,-10,3,0.4924,8.7,0,0,0
3,3.7096,0,0,1,2,1,0.7817,1.0354,1,7,0,-7,3,0.5394,11.49,0,0,0
3,0.0,1,0,1,2,1,0.7933,1.0205,1,7,1,-4,3,0.5355,11.13,0,0,1
2,11.3128,0,0,0,1,2,0.6139,1.0444,0,8,0,1,0,0.0005,11.7,0,0,0
2,-1.5461,0,0,0,1,3,0.7758,1.3469,3,8,2,-4,6,0.0105,18.96,0,1,1
2,-2.5106,0,0,0,1,3,0.5958,1.1941,2,8,2,5,4,0.0226,15.29,0,1,0
3,-1.5461,0,0,0,1,2,0.7622,0.9075,3,8,1,-5,9,0.4834,8.42,0,0,0
2,12.2605,0,0,0,1,2,0.6125,1.1771,1,8,1,7,2,0.0163,14.89,0,0,0
2,-1.5461,0,0,0,1,3,0.7222,1.0984,2,8,2,8,4,0.0005,13.0,0,0,1
3,17.494,0,0,0,1,2,0.8008,1.0768,1,8,1,-5,3,0.5473,12.48,0,1,0
3,3.7096,0,0,0,1,2,0.7787,0.6388,0,8,0,7,0,0.3332,1.97,0,0,0
3,-2.5354,0,0,1,1,1,0.7742,1.1302,3,8,3,6,9,0.5552,13.76,0,2,0
3,8.3606,0,0,0,1,2,0.7944,0.8893,1,8,1,4,3,0.4682,7.98,0,1,0
1,-4.7407,0,0,0,1,2,0.4931,5.3836,1,8,0,-5,1,0.0059,115.84,0,1,2
3,-2.1808,0,1,1,1,1,0.725,0.8767,2,8,1,-9,6,0.4577,7.68,0,0,0
3,-1.5461,0,0,0,1,2,0.7824,0.8424,2,8,2,7,6,0.4251,6.85,0,0,0
3,-0.9591,0,0,0,1,3,0.7542,1.081,3,8,1,2,9,0.5478,12.58,0,1,2
2,-2.5354,0,0,0,1,3,0.6167,1.1482,2,8,2,8,4,0.0021,14.19,0,0,0
3,-2.5354,0,0,1,3,2,0.7558,1.0739,1,3,0,-4,3,0.5468,12.41,0,0,0
3,3.0416,0,0,1,3,2,0.7711,0.9611,0,3,0,-4,0,0.5229,9.7,0,0,1
3,-0.9591,0,0,1,3,2,0.7875,1.027,1,3,0,-1,3,0.5376,11.28,0,0,0
3,-1.2345,0,0,1,3,2,0.7602,0.853,2,3,0,-10,6,0.4377,7.11,0,0,0
3,-2.1808,0,0,1,3,3,0.7833,1.1141,1,3,1,3,3,0.5531,13.37,0,0,0
3,9.7976,0,0,1,3,2,0.78,0.9552,2,3,0,2,6,0.5187,9.56,0,1,0
2,0.0,1,0,1,3,3,0.6065,1.199,0,3,0,-6,0,0.0247,15.41,0,0,1
3,-2.5354,0,0,1,3,2,0.7967,1.0957,3,3,1,-4,9,0.551,12.93,0,1,0
3,3.0416,0,0,1,3,3,0.788,0.8374,1,3,0,0,3,0.422,6.73,0,1,0
2,-1.5461,0,1,1,3,2,0.7167,1.06,2,3,1,2,4,0.0005,12.08,0,0,1
3,-2.5354,0,0,1,2,2,0.7792,1.1197,1,4,0,-3,3,0.5542,13.51,0,0,0
2,-2.1808,0,1,1,2,1,0.6042,1.17,2,4,1,-4,4,0.0126,14.72,0,0,0
2,-2.5106,0,0,1,2,2,0.6069,1.1806,2,4,0,-3,4,0.0184,14.97,0,1,0
3,-1.5461,0,0,1,2,1,0.7241,0.8781,3,4,1,-10,9,0.4582,7.71,0,0,0
3,3.0416,0,0,1,2,2,0.7892,1.1043,2,4,1,0,6,0.5521,13.14,0,0,0
1,-1.2345,0,0,1,2,1,0.4931,3.7756,1,4,0,-13,1,0.0037,77.25,0,0,1
2,13.3056,0,0,1,2,1,0.6139,1.1595,1,4,1,-1,2,0.0089,14.46,0,0,0
2,-5.343,0,0,1,2,1,0.63,5.7037,1,4,0,-4,2,0.3117,123.53,0,0,1
3,-2.1808,0,0,0,2,3,0.8,1.0908,2,4,1,-5,6,0.5499,12.82,0,0,0
2,-0.9591,0,0,1,2,2,0.5296,4.6723,1,4,1,3,2,0.2782,98.77,0,0,2
2,-2.1808,0,0,0,2,3,0.6111,1.1071,1,4,1,1,2,0.0005,13.21,0,0,0
3,-1.2345,0,0,0,2,3,0.7822,0.8964,2,4,0,-11,6,0.474,8.15,0,1,0
3,-1.5461,0,1,0,2,3,0.795,1.0191,2,4,2,4,6,0.5355,11.1,0,0,0
2,-2.5354,0,0,1,2,1,0.6037,1.2032,2,4,2,2,4,0.0252,15.51,0,0,0
3,-1.5461,0,0,0,2,3,0.7511,0.9147,2,4,2,1,6,0.4887,8.59,0,0,0
2,11.3128,0,0,1,2,2,0.6,1.1883,1,4,0,3,2,0.021,15.16,0,1,0
3,-2.5106,0,0,0,2,3,0.7287,0.8738,1,4,1,1,3,0.4556,7.61,0,0,0
1,16.827,0,0,1,2,1,0.5176,5.2803,0,4,0,2,0,0.0048,113.36,0,0,2
3,0.0,1,0,1,2,1,0.7176,0.8844,1,4,0,-7,3,0.4619,7.86,0,1,0
2,-0.9162,0,0,1,2,1,0.6111,1.1786,1,4,1,4,2,0.0168,14.92,0,1,0
3,-2.5354,0,0,1,2,1,0.7975,1.0942,3,4,0,-4,9,0.5505,12.9,0,2,0
3,0.2326,0,0,1,2,1,0.7544,0.9793,1,4,0,-7,3,0.5276,10.14,0,1,0
3,-2.1808,0,0,1,2,1,0.7983,1.0149,2,4,0,-10,6,0.5344,10.99,0,0,0
3,-1.5461,0,0,1,2,1,0.7983,1.0938,2,4,0,-1,6,0.5505,12.89,0,0,0
3,9.0033,0,0,0,2,3,0.7658,2.862,1,4,0,-5,3,0.7121,55.32,0,1,1
3,-5.343,0,0,1,2,1,0.7625,3.37,1,4,1,2,3,0.8209,67.51,0,0,0
3,-4.7407,0,0,1,1,1,0.7667,1.1412,1,5,1,3,3,0.5578,14.02,0,0,0
3,3.0416,0,0,0,1,3,0.7717,1.0489,0,5,0,2,0,0.5415,11.81,0,0,0
3,-2.5106,0,0,0,1,3,0.7767,0.9573,1,5,1,2,3,0.5202,9.61,0,0,0
3,0.0,1,0,1,1,1,0.7625,1.0641,3,5,2,-3,9,0.5447,12.17,0,1,0
3,-2.5354,0,0,1,1,1,0.7708,2.8426,1,5,0,-3,3,0.71,54.86,0,1,0
3,-2.5106,0,0,1,1,1,0.7992,1.0142,2,5,1,3,6,0.5344,10.98,0,2,0
2,3.7096,0,0,0,1,3,0.65,1.2116,2,5,1,5,4,0.0294,15.71,0,2,1
2,14.7284,0,0,0,1,2,0.6444,1.0872,1,5,0,-5,2,0.0005,12.73,0,1,2
1,14.7284,0,0,0,1,2,0.5989,5.3007,0,5,0,4,0,0.0054,113.85,0,0,3
2,-2.5354,0,0,1,1,1,0.6102,1.123,2,5,1,-3,4,0.0005,13.59,0,0,0
2,23.7256,0,0,1,1,1,0.7617,1.1891,0,5,0,5,0,0.0216,15.18,0,0,1
2,-2.1808,0,0,0,1,2,0.6083,1.1539,2,5,1,-5,4,0.0053,14.33,0,0,0
3,0.0,1,0,0,1,2,0.7089,0.9411,0,5,0,-5,0,0.5087,9.22,0,0,0
2,-1.5461,0,0,0,1,2,0.7296,1.2151,1,5,0,-2,2,0.0321,15.8,0,0,1
2,-5.343,0,0,1,1,1,0.7315,1.1722,1,5,1,-3,2,0.0142,14.77,0,0,1
3,8.3606,0,0,1,1,1,0.7833,1.034,1,5,0,3,3,0.5386,11.45,0,0,0
3,-1.4671,0,1,1,3,2,0.8008,1.0661,2,9,2,8,6,0.4204,16.05,0,0,0
3,-4.1385,0,0,1,3,2,0.8,0.6523,2,9,1,8,6,0.3146,6.12,0,2,0
3,13.073,0,1,1,3,1,0.8011,0.7195,1,9,2,7,3,0.3074,7.73,0,1,0
2,3.477,0,0,1,3,3,0.6102,1.772,0,9,0,-6,0,0.0121,32.99,0,0,1
3,2.809,0,0,1,3,2,0.7833,0.8677,1,9,0,5,3,0.3305,11.29,0,0,0
2,-1.2345,0,0,1,1,1,0.6056,1.1842,2,2,0,-12,4,0.0189,15.06,0,1,0
2,-4.9734,0,0,1,3,2,0.5713,4.9899,2,9,1,5,4,0.3175,110.22,0,1,0
3,13.073,0,0,1,3,2,0.6989,2.5135,1,9,1,-4,3,0.6588,50.79,0,1,0
2,8.7706,0,0,1,3,1,0.7792,2.8049,0,9,0,4,0,0.0465,57.78,0,0,1
3,-1.4671,0,0,1,3,1,0.6463,1.0347,2,9,1,4,6,0.4083,15.29,0,0,0
3,13.7635,0,0,1,3,1,0.6742,3.4977,2,9,2,7,6,0.7662,74.41,0,2,1
2,-0.2326,0,0,1,3,2,0.6078,2.7076,2,9,2,8,4,0.0723,55.45,0,2,1
2,11.0198,0,0,1,3,2,0.6361,1.0591,0,9,0,9,0,0.0005,15.88,0,0,1
3,11.0801,0,0,1,3,2,0.8,0.7138,1,9,1,8,3,0.309,7.59,0,0,0
3,8.7706,0,0,1,3,2,0.8008,0.679,0,9,0,-4,0,0.3127,6.76,0,0,0
3,17.2614,0,1,1,3,2,0.7935,1.0622,1,9,1,-4,3,0.4188,15.96,0,1,0
2,-2.7681,0,1,1,3,1,0.6167,0.6847,2,9,2,1,4,0.0005,6.89,0,1,0
2,13.7635,0,0,1,3,1,0.6083,1.6731,0,9,0,-8,0,0.0074,30.62,0,0,0
2,-1.7787,0,0,1,3,1,0.6097,0.7044,2,9,1,4,4,0.0005,7.37,0,1,0
3,-2.7432,0,0,1,3,2,0.6361,0.8109,2,9,2,5,6,0.3053,9.93,0,1,0
3,-0.2326,0,0,1,3,2,0.7954,0.8496,1,9,2,2,3,0.3237,10.85,0,0,0
3,-1.4671,0,0,1,3,2,0.7583,0.8965,1,9,0,-1,3,0.3447,11.98,0,1,0
3,-1.7787,0,0,1,3,1,0.7713,0.8856,2,9,0,-5,6,0.3374,11.72,0,0,0
3,0.0,1,0,1,3,2,0.6796,0.993,1,9,2,2,3,0.3894,14.29,0,1,0
1,13.073,0,1,1,3,1,0.5792,2.7424,0,9,0,7,0,0.0011,56.28,0,0,1
2,9.5649,0,0,1,3,1,0.6097,0.721,0,9,0,7,0,0.0005,7.77,0,0,0
3,-4.1385,0,0,1,3,2,0.6426,1.0418,1,9,0,-1,3,0.4104,15.47,0,0,0
2,-1.7787,0,0,1,3,1,0.6222,3.0167,2,9,1,-5,4,0.0005,62.86,0,2,1
3,0.0,1,0,1,3,2,0.7926,0.6743,2,9,2,8,6,0.3116,6.65,0,0,0
3,2.809,0,0,1,3,3,0.6278,0.8233,2,9,2,9,6,0.31,10.22,0,2,0
3,14.4957,0,0,1,3,2,0.6444,1.0383,1,9,1,5,3,0.4094,15.38,0,1,0
2,2.809,0,0,1,3,2,0.6509,0.762,1,9,1,5,2,0.0011,8.75,0,1,0
3,-1.7787,0,0,1,3,3,0.8009,0.8437,2,9,1,-3,6,0.3205,10.71,0,1,0
2,-2.7432,0,1,1,2,1,0.6167,0.9074,2,10,2,8,4,0.0005,12.24,0,1,0
2,-5.5756,0,0,0,2,3,0.6025,3.9635,1,10,1,7,2,0.3303,85.59,0,0,1
3,-4.1385,0,0,1,2,1,0.7574,0.899,1,10,1,5,3,0.3452,12.04,0,0,0
3,-5.5756,0,0,0,2,3,0.8008,0.6872,1,10,0,1,3,0.3127,6.96,0,1,0
3,-0.2326,0,0,1,2,2,0.7704,0.8871,3,10,2,0,9,0.3379,11.75,0,1,0
2,2.809,0,0,1,2,2,0.6167,0.6886,1,10,1,9,2,0.0005,6.99,0,1,0
3,-0.2326,0,0,1,2,1,0.6176,0.833,1,10,0,-1,3,0.3158,10.46,0,0,0
3,-1.7787,0,0,1,2,2,0.8,0.7281,3,10,3,6,9,0.3048,7.94,0,1,0
3,8.128,0,0,1,2,1,0.8008,0.7465,1,10,1,5,3,0.3011,8.38,0,0,0
3,-2.4134,0,0,1,2,2,0.7843,0.8667,2,10,2,9,6,0.33,11.27,0,1,0
2,-1.2216,0,0,1,3,2,0.7583,0.6207,1,6,0,-4,2,0.0095,4.95,0,0,1
3,-0.2326,0,0,1,2,2,0.8008,0.8136,3,10,2,9,9,0.3069,9.99,0,0,0
3,0.0,1,0,0,2,3,0.6333,3.0127,1,10,1,7,3,0.685,62.77,0,1,1
2,12.0278,0,1,0,2,3,0.5403,3.709,0,10,0,4,0,0.0378,79.48,0,0,1
2,-5.5756,0,0,1,2,2,0.6078,2.6872,2,10,2,6,4,0.0755,54.96,0,2,2
3,-2.4134,0,0,0,2,3,0.7852,0.8652,3,10,0,-5,9,0.3295,11.23,0,1,0
3,-0.2326,0,0,1,2,2,0.6463,0.7956,2,10,2,9,6,0.2995,9.56,0,0,0
3,11.0801,0,0,1,2,1,0.6472,0.7945,0,10,0,-1,0,0.299,9.53,0,0,0
3,-0.2326,0,0,1,2,2,0.7056,0.9578,2,10,1,0,6,0.3747,13.45,0,1,0
3,11.0801,0,0,1,2,2,0.8008,0.645,0,10,0,3,0,0.3157,5.94,0,0,0
3,-0.2326,0,0,1,2,2,0.688,0.983,2,10,2,9,6,0.3847,14.06,0,0,0
3,-0.2326,0,0,1,2,1,0.7491,0.9098,2,10,0,-1,6,0.35,12.3,0,0,1
3,-2.4134,0,0,0,2,3,0.8008,0.9737,2,10,1,7,6,0.3815,13.83,0,0,0
3,-0.2326,0,0,1,2,1,0.8022,0.9193,3,10,3,2,9,0.3558,12.53,0,0,0
3,11.0801,0,0,1,2,1,0.8,0.6835,0,10,0,2,0,0.3127,6.87,0,0,0
2,-0.2326,0,0,0,2,3,0.6097,0.7453,1,10,1,4,2,0.0005,8.35,0,0,0
3,8.7706,0,0,1,2,1,0.8008,0.7537,1,10,0,5,3,0.3006,8.55,0,0,1
3,0.0,1,0,1,2,1,0.8008,0.643,2,10,3,2,6,0.3157,5.89,0,0,0
2,-0.2326,0,0,0,2,3,0.6509,0.7524,1,10,1,7,2,0.0005,8.52,0,0,0
3,-2.7432,0,1,1,2,1,0.8,0.6244,2,10,1,8,6,0.322,5.45,0,0,0
3,-1.7787,0,0,1,2,2,0.8,0.7103,1,10,0,-3,3,0.3095,7.51,0,0,0
3,0.0,1,0,0,2,3,0.7315,0.9279,1,10,2,10,3,0.36,12.73,0,1,0
3,3.477,0,0,0,2,3,0.687,0.9844,0,10,0,-2,0,0.3852,14.09,0,0,0
2,11.0801,0,0,1,2,2,0.6481,0.7255,0,10,0,6,0,0.0005,7.88,0,0,0
3,-0.2326,0,0,0,2,3,0.6102,0.8422,1,10,1,1,3,0.32,10.68,0,0,0
3,-1.7787,0,0,1,2,2,0.8019,0.9516,2,10,2,9,6,0.3726,13.3,0,1,0
3,-1.7787,0,0,1,2,2,0.7778,1.0775,3,10,3,9,9,0.4277,16.32,0,0,0
3,-1.7787,0,0,0,2,3,0.7843,1.0732,1,10,2,1,3,0.4241,16.22,0,0,0
2,-2.5106,0,0,0,1,3,0.6491,1.2121,2,11,2,11,4,0.03,15.73,0,1,1
3,-2.7432,0,0,1,2,2,0.8008,0.7808,2,10,2,3,6,0.298,9.2,0,0,0
3,8.7706,0,0,0,1,2,0.7593,0.8954,2,5,1,1,6,0.3442,11.95,0,1,0
3,-0.2326,0,0,1,2,2,0.7398,0.9183,3,10,2,9,9,0.3552,12.5,0,1,0
3,-2.4134,0,0,0,2,3,0.713,0.9472,3,10,3,4,9,0.3705,13.2,0,1,0
3,12.0278,0,1,1,2,2,0.8,0.7223,2,10,1,3,6,0.3069,7.8,0,0,0
3,-2.4134,0,0,1,2,2,0.8,1.0578,2,10,2,3,6,0.4178,15.85,0,1,0
3,-2.4134,0,0,0,2,3,0.7231,0.9361,1,10,1,10,3,0.3647,12.93,0,1,0
3,-0.668,0,0,1,3,1,0.6917,5.6364,2,0,0,-5,6,0.3755,122.53,0,0,0
3,-1.4671,0,0,1,2,1,0.8,0.7657,2,10,0,-4,6,0.298,8.84,0,1,0
2,2.6865,0,0,1,2,1,0.6139,0.8762,1,10,1,10,2,0.0005,11.49,0,1,0
2,-5.5756,0,0,1,2,2,0.7767,2.8132,3,10,3,6,6,0.0418,57.98,0,1,1
2,11.0801,0,0,1,2,2,0.6158,3.9406,0,10,0,3,0,0.3223,85.04,0,0,1
3,-0.2326,0,0,1,2,2,0.6759,0.9977,1,10,1,0,3,0.3915,14.41,0,1,0
2,-4.1385,0,0,0,2,3,0.5944,1.749,1,10,1,10,2,0.0126,32.44,0,0,0
3,-2.7681,0,1,1,2,1,0.8008,0.7332,1,10,1,2,3,0.3043,8.06,0,1,0
3,2.809,0,0,1,2,2,0.6213,0.8277,1,10,0,9,3,0.3137,10.33,0,0,0
3,-4.1385,0,0,1,2,1,0.7769,1.0778,2,10,1,-1,6,0.4283,16.33,0,0,0
2,8.7706,0,0,1,2,1,0.6153,2.6006,0,10,0,-4,0,0.0037,52.88,0,0,0
2,-5.5756,0,0,0,2,3,0.7683,2.7724,1,10,1,4,2,0.0608,57.0,0,0,1
3,-0.2326,0,0,1,2,1,0.8008,0.656,3,10,2,2,9,0.3136,6.21,0,1,0
3,-2.7432,0,0,1,2,1,0.7956,2.477,3,10,2,2,9,0.6129,49.91,0,0,0
3,3.477,0,0,1,2,1,0.7711,2.4844,1,10,0,5,3,0.6245,50.09,0,0,1
3,-0.2326,0,0,1,2,2,0.8011,0.655,2,10,1,9,6,0.3136,6.18,0,0,0
3,-1.7787,0,0,1,2,1,0.8008,0.727,2,10,1,5,6,0.3053,7.91,0,0,0
3,-2.7432,0,0,1,2,2,0.7759,0.8775,2,10,2,6,6,0.3347,11.52,0,2,0
3,-0.2326,0,0,0,2,3,0.8011,0.7691,2,10,1,10,6,0.2974,8.92,0,0,0
2,13.7635,0,0,1,2,2,0.55,3.8338,1,10,1,-6,2,0.192,82.47,0,1,1
3,9.5649,0,1,0,2,3,0.7093,0.9528,1,10,1,1,3,0.3726,13.33,0,1,0
3,-0.2326,0,0,1,2,2,0.8008,0.6515,2,10,1,0,6,0.3141,6.1,0,0,0
2,-2.7681,0,1,1,2,2,0.6463,0.6359,2,10,2,3,4,0.0005,5.72,0,1,1
3,-1.4671,0,0,1,2,2,0.7278,0.9304,2,10,1,-6,6,0.3621,12.79,0,0,0
3,-1.7787,0,0,1,2,1,0.8022,0.7428,1,10,0,-4,3,0.3016,8.29,0,0,0
3,-0.2326,0,0,1,2,2,0.6509,0.7897,3,10,2,0,9,0.2969,9.42,0,0,0
3,2.809,0,0,1,2,1,0.6454,1.0358,2,10,1,5,6,0.4088,15.32,0,0,1
3,-0.2326,0,0,1,2,1,0.7065,0.9567,3,10,2,-1,9,0.3741,13.42,0,1,0
2,-2.7432,0,1,1,2,2,0.6167,0.8039,1,10,1,9,2,0.0005,9.76,0,1,0
3,-2.7681,0,1,0,1,2,0.8008,0.7079,2,11,2,4,6,0.31,7.45,0,0,0
3,9.5649,0,0,0,1,2,0.6722,1.002,1,11,1,10,3,0.3936,14.51,0,1,0
2,0.0,1,1,0,1,2,0.6111,1.6617,0,11,1,1,0,0.0074,30.34,0,0,0
2,-2.7432,0,0,0,1,3,0.575,3.6991,2,11,2,5,4,0.0245,79.24,0,2,0
3,-0.2326,0,0,1,1,1,0.8022,0.7824,3,11,4,9,9,0.2974,9.24,0,0,0
3,-2.7681,0,1,0,1,2,0.8008,0.7415,2,11,2,4,6,0.3022,8.26,0,0,0
3,20.7333,0,0,0,1,2,0.6648,1.0146,0,11,0,11,0,0.3978,14.81,0,0,0
3,0.0,1,1,1,1,1,0.6898,0.9822,0,11,0,0,0,0.3836,14.04,1,0,0
2,-1.1918,0,1,0,1,2,0.6375,3.6794,1,11,1,10,2,0.0005,78.77,0,1,2
3,-2.7681,0,1,0,1,3,0.65,0.7904,2,11,3,5,6,0.2974,9.43,0,0,0
3,-0.2326,0,0,0,1,3,0.6824,0.9892,2,11,1,2,6,0.3878,14.21,0,0,0
3,-0.2326,0,0,0,1,2,0.8019,1.0393,1,11,1,1,3,0.4099,15.41,0,0,0
3,-0.2326,0,0,0,1,2,0.8,0.7027,3,11,3,1,9,0.31,7.33,0,0,1
3,-0.2326,0,0,0,1,2,0.6972,0.97,2,11,2,7,6,0.3794,13.74,0,1,0
3,-2.7432,0,0,0,1,2,0.6343,0.8122,2,11,2,7,6,0.3064,9.96,0,2,0
3,-2.4134,0,0,0,1,2,0.7602,0.8942,2,11,1,-2,6,0.3437,11.92,0,1,0
3,-1.4671,0,0,1,1,1,0.6593,1.0218,2,11,1,-3,6,0.4009,14.99,0,0,0
3,3.477,0,0,0,1,2,0.8008,0.7114,1,11,1,7,3,0.3095,7.54,0,0,0
3,9.5649,0,1,0,1,2,0.7157,0.9447,1,11,1,1,3,0.3689,13.14,0,1,0
3,-2.7681,0,0,0,1,2,0.8008,0.7341,2,11,1,7,6,0.3043,8.08,0,0,0
2,-1.1918,0,0,0,1,2,0.6167,0.6731,2,11,2,7,4,0.0005,6.62,0,1,0
3,-1.7787,0,0,1,1,1,0.6944,0.9726,3,11,2,3,9,0.381,13.8,0,1,0
3,-1.7787,0,0,0,1,3,0.7917,1.9943,3,11,2,8,9,0.3886,38.33,0,1,0
3,-0.2326,0,0,0,1,2,0.7898,1.0687,2,11,2,4,6,0.4209,16.11,0,1,0
3,-4.1385,0,0,1,1,1,0.75,0.9084,2,11,1,0,6,0.3494,12.26,0,1,0
2,8.7706,0,0,1,1,1,0.6472,0.6922,0,11,0,0,0,0.0011,7.08,0,0,0
2,11.5073,0,0,0,1,2,0.6093,1.0439,1,11,1,7,2,0.0005,15.52,0,1,0
3,8.128,0,1,0,1,3,0.8008,1.0082,0,11,1,11,0,0.3962,14.66,0,0,0
2,17.2614,0,0,0,1,2,0.5556,6.0989,1,11,0,10,2,0.4014,136.84,0,1,0
2,12.0278,0,0,0,1,2,0.563,3.8282,1,11,1,7,2,0.1846,82.34,0,1,1
2,-1.4671,0,0,0,1,2,0.6167,2.936,2,11,1,-5,4,0.0042,60.93,0,2,1
3,-2.7681,0,1,1,1,1,0.7685,1.0817,2,11,1,3,6,0.433,16.42,0,1,0
2,0.0,1,0,0,1,3,0.7574,1.7991,0,11,1,5,0,0.0116,33.64,0,0,0
3,-2.4134,0,0,0,1,2,0.7992,0.7572,1,11,1,7,3,0.3006,8.64,0,0,0
2,-0.2326,0,0,0,1,2,0.6167,0.7666,2,11,1,1,4,0.0005,8.86,0,0,1
2,-2.4134,0,0,1,1,1,0.6481,0.7303,1,11,0,-6,2,0.0005,7.99,0,0,0
3,-0.2326,0,0,0,1,2,0.6435,1.0405,3,11,2,4,9,0.4099,15.44,0,1,2
3,-0.2326,0,0,1,1,1,0.7306,0.9291,2,11,1,0,6,0.3605,12.76,0,1,0
3,-5.5756,0,0,0,1,2,0.8,0.9481,2,11,1,-2,6,0.371,13.22,0,2,0
3,-0.2326,0,0,1,1,1,0.7185,0.9412,1,11,1,9,3,0.3673,13.05,0,0,0
3,17.2614,0,1,0,1,3,0.8011,0.7439,0,11,0,-1,0,0.3016,8.32,0,0,0
3,-0.2326,0,0,1,3,3,0.8022,1.0059,2,6,1,-3,6,0.3952,14.6,0,1,0
3,8.7706,0,1,1,3,2,0.7889,1.0696,0,6,0,-7,0,0.4214,16.13,0,0,0
2,11.5073,0,0,1,3,1,0.6167,0.6969,0,6,0,4,0,0.0005,7.19,0,0,0
2,-2.7432,0,0,1,3,2,0.6178,2.937,2,6,1,5,4,0.0048,60.95,0,1,1
3,-0.2326,0,0,1,3,3,0.8008,0.7365,2,6,1,0,6,0.3032,8.14,0,0,0
2,8.128,0,0,1,3,3,0.6713,1.7106,0,6,0,3,0,0.01,31.52,0,0,1
3,-2.7432,0,0,1,3,1,0.7019,0.9641,3,6,3,1,9,0.3768,13.6,0,1,0
3,-1.7787,0,0,1,3,2,0.8,0.6583,1,6,1,2,3,0.3136,6.26,0,0,0
3,-0.2326,0,0,1,3,1,0.6935,0.9745,2,6,1,-5,6,0.3815,13.85,0,0,0
3,-1.4671,0,0,1,3,2,0.8009,2.0771,2,6,1,5,6,0.3797,40.31,0,0,1
3,-2.7681,0,0,1,3,2,0.8008,0.6717,1,6,1,5,3,0.3132,6.58,0,0,0
2,-2.7681,0,0,1,3,3,0.6213,4.8041,1,6,0,0,2,0.2258,105.76,0,1,2
2,-5.5756,0,0,1,3,1,0.6153,3.7192,2,6,1,1,4,0.05,79.72,0,1,1
3,-1.7787,0,0,1,3,2,0.7889,0.8602,2,6,1,-4,6,0.3274,11.11,0,0,0
3,11.0801,0,0,1,3,2,0.8008,0.78,1,6,0,-4,3,0.2974,9.18,0,0,0
2,11.5073,0,0,1,3,1,0.6167,0.6402,0,6,0,4,0,0.0005,5.83,0,0,0
3,8.128,0,0,0,2,3,0.7657,0.8915,0,7,0,4,0,0.3405,11.86,0,0,0
2,8.7706,0,1,1,2,2,0.65,0.738,0,7,0,-6,0,0.0005,8.17,0,0,0
3,-2.7432,0,0,0,2,3,0.7944,0.8523,3,7,2,7,9,0.3242,10.92,0,1,0
2,9.5649,0,0,1,2,1,0.6097,0.7785,1,7,1,-4,2,0.0005,9.15,0,1,0
3,-0.2326,0,0,1,2,2,0.7426,0.9144,3,7,2,-3,9,0.3537,12.41,0,0,0
3,-1.4671,0,1,0,2,3,0.7333,0.9252,2,7,2,4,6,0.3589,12.67,0,0,0
3,0.0,1,0,0,2,3,0.6583,1.0225,0,7,0,-2,0,0.4015,15.0,0,0,0
2,-2.4134,0,0,1,2,1,0.6067,3.9463,1,7,1,-4,2,0.3282,85.17,0,1,1
2,-1.7787,0,1,1,2,1,0.7667,1.8555,1,7,0,-7,2,0.0058,34.99,0,1,1
3,-9.0033,0,0,1,2,1,0.6639,9.7863,1,13,1,11,3,0.3983,217.75,0,1,0
3,-1.7787,0,0,0,2,3,0.6287,0.8219,0,7,0,1,0,0.3095,10.19,0,0,0
3,-1.1918,0,0,1,2,2,0.762,0.8927,3,7,1,3,9,0.3426,11.89,0,2,0
3,-0.2326,0,0,1,2,2,0.7556,0.9014,1,7,1,6,3,0.3463,12.1,1,0,0
3,-1.7787,0,1,1,2,1,0.8,0.8845,3,7,0,-7,9,0.3374,11.69,0,0,0
3,8.128,0,0,1,2,1,0.7556,1.2098,1,7,1,2,3,0.5276,19.5,0,1,0
3,-5.5756,0,0,1,2,1,0.7542,3.6118,1,7,1,2,3,0.8262,77.15,0,1,1
3,-4.1385,0,0,1,2,2,0.7769,0.8746,3,7,1,0,9,0.3342,11.45,0,2,0
3,8.7706,0,1,0,2,3,0.7083,0.9543,2,7,2,-5,6,0.3731,13.37,0,2,0
3,-1.7787,0,0,0,2,3,0.7907,1.0672,2,7,0,-2,6,0.4204,16.07,0,0,0
3,9.5649,0,0,1,2,1,0.6389,1.0467,2,7,0,5,6,0.4125,15.58,0,2,0
3,16.5943,0,0,1,2,2,0.6519,1.0286,0,7,0,-9,0,0.4051,15.15,0,0,0
3,11.5073,0,0,1,2,2,0.7483,3.6169,1,7,1,6,3,0.83,77.27,0,1,0
3,-2.4134,0,0,0,2,3,0.8,0.7188,2,7,1,-2,6,0.3074,7.71,0,0,0
3,-2.7681,0,0,1,2,2,0.7708,3.0728,2,7,1,0,6,0.71,64.21,0,0,0
3,-1.4671,0,0,0,2,3,0.6509,1.0299,3,7,1,-2,9,0.4057,15.18,0,1,0
2,11.5073,0,0,1,2,2,0.77,2.7763,1,7,1,-3,2,0.0581,57.09,0,0,1
3,-4.9734,0,0,1,2,2,0.7642,2.56,2,7,2,3,6,0.7083,51.9,0,1,0
3,-2.7432,0,0,1,2,2,0.8011,0.6617,2,7,1,6,6,0.3142,6.34,0,0,0
3,-1.4671,0,1,1,2,1,0.7269,0.9313,1,7,1,2,3,0.3626,12.81,0,1,0
2,0.0,1,0,1,2,1,0.6194,0.6945,0,4,0,-7,0,0.0005,5.45,0,0,0
3,-1.7787,0,0,0,2,3,0.8,0.6414,2,7,2,7,6,0.3157,5.86,0,0,0
3,0.0,1,1,1,2,2,0.8008,0.99,0,7,0,0,0,0.3883,14.22,1,0,0
2,-2.7681,0,0,1,2,1,0.5917,3.8155,1,7,0,-1,2,0.1681,82.04,0,0,1
2,0.0,1,0,1,2,2,0.7852,0.6535,0,7,0,-3,0,0.0005,6.15,0,0,0
3,-1.4671,0,0,0,2,3,0.8,0.7544,3,7,2,1,9,0.3006,8.57,0,1,0
3,-1.7787,0,0,0,2,3,0.8,0.8532,2,7,1,-2,6,0.3248,10.94,0,0,0
3,13.073,0,0,0,2,3,0.7963,0.7356,1,7,0,7,3,0.3037,8.12,0,1,0
3,-0.2326,0,0,0,2,3,0.8,0.6486,2,7,1,4,6,0.3151,6.03,0,1,0
2,-4.9734,0,0,1,2,2,0.6317,4.54,1,7,0,-6,2,0.2083,99.42,0,0,1
3,-0.2326,0,0,1,2,2,0.7907,0.858,2,7,0,-3,6,0.3263,11.05,0,0,0
3,-2.7432,0,1,0,2,3,0.663,1.0167,3,7,3,1,9,0.3988,14.86,0,2,0
3,-1.1918,0,0,1,2,1,0.6815,0.9918,2,7,2,5,6,0.3883,14.27,0,0,0
3,9.5649,0,0,1,2,2,0.6537,1.0261,1,7,0,-3,3,0.4041,15.09,0,0,0
3,-2.7432,0,0,1,2,1,0.8008,0.668,2,7,2,5,6,0.3132,6.49,0,1,0
2,-5.5756,0,0,1,2,2,0.6102,3.8066,1,7,1,3,2,0.1574,81.82,0,0,0
2,8.7706,0,0,1,2,2,0.6139,0.7055,1,7,1,3,2,0.0011,7.39,0,1,0
2,-2.7681,0,0,0,1,2,0.6139,0.7484,1,8,1,7,2,0.0005,8.42,0,0,0
3,16.5943,0,0,1,1,1,0.6981,0.9677,0,8,0,6,0,0.3789,13.69,0,0,0
1,12.2665,0,0,1,2,2,0.5292,1.0243,0,4,0,-3,0,0.0016,14.89,0,0,1
3,-4.1385,0,0,0,1,2,0.7963,1.0563,3,8,2,1,9,0.4172,15.82,0,2,0
2,11.5073,0,0,0,1,2,0.6139,0.7593,1,8,1,-2,2,0.0005,8.69,0,1,0
2,-5.5756,0,0,1,1,1,0.6181,2.4944,2,8,1,-9,4,0.0005,50.33,0,1,0
3,-1.4671,0,0,1,1,1,0.7989,0.788,3,8,2,-9,9,0.2974,9.38,0,1,0
2,-1.1918,0,0,1,1,1,0.7689,1.7781,2,8,2,6,4,0.0131,33.14,0,1,1
3,-0.5869,0,0,0,1,2,0.8028,0.8818,2,5,2,1,6,0.3792,11.22,0,0,1
2,3.477,0,0,0,1,3,0.6167,0.774,0,8,0,8,0,0.0005,9.04,0,0,0
3,-4.9734,0,0,1,1,1,0.8008,0.6475,1,8,0,-6,3,0.3151,6.0,0,1,0
3,-2.4134,0,0,1,1,1,0.6778,0.9952,2,8,1,-3,6,0.3904,14.35,0,0,0
2,-2.7432,0,1,0,1,2,0.6097,0.6654,1,8,1,1,2,0.0011,6.43,0,0,0
3,8.128,0,0,0,1,3,0.6926,0.9756,2,8,0,8,6,0.382,13.88,0,2,0
3,2.809,0,0,0,1,2,0.8008,0.7233,1,8,1,4,3,0.3069,7.82,0,0,0
2,-2.7432,0,0,0,1,2,0.6097,0.8085,2,8,2,7,4,0.0005,9.87,0,1,0
2,-0.2326,0,0,0,1,2,0.5903,2.6143,0,8,0,-2,0,0.0211,53.21,0,0,1
2,-4.1385,0,0,1,1,1,0.6611,1.5213,1,8,1,3,2,0.02,26.97,0,0,1
3,8.7706,0,0,0,1,3,0.7509,0.906,1,8,1,5,3,0.3489,12.21,0,1,0
3,-0.2326,0,0,0,1,2,0.8,0.976,2,8,1,-2,6,0.3826,13.89,0,0,0
3,-0.2326,0,0,0,1,2,0.8008,0.7556,2,8,2,7,6,0.3006,8.6,0,1,0
2,-0.2326,0,0,1,1,1,0.6167,0.6642,1,8,0,-3,2,0.0005,6.41,0,0,0
3,-0.2326,0,0,1,1,1,0.8008,0.6864,3,8,2,-3,9,0.3127,6.94,0,0,0
3,3.477,0,0,0,1,2,0.7324,0.9264,0,8,0,4,0,0.3594,12.7,0,0,0
3,-1.2761,0,0,1,2,2,0.6711,1.0576,1,13,1,12,3,0.6719,9.05,0,0,1
3,8.7706,0,0,1,3,3,0.8008,0.6754,1,0,0,-3,3,0.3121,6.67,0,1,0
3,8.7706,0,0,1,3,1,0.7926,0.8559,0,0,0,-5,0,0.3253,11.0,0,0,0
3,-0.2326,0,0,1,3,2,0.8008,0.662,3,0,0,-7,9,0.3148,6.35,0,0,1
1,3.477,0,0,1,3,2,0.4861,4.4773,0,0,0,-4,0,0.0021,97.92,0,0,1
3,-1.7787,0,0,1,3,2,0.6667,1.0108,2,0,0,-10,6,0.3967,14.72,0,0,0
3,-0.2326,0,0,1,3,3,0.7852,1.0723,3,0,0,-9,9,0.4235,16.2,0,0,0
3,-16.0535,0,0,1,2,1,0.7267,14.2445,2,10,1,-4,6,0.7367,240.0,0,1,0
3,-4.1385,0,0,1,3,2,0.6574,1.0237,2,0,0,-4,6,0.402,15.03,0,0,0
3,0.0,1,0,1,1,1,0.7367,1.0036,0,11,1,9,0,0.5323,10.72,0,0,0
2,13.7635,0,0,1,3,2,0.6102,3.865,1,0,0,-16,2,0.2309,83.22,0,1,0
3,0.0,1,0,1,3,2,0.8,0.8017,1,0,0,-10,3,0.3022,9.7,0,0,0
3,9.5649,0,0,1,3,3,0.7917,0.6767,1,0,0,-9,3,0.3116,6.7,0,0,0
3,-2.7432,0,0,1,3,2,0.7676,2.3559,2,0,0,-1,6,0.4383,47.01,0,0,0
3,13.073,0,0,1,3,2,0.6713,1.0036,0,0,0,-7,0,0.3941,14.55,0,0,0
3,-1.4671,0,0,1,3,2,0.8022,0.6778,2,0,0,-7,6,0.3116,6.73,0,0,0
3,-0.2326,0,0,1,3,2,0.6417,0.8027,2,0,0,-4,6,0.3022,9.73,0,2,0
3,-2.7432,0,0,1,3,1,0.7546,0.9024,1,0,0,-8,3,0.3468,12.12,0,1,0
3,-2.7432,0,0,1,2,1,0.8008,0.7391,1,1,0,-7,3,0.3032,8.2,0,0,0
3,-0.2326,0,0,0,2,3,0.7806,1.0758,2,1,0,-5,6,0.4262,16.28,0,1,0
3,-1.7787,0,0,1,2,1,0.6361,1.0498,2,1,1,-7,6,0.4141,15.66,0,1,0
3,-2.7432,0,0,0,2,3,0.6222,0.8265,1,1,1,1,3,0.3132,10.3,0,0,0
3,13.073,0,0,1,2,2,0.7028,0.9616,0,1,0,-15,0,0.3762,13.54,0,0,0
3,13.9968,0,0,1,2,1,0.7981,1.0539,0,1,0,1,0,0.4162,15.76,0,0,0
3,9.5649,0,0,1,2,2,0.8019,0.7729,1,1,0,-3,3,0.2969,9.01,0,1,0
3,11.0801,0,0,1,2,1,0.7861,0.8638,1,1,0,-7,3,0.329,11.19,0,1,0
2,1.8142,0,0,0,2,3,0.6075,0.965,0,1,0,1,0,0.3747,13.47,0,0,1
2,2.3598,0,0,1,1,1,0.6289,0.4742,0,2,0,-3,0,0.2137,1.69,0,0,2
3,-0.2326,0,1,1,2,2,0.8,0.7716,3,1,0,0,9,0.2974,8.98,0,1,1
2,-5.5756,0,0,1,2,1,0.6167,0.8054,2,1,0,-4,4,0.0005,9.79,0,1,0
3,-2.8075,0,0,1,3,3,0.64,0.7672,1,6,0,-6,3,0.788,8.9,0,0,0
3,8.7706,0,0,1,2,2,0.6148,0.8353,1,1,1,-3,3,0.3174,10.51,0,1,0
3,-1.7787,0,0,1,2,2,0.7296,0.9303,1,1,0,-9,3,0.361,12.79,0,0,0
1,18.3342,0,0,1,2,1,0.4889,4.0398,0,1,0,1,0,0.0053,87.42,0,0,2
2,8.128,0,0,1,2,2,0.6139,0.7151,0,1,0,-6,0,0.0005,7.62,0,0,0
3,-0.2326,0,0,1,2,1,0.6463,2.4038,2,1,0,-7,6,0.5074,48.15,0,0,0
2,0.2326,0,0,1,2,2,0.6528,1.2095,0,7,0,6,0,0.0289,15.66,0,0,0
3,11.0756,0,0,1,2,2,0.6398,0.8078,1,1,0,1,3,0.3032,9.85,0,1,0
3,-2.7681,0,0,0,2,3,0.7935,0.8543,1,1,0,-2,3,0.3248,10.97,0,0,0
3,-4.9734,0,0,0,2,3,0.66,3.5138,1,1,0,-11,3,0.7752,74.79,0,0,0
2,-5.5756,0,0,1,2,1,0.5204,3.8478,1,1,0,-7,2,0.209,82.81,0,0,0
3,2.809,0,0,1,2,1,0.6241,2.3388,0,1,0,-4,0,0.414,46.59,0,0,0
3,-4.1385,0,0,1,2,1,0.8008,0.8722,2,1,0,-1,6,0.3337,11.4,0,0,0
3,-2.4134,0,0,1,2,2,0.7898,0.8595,2,1,0,0,6,0.3269,11.09,0,1,0
3,12.0278,0,0,1,2,2,0.6333,0.8163,0,1,0,-6,0,0.3069,10.05,0,0,0
3,-1.4671,0,0,1,2,2,0.7676,0.8898,2,1,0,-12,6,0.3395,11.82,0,1,0
3,-0.2326,0,0,0,1,2,0.8008,0.8507,2,2,0,-8,6,0.3242,10.88,0,0,1
3,13.073,0,0,0,1,2,0.6657,1.0132,2,2,1,-2,6,0.3973,14.78,0,1,0
2,20.0046,0,0,1,1,1,0.5861,0.9846,0,8,0,6,0,0.0612,7.74,0,0,0
3,-1.7787,0,0,0,1,2,0.8009,1.0505,1,2,0,-11,3,0.4151,15.68,0,0,0
3,-2.4134,0,0,1,1,1,0.6426,0.8005,2,2,1,0,6,0.3016,9.67,0,0,0
3,-4.1385,0,0,0,1,3,0.7352,0.9241,1,2,1,2,3,0.3579,12.64,0,0,0
3,-0.6347,0,0,1,3,2,0.7435,0.5868,2,9,1,-7,6,0.452,4.58,0,0,0
3,-1.7787,0,0,0,1,2,0.7657,1.083,2,2,0,-8,6,0.4346,16.45,0,2,0
2,14.4957,0,0,0,1,3,0.6139,0.65,2,2,1,-1,4,0.0005,6.06,0,2,0
2,-2.7681,0,0,0,1,2,0.6097,0.6993,2,2,0,-5,4,0.0005,7.25,0,1,0
2,-0.2326,0,0,0,1,3,0.4931,3.7965,1,2,0,-7,2,0.1452,81.58,0,0,1
3,8.128,0,0,0,1,2,0.7833,1.0744,1,2,1,1,3,0.4246,16.25,0,1,0
3,-2.4134,0,0,0,1,2,0.6528,1.0278,2,2,0,-8,6,0.4046,15.13,0,1,0
2,-8.3606,0,0,1,3,1,0.5972,10.7532,1,6,0,-5,2,0.0338,240.0,0,0,0
3,-2.7432,0,0,1,1,1,0.6444,0.7981,2,2,1,0,6,0.3006,9.62,0,1,0
3,8.7706,0,0,0,1,2,0.6491,1.0322,2,2,1,-11,6,0.4067,15.24,0,0,0
2,-2.7432,0,0,0,1,2,0.7883,0.5285,1,2,0,-5,2,0.0115,3.15,0,1,0
2,-2.7681,0,1,0,1,2,0.6472,0.6983,1,2,1,1,2,0.0005,7.22,0,0,0
3,3.477,0,0,1,1,1,0.7259,0.9328,0,2,0,0,0,0.3631,12.85,0,0,0
3,0.0,1,0,1,1,1,0.8,0.6943,2,2,0,-9,6,0.3111,7.13,0,0,0
2,-2.7681,0,0,0,1,2,0.5944,2.6255,2,2,0,-5,4,0.0348,53.48,0,0,0
2,12.0278,0,1,0,1,3,0.6167,0.6812,0,2,0,2,0,0.0005,6.81,0,0,0
3,-4.1385,0,0,1,3,3,0.7102,0.9507,1,3,0,-6,3,0.372,13.28,0,0,0
3,-5.5756,0,0,1,2,1,0.8008,0.6931,1,10,0,-4,3,0.3111,7.1,0,1,0
2,5.6574,0,0,1,2,2,0.6208,1.1782,0,1,0,1,0,0.3021,12.38,0,0,1
3,-0.2326,0,0,1,3,1,0.6204,0.8293,2,3,0,-5,6,0.3142,10.37,0,1,0
1,-2.2053,0,0,0,2,3,0.5144,3.8536,1,7,1,7,1,0.1247,82.98,0,1,2
3,8.128,0,0,1,3,2,0.6991,0.9661,1,3,0,2,3,0.3783,13.65,0,0,0
3,9.5649,0,0,1,3,2,0.8008,0.7754,2,3,2,-10,6,0.2964,9.07,0,0,0
2,-1.7787,0,1,1,3,3,0.6125,0.7608,2,3,1,-3,4,0.0011,8.72,0,1,0
2,0.0,1,1,1,3,3,0.7861,0.667,0,3,0,0,0,0.0011,6.47,1,0,0
2,-1.7787,0,0,1,3,3,0.6139,0.7835,2,3,1,0,4,0.0005,9.27,0,1,0
2,-0.2326,0,0,1,3,1,0.6167,0.7174,1,3,1,1,2,0.0005,7.68,0,0,0
3,-5.5756,0,0,1,3,1,0.6675,3.6586,2,3,0,-11,6,0.8804,78.27,0,0,0
3,13.073,0,0,1,3,1,0.788,0.8614,0,3,0,-11,0,0.3279,11.14,0,0,0
3,-1.7787,0,0,1,2,2,0.7389,0.9205,3,4,2,3,9,0.3558,12.55,0,0,0
3,-0.2326,0,0,1,2,1,0.7926,0.6595,2,4,1,2,6,0.313,6.29,0,0,0
3,13.7635,0,0,1,2,2,0.8009,0.9809,0,4,0,3,0,0.3841,14.0,0,0,0
3,-1.4671,0,0,1,2,1,0.8,0.686,1,4,1,2,3,0.3121,6.93,0,0,0
3,-2.7432,0,0,1,2,2,0.6435,0.7992,2,4,2,3,6,0.3011,9.64,0,2,0
3,-4.1385,0,0,1,2,2,0.7824,0.8688,3,4,0,0,9,0.3311,11.31,0,1,0
3,-2.4134,0,0,1,2,1,0.7778,0.8738,1,4,0,-1,3,0.3337,11.44,0,0,0
3,-1.7787,0,0,0,2,3,0.7989,0.7873,2,4,0,-8,6,0.2974,9.36,0,0,0
3,-13.7034,0,0,1,1,1,0.6454,10.3614,3,5,2,3,9,0.3001,233.01,0,3,0
3,-0.2326,0,0,1,2,2,0.6833,0.9876,2,4,0,-6,6,0.3873,14.17,0,0,0
3,3.477,0,0,1,2,1,0.8022,0.6383,0,4,0,-7,0,0.3157,5.78,0,0,0
3,-0.2326,0,0,1,2,1,0.8022,0.7405,3,4,2,-1,9,0.3027,8.23,0,2,0
3,-2.4134,0,0,1,2,1,0.7417,0.9159,3,4,1,-1,9,0.3542,12.45,0,1,0
3,-4.9734,0,1,1,2,2,0.7611,1.085,2,4,1,-3,6,0.4372,16.5,0,1,0
3,8.128,0,0,1,2,2,0.8008,1.0369,1,4,0,0,3,0.4094,15.35,0,1,0
3,-1.4671,0,0,1,2,2,0.7917,0.8568,3,4,1,-3,9,0.3258,11.03,0,2,0
3,-1.7787,0,0,1,2,1,0.8008,0.6392,2,4,1,-1,6,0.3162,5.8,0,2,0
2,3.477,0,0,1,2,2,0.6125,0.6909,1,4,1,3,2,0.0011,7.04,0,0,0
3,-0.2326,0,0,1,2,1,0.7139,0.9458,3,4,1,-1,9,0.3699,13.16,0,2,0
3,-2.4134,0,0,1,2,1,0.7565,0.9001,2,4,2,2,6,0.3458,12.07,0,0,0
2,-5.5756,0,0,0,2,3,0.6509,0.7583,1,4,1,4,2,0.0005,8.66,0,0,0
3,-5.5756,0,0,1,2,2,0.8008,0.6234,2,4,0,-12,6,0.322,5.42,0,0,0
2,-5.5756,0,0,1,2,1,0.6189,5.0576,2,4,1,-7,4,0.3501,111.85,0,0,1
3,19.0077,0,0,1,3,1,0.6908,0.7953,1,9,1,4,3,0.7574,7.87,0,1,2
3,3.477,0,0,1,2,2,0.8011,0.7019,1,4,0,0,3,0.3095,7.31,0,0,0
2,0.0,1,0,1,2,2,0.6093,0.8978,2,4,1,3,4,0.0005,12.01,0,2,1
3,-0.2326,0,0,0,2,3,0.8008,0.7845,1,4,0,-5,3,0.2974,9.29,0,0,0
3,-0.2326,0,0,1,2,2,0.8,0.8448,2,4,1,0,6,0.3211,10.74,0,0,0
3,-12.5472,0,0,1,3,1,0.7417,12.1767,3,6,1,-5,9,0.4482,240.0,0,1,0
3,-0.2326,0,0,1,2,1,0.8008,0.6899,3,4,0,-7,9,0.3121,7.02,0,0,0
2,-1.7787,0,0,0,1,3,0.6093,0.9625,2,5,1,-7,4,0.0005,13.56,0,1,1
3,-5.5756,0,0,0,1,2,0.715,3.6353,3,5,1,1,9,0.8507,77.71,0,1,1
3,-4.1385,0,0,0,1,2,0.6565,1.0249,2,5,2,1,6,0.4025,15.06,0,1,0
3,-4.1385,0,0,1,1,1,0.6694,1.0064,2,5,1,0,6,0.3952,14.62,0,0,1
3,-0.2326,0,0,0,1,2,0.6231,0.8255,1,5,0,-5,3,0.3127,10.28,0,0,0
3,11.5073,0,0,0,1,2,0.7935,0.657,0,5,0,-11,0,0.313,6.23,0,0,0
2,-2.7432,0,0,1,1,1,0.6097,0.6584,2,5,1,3,4,0.0005,6.26,0,2,0
3,-1.1918,0,0,0,1,3,0.8022,2.0174,2,5,1,-1,6,0.388,38.88,0,0,1
3,-1.7787,0,0,1,1,1,0.7556,1.0878,2,5,1,-9,6,0.4404,16.57,0,1,0
2,3.477,0,0,0,1,2,0.6426,0.5667,0,5,0,-8,0,0.0079,4.06,0,0,0
3,11.5073,0,0,0,1,2,0.7942,3.5653,2,5,1,4,6,0.8013,76.03,0,2,0
3,-9.0033,0,0,0,2,3,0.675,9.7696,3,4,1,-5,9,0.392,217.34,0,1,0
3,0.0,1,0,1,1,1,0.8022,0.6607,2,5,1,-6,6,0.3142,6.32,0,0,0
2,-2.4134,0,0,0,1,2,0.7742,1.5411,2,11,2,7,4,0.0168,27.45,0,0,0
1,21.2718,0,0,1,3,1,0.5972,1.2016,0,6,0,6,0,0.0005,15.47,0,0,0
2,-1.2761,0,0,0,1,3,0.5931,1.1586,1,5,1,5,2,0.0353,11.47,0,1,0
2,-0.9463,0,0,1,3,2,0.6344,4.57,2,12,2,5,4,0.3643,93.34,0,2,1
3,-15.8411,0,0,1,2,1,0.7917,14.4078,2,4,1,2,6,0.5521,240.0,0,0,0
2,-1.5461,0,0,1,2,2,0.6097,2.3895,1,1,0,-6,2,0.0301,43.98,0,1,0
2,14.8517,0,0,1,3,2,0.6014,0.8329,0,3,0,2,0,0.0169,10.48,0,0,1
3,13.3056,0,0,1,2,2,0.7622,0.9687,1,1,0,-6,3,0.526,9.88,0,0,0
2,2.7681,0,1,1,2,2,0.5347,0.9756,0,7,0,-3,0,0.0809,13.9,0,0,0
2,16.1769,0,0,1,3,2,0.6111,0.8475,0,3,0,-4,0,0.0181,9.12,0,0,0
3,11.3436,0,0,0,1,2,0.7296,0.592,0,2,0,-5,0,0.4599,4.7,0,0,0
3,-1.0452,0,0,1,2,1,0.7741,13.9526,2,4,0,-4,6,0.3358,240.0,0,2,0
3,-0.3547,0,0,0,1,2,0.7908,0.8119,1,17,1,10,3,0.7679,8.27,0,1,0
3,-1.7787,0,0,1,3,1,0.6704,1.0049,3,9,2,-5,9,0.3946,14.58,0,2,0
2,-0.6347,0,0,1,2,1,0.6611,1.168,2,10,2,5,4,0.0048,18.53,0,0,1
2,-8.3606,0,0,1,3,2,0.6611,9.6574,2,3,2,-7,4,0.0189,222.22,0,2,0
3,-3.5063,0,0,1,3,2,0.71,1.0426,2,15,2,14,6,0.6535,8.69,0,1,0
2,0.6022,0,0,1,2,1,0.615,0.7547,0,16,0,11,0,0.5019,8.35,0,0,0
2,-2.5106,0,0,1,3,2,0.7633,1.1695,1,6,1,5,2,0.0126,14.7,0,0,0
2,28.8097,0,0,1,2,1,0.6014,1.157,0,4,0,4,0,0.0322,11.43,0,0,0
1,-7.6155,0,1,1,3,1,0.6861,3.6293,1,3,0,-2,1,0.0021,74.36,0,0,0
2,17.9021,0,0,1,2,2,0.5213,0.7756,0,10,0,9,0,0.2827,8.93,0,0,1
2,12.9091,0,0,1,3,2,0.6025,1.0162,0,0,0,-10,0,0.4006,14.7,0,0,1
3,-1.4671,0,0,1,3,1,0.8,0.7249,2,9,2,4,6,0.3058,7.86,0,1,0
2,2.5106,0,0,1,2,2,0.5431,1.0367,0,1,0,-3,0,0.1261,8.99,0,0,0
1,-1.2761,0,0,0,1,2,0.4806,2.5728,1,14,1,13,1,0.0059,45.41,0,0,1
3,-1.4671,0,0,1,3,1,0.8,0.7295,3,3,1,-11,9,0.3048,7.97,0,1,0
3,-1.2345,0,0,1,1,1,0.7708,1.051,2,2,0,-12,6,0.5421,11.86,0,0,0
3,-13.4935,0,0,1,1,1,0.8,11.7097,3,8,1,-9,9,0.3193,240.0,0,1,0
3,1.301,0,0,1,1,1,0.7908,0.8004,0,8,0,-9,0,0.8034,9.7,1,0,0
3,-0.9591,0,0,1,3,2,0.7565,0.855,2,3,1,2,6,0.4398,7.15,0,0,0
2,11.74,0,0,0,2,3,0.6444,1.095,0,10,0,1,0,0.0005,12.91,0,0,1
3,-2.4134,0,0,0,1,2,0.6389,3.0073,2,2,1,1,6,0.6824,62.64,0,1,0
3,-4.9441,0,0,0,1,3,0.7978,4.6531,1,2,0,-10,3,0.5102,98.93,0,0,0
3,-2.4134,0,0,1,1,1,0.625,0.8244,1,8,0,0,3,0.3116,10.25,0,0,0
3,-2.7432,0,1,0,1,2,0.6472,1.0339,2,11,1,10,6,0.4078,15.28,0,1,0
3,-3.5063,0,0,1,1,1,0.688,0.9201,2,11,2,6,6,0.4836,5.75,0,1,0
3,-13.286,0,0,1,2,2,0.7989,12.2585,3,1,0,0,9,0.3011,240.0,0,1,0
3,3.477,0,0,1,2,2,0.8008,0.7163,0,1,0,-6,0,0.3079,7.65,0,0,0
3,-2.1808,0,0,1,2,1,0.74,1.0004,2,4,0,-7,6,0.5313,10.64,0,0,0
3,8.7706,0,0,0,2,3,0.787,1.0708,2,10,1,4,6,0.4225,16.16,0,1,0
3,-1.5461,0,1,1,2,2,0.7537,0.8556,1,4,1,3,3,0.4414,7.17,0,1,0
2,4.3024,0,0,0,1,2,0.6102,9.995,1,14,1,10,2,0.0005,222.75,0,1,0
2,-6.7559,0,0,0,2,3,0.7256,9.3285,2,10,2,10,4,0.1253,208.22,0,2,0
3,-5.2556,0,0,1,2,2,0.6481,4.5093,3,1,0,-12,9,0.4073,95.48,0,0,0
3,-1.4671,0,0,1,3,1,0.7213,0.9388,2,6,0,-8,6,0.3657,13.0,0,1,1
3,-2.8075,0,0,0,1,2,0.6508,0.8992,2,2,0,-2,6,0.8911,12.07,0,1,0
2,5.2556,0,0,1,2,2,0.5903,0.8481,0,1,0,0,0,0.0364,10.85,0,0,1
2,-3.1947,0,0,1,2,2,0.6025,2.1715,1,1,0,-3,2,0.3303,42.61,0,0,1
2,-12.8588,0,0,1,3,3,0.7065,10.8073,3,0,0,-9,6,0.1206,240.0,0,0,0
3,-4.6687,0,0,0,1,2,0.7167,4.4206,2,11,2,10,6,0.3684,93.35,0,0,0
2,2.8075,0,0,0,2,3,0.5533,0.6993,0,4,0,-2,0,0.4702,7.02,0,0,2
1,22.8951,0,0,1,3,3,0.5075,2.1464,0,12,0,12,0,0.1747,33.04,0,0,2
3,-13.4935,0,0,0,2,3,0.6204,13.4206,3,10,1,-5,9,0.4161,240.0,0,1,0
2,-1.7251,0,0,0,1,2,0.6033,2.6951,1,11,1,7,2,0.3774,53.47,0,0,1
2,9.0526,1,0,1,3,1,0.5483,0.7046,0,9,0,-5,0,0.4734,7.15,0,0,1
1,8.5509,0,0,0,1,3,0.6,4.9297,0,17,0,11,0,0.0005,105.57,0,0,1
2,-11.184,0,0,1,2,2,0.6741,10.5675,2,13,2,12,4,0.0116,236.49,0,0,0
3,12.9744,0,1,1,3,2,0.6411,0.9993,0,0,0,-10,0,0.5976,7.65,0,0,0
2,-14.3462,0,0,1,1,1,0.74,8.8122,3,14,3,9,6,0.1222,194.37,0,0,0
3,-2.6714,0,0,1,3,1,0.7639,0.8902,3,0,0,-5,9,0.4404,5.03,0,1,0
3,-2.6714,0,0,1,2,2,0.7231,0.9063,1,13,1,9,3,0.4636,5.42,0,0,0
2,-10.8712,1,0,1,2,2,0.6139,8.8961,1,1,0,-3,2,0.0005,203.95,0,0,0
2,1.5763,0,1,1,2,2,0.6167,1.1269,0,7,0,6,0,0.2691,17.53,0,0,2
2,11.184,0,0,1,3,2,0.6259,0.81,0,12,0,-1,0,0.0005,8.22,0,0,1
2,0.0,1,0,1,2,1,0.6167,0.6781,1,4,0,-7,2,0.0005,6.74,0,0,0
1,1.7251,0,0,1,2,2,0.4819,2.3505,0,7,0,6,0,0.0365,46.72,0,0,1
3,-4.7407,0,1,1,3,3,0.7875,1.1091,1,9,1,6,3,0.5526,13.25,0,1,0
3,-12.3081,0,0,0,2,3,0.7806,10.4346,3,10,2,7,9,0.3321,234.76,0,1,0
2,-2.1808,0,0,0,2,3,0.6009,1.2051,2,10,2,1,4,0.0268,15.56,0,0,0
3,5.2556,0,0,1,3,2,0.6306,0.6312,0,0,0,-10,0,0.5164,5.64,0,0,1
3,-1.301,0,0,1,3,3,0.6789,0.9872,2,3,1,3,6,0.5796,7.36,0,1,0
3,-14.5401,0,0,1,1,1,0.8008,13.8204,2,5,3,3,6,0.3011,240.0,0,1,0
3,-2.1808,0,0,1,2,1,0.7611,0.9083,3,10,3,5,9,0.484,8.43,0,0,0
3,-3.1947,0,0,1,2,2,0.6689,0.7477,1,1,0,-9,3,0.673,8.44,0,0,1
3,0.0,1,0,1,2,1,0.8,0.6956,1,4,1,2,3,0.3106,7.16,0,0,0
2,13.744,0,0,0,1,3,0.6256,0.9689,0,5,0,-7,0,0.3138,4.78,0,0,1
2,-6.2202,0,0,0,2,3,0.6463,3.0212,2,10,2,10,4,0.1106,59.77,0,1,0
3,-1.3705,0,0,1,2,1,0.7658,0.8321,1,1,0,-1,3,0.8188,10.46,0,0,0
2,-0.9477,0,0,0,2,3,0.588,10.913,2,1,1,1,4,0.0944,240.0,0,0,0
3,0.5869,0,0,1,2,1,0.8008,0.7596,1,10,0,2,3,0.6857,8.73,0,0,1
2,-14.2754,0,1,1,2,2,0.7383,14.0956,2,10,2,3,4,0.0005,240.0,0,1,1
2,13.744,0,0,1,3,1,0.5694,0.9123,0,12,0,1,0,0.2932,3.42,0,0,1
2,1.7251,0,0,0,2,3,0.6125,0.9585,0,1,0,-8,0,0.3715,13.32,0,0,2
2,17.0012,0,0,1,2,2,0.6267,1.1609,0,4,0,-3,0,0.4229,9.39,0,0,1
3,-0.3116,0,0,0,1,3,0.7089,0.9769,1,11,1,2,3,0.5654,7.11,0,0,0
2,8.9216,0,0,1,2,2,0.6267,1.0995,1,7,1,7,2,0.2032,10.49,0,0,0
2,-17.2115,0,1,0,1,3,0.6233,16.9925,3,5,2,2,6,0.3005,240.0,0,3,1
2,0.9463,0,0,1,2,1,0.6875,0.8673,0,16,0,2,0,0.0292,9.6,0,0,1
2,-12.2605,0,0,1,1,1,0.7233,11.8053,3,8,3,6,6,0.1259,240.0,0,0,0
3,-4.1385,0,0,1,2,1,0.7463,0.9123,2,10,1,-1,6,0.3516,12.36,0,0,0
2,-15.1405,0,0,1,1,1,0.6058,13.5118,1,8,0,6,2,0.3287,240.0,0,1,1
2,-6.2202,0,0,1,2,2,0.6167,4.1137,1,4,0,0,2,0.0005,85.99,0,0,0
2,-9.5951,0,1,0,2,3,0.74,8.1798,3,7,2,4,6,0.1211,186.76,0,1,0
3,-1.301,0,0,1,2,1,0.6778,0.9241,2,16,2,11,6,0.4895,5.84,0,1,0
3,5.2224,0,0,0,1,2,0.6983,0.7868,0,8,0,4,0,0.7527,7.67,0,0,0
3,5.6356,0,1,1,2,2,0.79,10.5453,2,4,1,3,6,0.5269,240.0,0,2,0
2,21.6323,0,0,1,3,2,0.6046,1.201,0,9,0,9,0,0.0252,15.46,0,0,0
2,13.7034,0,0,1,2,1,0.6,0.9729,1,7,1,-7,2,0.3796,13.66,0,1,1
3,0.0,1,1,1,3,1,0.6593,0.6199,2,3,0,-2,6,0.5,5.37,0,0,1
2,2.7367,0,0,0,2,3,0.6657,7.805,1,13,1,10,2,0.1007,170.19,0,0,0
2,0.6022,0,0,1,3,1,0.5575,0.8201,0,3,0,1,0,0.539,9.92,0,0,2
3,-6.2202,0,0,1,3,3,0.7867,6.7066,2,3,1,-3,6,0.77,148.22,0,1,1
3,-2.8075,0,0,1,2,2,0.7842,0.8095,2,1,0,-6,6,0.8077,9.92,0,0,0
2,-1.4371,0,0,1,2,2,0.6058,0.9663,1,4,0,3,2,0.3758,13.5,0,1,1
2,15.6458,0,0,1,3,2,0.6009,0.6819,0,3,0,-1,0,0.2376,6.68,0,0,1
3,-13.2196,0,0,1,2,1,0.7758,15.0868,2,7,1,2,6,0.7075,240.0,0,2,1
2,19.3624,0,1,1,2,2,0.4847,1.0311,1,7,2,6,2,0.1484,15.23,0,1,1
2,-4.651,0,1,1,1,1,0.5583,6.6814,2,8,1,0,4,0.0682,150.8,0,2,0
2,1.3953,0,0,0,2,3,0.6211,0.9165,0,1,0,1,0,0.349,12.31,0,0,1
2,-2.2053,0,0,0,1,3,0.5111,1.7907,1,8,1,5,2,0.2089,33.47,0,0,1
2,-17.0829,0,1,1,2,2,0.6194,10.1462,1,1,0,-3,2,0.0771,235.18,0,0,0
2,18.0464,0,0,1,1,1,0.5567,1.1244,0,11,0,6,0,0.4009,8.51,0,0,2
2,22.1699,0,0,1,2,1,0.61,0.7603,0,13,0,11,0,0.5051,8.48,0,0,3
2,-9.9067,0,0,1,2,1,0.6389,7.7549,1,7,0,-4,2,0.1148,176.56,0,0,0
2,0.3298,0,0,1,2,2,0.513,1.8002,0,4,0,0,0,0.2078,27.31,0,0,1
3,-0.9894,0,0,1,2,1,0.6389,0.628,1,13,2,5,3,0.5116,5.57,0,0,0
2,-5.5771,0,0,0,1,2,0.612,1.4896,1,8,1,7,2,0.0813,26.16,0,0,0
3,-11.032,0,0,1,2,1,0.7954,10.6251,2,1,0,-1,6,0.4178,239.34,0,1,0
3,4.2761,0,0,0,2,3,0.7717,1.0883,1,1,0,-2,3,0.7036,9.78,0,1,1
3,-17.0012,0,0,1,1,1,0.7742,15.0947,3,8,1,6,9,0.7084,240.0,0,2,0
3,-0.9463,0,0,0,1,2,0.7817,1.1178,1,5,0,-5,3,0.7368,10.49,0,0,0
2,-13.7034,0,1,1,3,2,0.6067,15.9049,2,3,0,-1,4,0.5073,240.0,0,1,1
3,0.0,1,1,1,2,2,0.7458,9.0295,2,1,0,0,6,0.6095,205.68,1,1,0
3,-1.5461,0,0,0,1,2,0.7833,0.9533,1,8,1,4,3,0.5171,9.52,0,0,0
2,-9.0033,0,0,1,3,2,0.575,13.7568,2,9,1,-1,4,0.3153,240.0,0,2,1
2,-2.56,0,0,0,2,3,0.6194,0.7582,1,1,1,1,2,0.0005,6.98,0,0,0
3,-6.9475,0,0,1,3,2,0.7608,0.6306,2,3,1,2,6,0.554,5.54,0,2,0
2,-4.5877,0,0,1,3,1,0.7093,0.8577,1,3,0,-11,2,0.0309,10.99,0,0,0
2,-5.5522,0,0,1,3,1,0.6167,4.7087,1,3,0,-5,2,0.0016,103.42,0,0,0
3,-5.5522,0,0,1,3,1,0.7742,0.7139,3,3,0,-2,9,0.5917,7.54,0,0,0
2,8.6983,0,1,1,3,1,0.5819,0.867,2,3,0,1,4,0.0346,11.22,0,1,0
2,0.668,0,0,1,3,2,0.5903,0.9175,0,3,0,2,0,0.0561,12.43,0,0,0
2,-5.2224,0,0,1,3,3,0.6069,0.9032,2,3,0,-6,4,0.0498,12.09,0,0,0
3,-5.5771,0,0,1,3,1,0.7433,5.9481,2,3,1,-5,6,0.7266,133.16,0,1,2
2,10.9545,0,0,1,3,1,0.6544,5.6314,0,3,0,-5,0,0.0391,125.56,0,0,1
2,0.0,1,1,1,3,1,0.575,0.8708,0,3,0,-2,0,0.0372,11.31,0,0,0
2,-7.7823,0,0,1,3,3,0.5653,0.8299,1,3,0,-3,2,0.0183,10.33,0,1,0
3,-2.5354,0,0,1,3,1,0.6306,0.587,2,0,0,-8,6,0.3085,0.72,0,0,0
2,2.0525,0,0,1,3,1,0.6093,6.0711,0,3,0,3,0,0.0191,136.12,0,0,1
2,-4.2761,0,0,1,3,3,0.5958,0.9106,2,3,1,0,4,0.054,12.26,0,1,0
3,-5.2224,0,0,1,3,2,0.7454,3.7223,2,3,0,-10,6,0.3521,79.74,0,0,0
3,0.668,0,1,1,3,2,0.735,0.7722,2,3,1,-1,6,0.6164,8.94,0,0,0
3,9.2188,0,0,1,3,2,0.7875,0.5906,2,3,0,-4,6,0.5377,4.58,0,0,0
2,0.0,1,0,0,2,3,0.6042,1.3094,0,1,0,-5,0,0.0543,20.21,0,0,1
2,-5.5522,0,0,1,3,3,0.5736,0.8227,1,3,0,-3,2,0.0152,10.15,0,0,0
2,-5.2224,0,0,1,3,3,0.7148,2.4667,1,3,0,-6,2,0.1185,49.61,0,1,0
2,11.6867,0,1,1,3,2,0.5514,0.8452,0,3,0,-1,0,0.0236,10.69,0,0,0
3,-5.5771,0,0,1,3,2,0.7225,0.7875,3,3,1,-4,9,0.6237,9.31,0,1,0
2,-4.5877,0,0,1,3,3,0.7037,0.4085,2,3,0,-3,4,0.0005,0.21,0,1,0
3,-7.7823,0,0,1,3,1,0.7767,0.6059,2,3,1,-11,6,0.5445,4.95,0,2,0
2,-5.5522,0,0,1,3,2,0.6167,4.7018,2,3,0,-4,4,0.0021,103.25,0,0,0
3,-5.5522,0,0,1,3,2,0.7617,0.7317,2,3,0,-1,6,0.5996,7.97,0,1,0
2,-2.5474,0,1,1,3,2,0.6153,5.7603,2,3,2,3,4,0.0042,128.66,0,2,0
3,10.264,0,0,1,3,1,0.7189,0.5713,0,3,0,-5,0,0.5294,4.12,0,0,0
2,-5.5522,0,0,0,1,2,0.6028,0.7988,1,8,1,4,2,0.0042,9.58,0,0,0
2,14.4524,0,1,1,3,1,0.5847,0.8639,0,3,0,1,0,0.0335,11.14,0,0,0
3,-5.5522,0,0,1,3,2,0.7267,0.781,2,3,2,2,6,0.6216,9.15,0,1,0
2,5.319,0,0,1,3,2,0.6194,5.9789,0,3,0,-1,0,0.0005,133.9,0,0,0
2,8.6983,0,0,1,3,2,0.6056,0.796,0,3,0,-1,0,0.0031,9.51,0,0,0
1,-4.5877,0,0,1,2,1,0.5403,1.598,1,4,0,-10,1,0.0005,28.76,0,1,1
2,2.2301,0,0,0,1,3,0.6122,1.0824,0,2,0,2,0,0.3751,7.5,0,0,1
2,-2.2053,0,0,0,1,2,0.6139,1.0373,1,2,0,-11,2,0.1553,15.38,0,0,0
3,-5.5522,0,0,1,2,1,0.7967,0.5802,3,4,1,2,9,0.5325,4.33,0,3,0
3,-8.3846,0,0,1,2,2,0.7908,0.6937,2,4,1,-3,6,0.5823,7.06,0,0,0
3,-4.5877,0,0,0,2,3,0.79,0.5869,2,4,2,4,6,0.5362,4.5,1,0,0
3,5.319,0,0,1,2,1,0.7933,0.6914,2,4,0,2,6,0.5807,7.0,0,0,0
2,-0.8348,0,0,0,1,2,0.6037,0.681,1,11,1,4,2,0.236,6.66,0,1,0
3,-4.0008,0,0,1,2,2,0.7492,0.646,1,4,0,0,3,0.5613,5.91,0,0,0
2,-3.0416,0,1,1,2,1,0.5736,0.8745,1,4,0,-7,2,0.0377,11.4,0,0,0
3,5.9616,0,0,0,2,3,0.8008,0.5741,1,4,0,4,3,0.5299,4.19,0,0,0
2,-5.5522,0,0,1,2,1,0.575,0.8719,1,4,1,2,2,0.0372,11.33,0,0,0
2,-6.9475,0,0,0,2,3,0.6806,4.8073,1,4,0,-5,2,0.0005,105.78,0,0,0
3,-3.0416,0,0,1,2,2,0.7675,0.7267,2,4,1,-3,6,0.5959,7.85,0,1,0
3,0.0,1,0,0,2,3,0.7867,0.6988,2,4,2,4,6,0.5849,7.18,0,0,0
2,10.9545,0,0,0,2,3,0.5681,0.8276,0,4,0,-2,0,0.0173,10.27,0,0,0
3,0.668,0,0,1,2,1,0.7592,0.737,1,4,1,-7,3,0.6012,8.1,0,1,0
3,3.7096,0,0,1,3,2,0.8008,1.0121,1,6,0,5,3,0.5339,10.93,0,0,1
2,-3.0416,0,0,1,2,2,0.5806,0.8198,1,4,1,3,2,0.0126,10.09,0,0,0
2,-5.2224,0,0,1,2,1,0.5639,0.8833,2,4,1,-4,4,0.0414,11.61,0,0,0
3,-5.5771,0,0,1,2,2,0.7942,0.6901,3,4,1,-3,9,0.5802,6.97,0,1,0
2,15.9628,0,0,0,2,3,0.5981,3.3601,0,4,0,-5,0,0.2392,64.31,0,0,0
3,-8.3846,0,0,1,2,2,0.7517,5.3752,2,4,0,-9,6,0.7162,119.41,0,1,1
3,-5.5771,0,0,1,2,1,0.8,6.3672,3,4,1,-4,9,0.7976,143.22,0,1,0
3,-4.5877,0,0,1,2,2,0.7542,0.6397,2,4,0,0,6,0.5582,5.76,0,0,0
3,0.668,0,0,1,2,2,0.755,0.7445,0,4,0,-3,0,0.6038,8.28,0,0,0
2,10.264,0,1,1,2,2,0.5787,1.7883,1,4,1,0,2,0.0986,33.33,0,1,0
2,-5.2224,0,0,1,2,2,0.5903,0.809,2,4,0,-6,4,0.0089,9.82,0,0,0
3,8.6983,0,0,1,2,1,0.7975,0.5789,0,4,0,-7,0,0.532,4.3,0,0,0
2,14.4524,0,0,1,2,1,0.5514,0.8948,1,4,1,-1,2,0.0456,11.88,0,0,0
3,-5.5522,0,0,1,2,1,0.7408,0.7645,2,4,1,2,6,0.6127,8.76,1,0,0
2,-5.9616,0,0,0,1,2,0.79,9.3165,3,2,0,-2,6,0.0079,206.47,0,3,1
2,8.644,0,0,0,2,3,0.6097,0.7332,0,4,0,4,0,0.0005,8.01,0,0,0
3,-5.2224,0,1,1,2,2,0.7222,0.5667,2,4,1,3,6,0.5278,4.01,0,1,0
2,-12.9091,0,0,0,2,3,0.662,6.9018,1,10,1,10,2,0.0624,148.52,0,0,0
3,-7.7823,0,0,1,2,2,0.8022,4.9236,1,4,0,-6,3,0.3792,108.58,0,0,0
3,-3.0416,0,1,1,2,1,0.75,5.9424,2,4,1,-7,6,0.7224,133.03,0,0,0
2,-12.3081,0,1,1,3,2,0.5514,8.143,1,0,0,-4,2,0.0708,179.77,0,0,0
2,-4.5877,0,0,1,2,2,0.7083,0.8377,1,4,0,-9,2,0.021,10.51,0,0,0
2,-5.343,0,0,0,1,2,0.6,1.1729,2,8,2,1,4,0.0142,14.79,0,1,0
3,-4.2761,0,0,0,2,3,0.75,0.6445,1,4,1,4,3,0.5608,5.88,0,1,0
2,23.5573,0,0,1,2,2,0.6194,0.7483,0,4,0,4,0,0.0005,8.37,0,0,0
3,-5.2224,0,0,1,2,2,0.6352,3.6206,2,4,2,0,6,0.3058,77.3,0,2,0
3,-6.9475,0,0,1,2,1,0.7433,0.7605,2,4,2,2,6,0.6111,8.66,0,0,0
1,19.5962,0,1,1,2,2,0.5472,2.7072,0,4,0,4,0,0.0005,55.38,0,0,1
3,8.2711,0,0,1,2,1,0.7378,0.5408,1,4,0,-1,3,0.5215,3.39,0,0,0
2,6.7559,0,0,1,2,1,0.6194,0.6874,0,4,0,2,0,0.0005,6.91,0,0,0
2,-5.5771,0,0,1,2,2,0.5486,0.8973,2,4,0,-3,4,0.0466,11.94,0,1,0
3,-7.7823,0,0,1,2,1,0.725,0.7837,2,4,1,2,6,0.6226,9.22,0,1,0
2,-2.809,0,0,1,2,2,0.5926,1.6612,1,4,0,-6,2,0.0918,30.28,0,1,0
3,0.0,1,1,0,2,3,0.7583,0.6344,0,4,1,1,0,0.5556,5.63,0,0,0
3,-4.0008,0,0,1,2,2,0.8008,4.846,2,4,1,3,6,0.3871,106.71,0,0,1
2,8.2711,0,0,0,2,3,0.5792,0.9275,0,4,0,1,0,0.0603,12.67,0,0,0
2,5.9616,0,0,1,2,2,0.6069,5.4317,1,4,0,3,2,0.0311,120.77,0,1,0
2,9.2188,0,0,0,2,3,0.6111,4.1618,1,4,1,-2,2,0.0005,90.29,0,1,0
2,-4.5877,0,0,1,2,1,0.6444,2.3723,2,4,0,-4,4,0.1112,47.34,0,1,0
2,8.6897,0,1,0,2,3,0.5944,0.8553,0,4,0,4,0,0.0299,10.94,0,0,0
3,-4.5877,0,0,1,2,2,0.7467,0.6483,2,4,0,-9,6,0.5629,5.97,0,0,0
2,-4.5877,0,0,1,2,1,0.5556,6.6401,2,4,1,-10,4,0.1888,149.77,0,2,1
3,-5.5771,0,0,1,2,2,0.7242,0.6791,1,4,1,3,3,0.576,6.71,0,0,0
2,9.2188,0,0,1,2,1,0.6111,0.7914,1,4,0,-4,2,0.001,9.4,0,0,0
3,-5.5771,0,0,1,2,2,0.8,3.4915,2,4,1,-3,6,0.3127,74.21,0,1,0
3,5.9616,0,0,1,2,1,0.7783,0.6046,1,4,0,2,3,0.5435,4.92,1,1,0
3,-4.2761,0,0,0,2,3,0.637,3.8582,3,4,1,1,9,0.4136,83.0,0,1,0
3,-8.3846,0,0,1,2,1,0.7525,5.3751,2,4,2,2,6,0.7157,119.41,0,1,1
2,-5.5522,0,0,1,2,1,0.785,4.1535,2,4,1,-4,4,0.0005,90.09,0,0,1
2,-5.2224,0,0,0,2,3,0.7367,2.7237,3,4,1,-5,6,0.13,55.78,0,0,1
3,-5.5771,0,0,1,2,1,0.7658,0.728,1,4,0,-4,3,0.597,7.88,0,1,0
3,-3.0416,0,0,0,2,3,0.7775,0.7117,3,4,2,4,9,0.5896,7.49,0,0,1
3,0.1487,0,1,0,1,2,0.7667,3.6997,1,5,0,5,3,0.34,79.2,0,1,2
2,-5.2224,0,1,1,1,1,0.6611,0.8728,2,5,2,3,4,0.0377,11.36,0,0,0
2,10.9545,0,0,1,1,1,0.5917,0.8592,0,5,0,-12,0,0.0309,11.03,0,0,0
3,-5.2224,0,0,1,1,1,0.7444,3.9606,3,5,1,-6,9,0.4919,85.46,0,2,0
3,6.7559,0,0,0,1,2,0.7367,0.7699,1,5,1,-2,3,0.6153,8.89,0,0,0
2,-6.9475,0,0,0,1,2,0.6509,5.0232,1,5,1,4,2,0.0005,110.97,0,0,0
3,-4.5877,0,0,1,1,1,0.7725,0.6142,2,5,0,-6,6,0.5472,5.15,0,0,0
3,-5.5771,0,0,0,1,2,0.7375,0.6599,3,5,1,4,9,0.5687,6.25,0,1,0
3,-3.0416,0,0,0,1,3,0.7675,0.7242,0,5,0,-1,0,0.5959,7.79,0,0,0
3,5.9616,0,0,0,1,2,0.8,0.6816,1,5,0,-5,3,0.577,6.77,0,1,0
2,-2.809,0,0,0,1,2,0.6093,4.5817,1,5,0,-5,2,0.0121,100.37,0,0,1
3,0.0,1,0,1,1,1,0.73,0.7784,1,5,1,-3,3,0.6195,9.09,0,0,0
3,-6.9475,0,1,1,1,1,0.7322,5.2456,1,5,0,0,3,0.5543,116.3,0,0,0
3,-4.0008,0,0,0,1,3,0.7981,4.8941,2,5,1,5,6,0.3808,107.87,0,1,0
1,0.668,0,0,0,1,3,0.5111,9.4343,0,5,0,-4,0,0.1263,216.83,0,0,2
3,9.2188,0,0,0,1,2,0.7983,0.6853,1,5,0,-2,3,0.5776,6.86,0,1,0
2,-5.2224,0,1,0,1,3,0.5875,0.8617,0,5,1,5,0,0.0325,11.09,0,0,0
3,-6.9475,0,0,1,1,1,0.8,3.5953,3,5,1,-6,9,0.2974,76.7,0,2,0
3,-5.5522,0,0,0,1,2,0.765,0.7289,2,5,1,-2,6,0.5975,7.9,0,0,0
2,-8.3846,0,1,1,1,1,0.6,0.8013,1,5,0,0,2,0.0052,9.64,0,1,0
3,-5.2224,0,0,0,1,2,0.7625,0.627,1,5,0,-5,3,0.5529,5.46,0,0,0
2,10.9545,0,0,1,1,1,0.6176,5.3698,0,5,0,3,0,0.0005,119.28,0,0,1
2,-5.2224,0,0,0,1,2,0.5944,0.912,1,5,0,-5,2,0.0545,12.3,0,1,0
3,-5.2224,0,1,0,1,2,0.8,4.7805,1,5,1,4,3,0.3939,105.14,0,0,0
2,-4.2761,0,1,0,1,2,0.5767,9.0572,1,5,0,-11,2,0.4551,207.78,0,0,1
3,-4.0008,0,0,0,1,3,0.7558,0.7429,3,5,2,5,9,0.6032,8.24,0,0,0
3,5.9616,0,0,0,1,3,0.7383,0.7681,1,5,1,2,3,0.6143,8.84,0,1,0
3,8.2711,0,0,0,1,2,0.7675,0.6208,2,5,0,-2,6,0.5503,5.31,0,0,0
3,-8.3846,0,0,0,1,3,0.73,0.6697,1,5,0,-4,3,0.5734,6.48,0,1,0
3,-7.7823,0,0,1,1,1,0.7033,5.3208,2,5,1,-9,6,0.6566,118.11,0,1,0
2,8.6983,0,0,0,1,2,0.5847,0.8147,2,5,1,-2,4,0.011,9.96,0,0,0
2,13.7853,0,0,0,1,3,0.5986,5.4159,1,5,0,-7,2,0.01,120.39,0,1,2
3,9.2188,0,0,0,1,3,0.7258,0.6762,1,5,1,5,3,0.5749,6.64,0,1,0
2,0.0,1,0,0,1,3,0.5611,0.887,0,5,1,5,0,0.0425,11.7,0,0,0
3,0.0,1,0,1,1,1,0.7408,0.6538,2,5,2,3,6,0.5666,6.1,0,2,0
2,5.319,0,0,0,1,3,0.5681,0.8794,2,5,1,2,4,0.0398,11.52,0,0,0
3,10.264,0,1,1,1,1,0.8017,5.3272,1,5,1,0,3,0.6646,118.26,0,1,1
3,-5.5522,0,0,0,1,2,0.8025,5.9652,2,5,1,4,6,0.7346,133.57,0,0,0
2,-6.9475,0,0,1,1,1,0.6713,4.5314,2,5,1,3,4,0.011,99.16,0,0,1
2,10.9545,0,0,0,1,2,0.5847,0.9224,0,5,0,-2,0,0.0582,12.55,0,0,0
3,-5.2224,0,0,1,1,1,0.7492,0.7533,2,5,0,-6,6,0.6074,8.49,0,0,0
2,-6.9475,0,1,1,1,1,0.5694,0.8263,1,5,0,0,2,0.0168,10.24,0,1,0
3,-5.5771,0,0,0,1,2,0.7815,3.6787,2,5,1,1,6,0.3316,78.7,0,0,0
2,-5.2224,0,0,0,1,2,0.7333,2.7827,2,5,2,1,4,0.1316,57.19,0,0,1
3,-4.5877,0,0,1,1,1,0.8022,3.9188,1,5,0,-6,3,0.4582,84.46,0,0,0
2,5.319,0,0,1,3,2,0.6125,0.79,0,0,0,-1,0,0.0005,9.37,0,0,0
3,5.9616,0,1,1,3,3,0.745,0.7597,1,0,0,-3,3,0.6101,8.64,0,1,0
3,-5.5771,0,0,1,3,2,0.7233,0.6803,2,0,0,-4,6,0.5765,6.74,0,1,0
2,0.0,1,0,1,3,2,0.7407,4.382,1,0,0,-4,2,0.0121,95.58,0,0,0
3,-5.5522,0,0,1,3,3,0.6167,3.642,3,0,0,-3,9,0.3163,77.82,0,2,0
3,-3.0416,0,0,1,3,2,0.7858,0.7005,3,0,0,-7,9,0.5854,7.22,0,0,0
2,-8.3846,0,0,1,3,2,0.5917,5.4474,2,0,0,-1,4,0.0517,121.15,0,2,1
2,-8.3846,0,0,1,3,2,0.5454,7.6964,1,0,0,-13,2,0.2691,175.12,0,0,1
3,-4.0008,0,0,1,3,1,0.7658,0.6235,1,0,0,-5,3,0.5514,5.37,0,1,0
2,9.2188,0,0,1,3,2,0.6028,0.9061,1,0,0,-1,2,0.0514,12.15,0,0,0
2,-8.3846,0,0,1,3,2,0.6213,5.717,1,0,0,-7,2,0.0079,127.62,0,0,1
3,-5.5771,0,0,1,3,1,0.7683,0.7231,3,0,0,-8,9,0.5954,7.76,0,2,0
3,-4.5877,0,0,1,3,1,0.7311,3.9681,2,0,0,-11,6,0.4982,85.64,0,0,1
2,-5.5522,0,0,1,3,1,0.5935,1.6605,1,0,0,-5,2,0.0912,30.26,0,0,0
2,13.7853,0,0,1,3,2,0.5458,9.0922,0,0,0,-4,0,0.475,208.62,0,0,2
2,-2.809,0,0,1,3,1,0.6097,3.5437,1,0,0,-8,2,0.0005,75.46,0,0,1
3,-4.0008,0,0,1,3,2,0.7333,0.6639,3,0,0,-1,9,0.5713,6.34,0,0,0
2,14.4524,0,0,1,2,2,0.6233,5.8788,1,1,0,-12,2,0.0011,131.5,0,1,1
2,-4.2761,0,0,1,2,2,0.7194,2.4438,3,1,0,-15,6,0.1159,49.06,0,2,0
2,-6.9475,0,0,1,2,2,0.6417,2.4027,2,1,0,0,4,0.1127,48.07,0,1,0
3,-5.2224,0,0,0,2,3,0.7775,0.6051,2,1,0,-2,6,0.544,4.93,0,0,0
2,5.319,0,0,0,2,3,0.6042,0.8493,0,1,0,-2,0,0.0262,10.79,0,0,0
3,-8.3846,0,0,0,2,3,0.7275,0.6738,1,1,0,-11,3,0.5739,6.58,0,0,0
3,5.9616,0,0,1,2,2,0.7758,0.7127,0,1,0,-9,0,0.5907,7.51,0,0,0
2,-3.0416,0,0,1,2,1,0.6648,1.7327,2,1,0,-4,4,0.0981,31.99,0,1,0
3,6.7559,0,1,1,2,1,0.8,0.5755,2,1,0,-13,6,0.5304,4.22,0,0,0
3,-8.3846,0,0,0,2,3,0.66,6.4708,3,1,0,-2,9,0.8852,145.71,0,2,1
3,8.6983,0,0,1,2,2,0.7725,0.7165,1,1,0,0,3,0.5928,7.61,0,1,0
3,0.0,1,0,1,2,2,0.7842,0.7015,2,1,0,-3,6,0.5865,7.25,0,0,1
3,0.0,1,1,1,2,2,0.7567,0.6362,2,1,0,0,6,0.5566,5.68,1,0,0
3,-4.2761,0,0,0,2,3,0.7842,0.5958,3,1,1,1,9,0.5398,4.71,0,1,0
2,-4.2761,0,0,1,2,1,0.7317,1.6074,2,1,0,-13,4,0.0881,28.99,0,0,1
2,-5.5522,0,0,1,2,2,0.6222,8.754,1,1,0,0,2,0.3154,200.5,0,0,2
2,-5.5771,0,0,1,2,2,0.6097,0.7252,2,1,0,-6,4,0.0005,7.81,0,0,0
3,-5.2224,0,0,0,2,3,0.7278,0.5625,2,1,0,-8,6,0.5252,3.91,0,0,0
2,0.0,1,0,1,2,1,0.6111,1.4969,0,1,0,-7,0,0.0818,26.33,0,0,0
2,-3.0416,0,0,1,2,2,0.6093,3.7925,1,1,0,-9,2,0.0005,81.43,0,0,1
2,0.0,1,0,1,2,2,0.6176,0.4747,0,1,0,-6,0,0.0016,1.8,0,0,0
2,-4.5877,0,1,1,2,2,0.5972,0.9097,1,1,0,-3,2,0.0535,12.24,0,0,0
2,-4.5877,0,0,1,2,2,0.5889,0.9186,1,1,0,-6,2,0.0566,12.45,0,1,0
2,-3.0416,0,0,1,2,1,0.5778,0.8213,2,1,0,-7,4,0.0136,10.12,0,0,0
3,-3.0416,0,0,0,2,3,0.7608,0.7355,1,1,0,-8,3,0.6001,8.06,0,1,0
2,-4.2761,0,0,1,2,1,0.5722,0.8756,2,1,0,-16,4,0.0383,11.42,0,0,0
2,-5.5771,0,0,1,2,2,0.6185,0.471,1,1,0,0,2,0.001,1.71,0,0,0
2,-3.0416,0,0,1,2,1,0.5542,0.8917,1,1,0,-1,2,0.0445,11.81,0,0,0
2,-5.2224,0,0,1,2,1,0.5597,0.8885,2,1,0,-1,4,0.043,11.73,0,1,0
3,8.2711,0,0,1,2,2,0.7892,0.695,0,1,0,-6,0,0.5833,7.09,0,0,0
2,19.1619,0,0,1,2,1,0.6083,5.4313,1,1,1,1,2,0.0306,120.76,0,1,0
3,-3.0416,0,0,0,2,3,0.7825,0.7038,1,1,0,-8,3,0.5875,7.3,0,0,0
3,-5.5771,0,0,1,2,2,0.7542,0.7455,1,1,0,-6,3,0.6043,8.3,0,0,0
3,-5.5771,0,0,1,2,2,0.8025,6.0019,2,1,0,0,6,0.7495,134.46,1,1,3
3,-5.5771,0,0,1,2,1,0.7625,0.7314,2,1,1,-7,6,0.5991,7.96,0,0,0
3,6.7559,0,0,0,2,3,0.7467,0.7569,1,1,1,1,3,0.609,8.57,0,0,0
2,-5.5771,0,0,0,2,3,0.5833,0.816,1,1,0,-5,2,0.0115,9.99,0,0,0
2,14.4524,0,0,1,2,2,0.5819,6.5768,1,1,0,-12,2,0.1112,148.25,0,1,1
2,-8.3846,0,0,0,1,2,0.6292,5.8844,1,2,0,-14,2,0.0005,131.64,0,0,1
2,-7.7823,0,0,0,1,3,0.6222,7.8626,1,2,0,-1,2,0.3485,179.11,0,0,1
3,15.0083,0,0,0,1,2,0.7942,0.5813,2,2,1,2,6,0.5341,4.36,0,2,0
2,8.6983,0,0,1,1,1,0.6083,0.7935,1,2,0,0,2,0.0021,9.45,0,0,0
3,0.668,0,0,0,1,2,0.7283,0.6726,1,2,0,1,3,0.5734,6.55,0,1,0
2,5.319,0,0,0,1,2,0.5764,0.8707,1,2,0,1,2,0.0367,11.31,0,1,0
2,-5.5771,0,0,0,1,2,0.5819,0.925,1,2,0,-2,2,0.0592,12.61,0,0,0
3,-4.5877,0,0,0,1,3,0.7935,3.4445,1,2,1,2,3,0.3151,73.08,0,0,0
3,-5.5522,0,0,0,1,3,0.8008,3.4463,2,2,1,2,6,0.3157,73.12,0,2,0
3,6.7559,0,0,0,1,3,0.7575,0.7403,1,2,0,2,3,0.6022,8.18,1,1,0
2,5.9616,0,0,1,1,1,0.6602,0.8178,1,2,0,0,2,0.0121,10.04,0,0,0
3,14.4524,0,0,0,1,2,0.7592,0.7384,2,2,0,-11,6,0.6012,8.13,0,2,0
2,-3.0416,0,0,0,1,2,0.6602,0.6751,0,2,0,-8,0,0.0005,6.61,0,0,0
2,-6.245,0,0,1,3,2,0.6194,1.2761,2,3,0,-4,4,0.0005,17.89,0,0,0
3,14.4524,0,0,0,1,2,0.6375,6.3474,0,2,0,-11,0,0.7896,142.75,0,0,0
3,-5.2224,0,0,1,1,1,0.7742,5.8722,3,2,1,-3,9,0.7084,131.34,0,0,1
3,0.668,0,0,1,1,1,0.6565,5.2088,1,2,0,0,3,0.5016,115.42,0,1,0
3,-4.2761,0,0,0,1,3,0.78,0.6016,1,2,0,-1,3,0.5425,4.85,0,0,0
2,-4.9441,0,0,1,3,3,0.6069,0.8805,1,3,0,0,2,0.0005,8.39,0,0,0
3,-4.2761,0,0,0,1,2,0.8008,4.7984,1,2,0,-2,3,0.3907,105.57,0,0,1
2,-5.2224,0,0,0,1,2,0.6102,4.6424,2,2,0,-14,4,0.0068,101.83,0,2,0
3,-3.0416,0,0,0,1,2,0.7383,0.6571,3,2,2,1,9,0.5681,6.18,0,0,0
3,-4.5877,0,1,0,1,3,0.7733,0.6122,2,2,0,-1,6,0.5466,5.1,0,0,0
2,5.9616,0,0,0,1,3,0.6533,5.6315,1,2,0,-7,2,0.0396,125.57,0,1,2
3,-5.2224,0,0,0,1,2,0.735,0.6623,2,2,1,-8,6,0.5702,6.3,0,1,0
3,-2.809,0,0,0,1,3,0.7492,5.376,3,2,1,-7,9,0.7178,119.43,0,2,1
3,-5.5522,0,0,1,3,2,0.7233,0.7859,2,6,2,5,6,0.6232,9.27,0,1,0
2,-5.2224,0,0,1,3,3,0.73,2.5565,3,6,2,6,6,0.1232,51.77,0,0,0
2,-4.2761,0,0,1,3,3,0.7192,0.8854,2,6,2,3,4,0.0425,11.66,0,0,2
2,0.0,1,1,1,3,2,0.6157,1.4675,1,6,0,-1,2,0.0792,25.63,0,0,0
3,-5.5522,0,0,1,3,2,0.7358,0.771,2,6,2,2,6,0.6158,8.91,0,0,0
3,0.0,1,0,1,2,1,0.7808,0.9262,1,4,1,-7,3,0.5568,9.49,0,1,0
2,0.668,0,0,1,3,3,0.6648,1.8632,0,6,0,-6,0,0.1017,35.12,0,0,0
2,5.319,0,0,1,3,2,0.6,0.9071,0,6,0,-1,0,0.0524,12.18,0,0,0
3,0.668,0,0,1,3,3,0.7867,0.5915,2,6,2,3,6,0.5383,4.6,0,1,0
2,-5.2224,0,0,1,3,2,0.5875,0.9197,1,6,1,2,2,0.0571,12.48,0,0,0
3,-5.2224,0,0,1,3,2,0.7241,3.7439,2,6,1,-7,6,0.3642,80.26,0,1,0
3,0.668,0,0,1,3,2,0.725,0.6772,1,6,0,2,3,0.5755,6.66,0,0,0
3,9.2188,0,0,1,3,3,0.7817,0.7056,1,6,1,6,3,0.587,7.34,0,0,0
3,-5.5522,0,0,1,3,2,0.8008,3.5649,2,6,1,5,6,0.3006,75.97,0,1,0
2,-5.5771,0,0,1,3,2,0.6069,0.7947,2,6,0,-1,4,0.0026,9.48,0,0,0
2,-4.5877,0,0,1,3,2,0.5861,0.8631,1,6,1,2,2,0.033,11.12,0,0,0
2,-1.9586,0,0,1,3,1,0.6056,5.4132,1,6,1,6,2,0.0074,120.33,0,1,0
2,18.8067,0,0,0,2,3,0.5833,0.9237,0,7,0,7,0,0.0587,12.58,0,0,0
3,-7.7823,0,0,1,2,2,0.76,0.6319,2,7,2,3,6,0.5545,5.57,0,1,0
2,9.2188,0,0,1,2,1,0.6083,0.9019,0,7,0,-1,0,0.0493,12.05,0,0,0
3,-4.5877,0,0,1,2,1,0.75,0.7496,2,7,1,-1,6,0.6069,8.4,0,0,0
3,13.7853,0,0,1,2,2,0.7425,0.7619,2,7,1,6,6,0.6116,8.69,0,2,0
2,-5.5522,0,0,1,2,2,0.5667,0.8809,1,7,0,0,2,0.0404,11.55,0,0,0
3,6.7559,0,0,1,2,1,0.7983,0.578,3,7,1,-1,9,0.5314,4.28,0,1,0
2,8.2711,0,0,1,2,2,0.5625,0.8339,0,7,0,6,0,0.0194,10.42,0,0,0
3,1.4119,0,0,1,2,1,0.7708,0.616,2,7,2,7,6,0.5482,5.19,0,2,0
3,9.2188,0,0,1,2,1,0.7833,0.7029,1,7,1,-1,3,0.587,7.28,0,0,0
3,-5.2224,0,0,1,2,1,0.7475,0.647,3,7,2,-7,9,0.5624,5.94,0,0,0
3,0.0,1,0,1,2,2,0.8,0.5693,2,7,3,3,6,0.5288,4.07,0,0,1
2,-3.0416,0,0,1,2,2,0.5528,0.8931,1,7,1,3,2,0.0451,11.84,0,0,0
2,-7.7823,0,0,1,2,2,0.6275,6.3658,1,7,2,6,2,0.0005,143.19,0,0,1
3,9.2188,0,0,1,2,2,0.785,0.7013,1,7,1,6,3,0.586,7.24,0,1,0
3,-4.5877,0,0,1,2,2,0.8028,4.8844,2,7,2,3,6,0.3792,107.63,0,0,0
2,-5.5771,0,0,0,2,3,0.5611,0.8351,2,7,2,1,4,0.0199,10.45,0,1,0
3,-3.0416,0,1,1,2,2,0.8011,4.775,1,7,0,0,3,0.3949,105.01,0,1,0
3,-3.0416,0,0,1,2,1,0.7342,0.7735,3,7,0,-4,9,0.6169,8.97,0,1,0
3,-5.2224,0,1,1,2,2,0.6287,3.632,2,7,0,-9,6,0.3095,77.58,0,1,0
3,-5.2224,0,0,1,2,2,0.7244,0.5639,1,7,0,-6,3,0.5267,3.94,0,0,0
3,8.6983,0,0,1,2,2,0.7208,0.7888,2,7,2,-3,6,0.6242,9.34,0,1,0
3,-5.2224,0,0,1,2,2,0.74,0.6546,2,7,1,0,6,0.5671,6.12,0,1,0
2,-2.809,0,0,1,2,1,0.6444,3.413,2,7,1,2,4,0.0042,72.32,0,0,1
2,5.9616,0,0,0,2,3,0.6056,5.5236,0,7,0,-2,0,0.0718,122.98,0,0,1
2,-8.3846,0,0,1,1,1,0.5722,0.8237,2,8,1,3,4,0.0157,10.18,0,1,0
3,5.319,0,0,1,1,1,0.7875,0.6978,1,8,2,3,3,0.5844,7.16,0,0,1
2,-4.5877,0,0,1,1,1,0.5708,0.8772,2,8,1,3,4,0.0388,11.46,0,1,0
3,5.319,0,0,0,1,2,0.7808,0.7065,1,8,1,1,3,0.5875,7.37,0,0,0
3,-4.5877,0,0,0,1,2,0.7533,0.7464,2,8,2,1,6,0.6048,8.32,0,0,0
3,-5.2224,0,0,1,1,1,0.7525,0.7469,2,8,1,6,6,0.6053,8.34,0,1,0
3,-5.2224,0,0,0,1,2,0.7178,0.5729,2,8,2,1,6,0.5299,4.16,0,1,0
3,-3.0416,0,0,1,1,1,0.755,0.6382,0,8,0,6,0,0.5577,5.72,0,0,1
2,5.319,0,0,1,1,1,0.5556,0.8904,0,8,0,6,0,0.044,11.78,0,0,0
2,10.9545,0,0,0,1,2,0.7189,0.8325,1,8,1,7,2,0.0194,10.39,0,1,0
2,-2.809,0,0,0,1,2,0.6185,5.7982,1,8,1,1,2,0.0005,129.57,0,0,1
3,-5.5771,0,0,0,1,3,0.7292,0.6713,2,8,2,8,6,0.5734,6.52,0,0,0
1,0.668,0,0,0,1,2,0.4889,9.2936,0,8,0,7,0,0.0339,213.45,0,0,1
3,5.9616,0,0,0,1,2,0.8008,3.7365,1,8,1,-5,3,0.36,80.08,0,0,0
2,-0.6022,0,0,1,3,3,0.5367,1.0506,1,12,0,-3,2,0.3557,6.74,0,1,2
1,19.3391,0,0,0,1,2,0.4903,0.9079,0,5,0,4,0,0.0333,12.03,0,0,1
3,4.651,0,0,0,1,3,0.7856,0.8083,0,11,0,8,0,0.5147,6.66,0,0,0
3,-3.5063,0,0,0,1,2,0.6689,0.9906,2,5,1,1,6,0.5844,7.44,0,0,0
3,-3.1947,0,0,0,2,3,0.7722,0.6446,2,10,2,10,6,0.5353,5.97,0,0,1
2,-6.2202,0,0,1,2,2,0.6042,0.9547,1,1,0,-3,2,0.0152,10.17,0,0,0
2,0.3547,0,0,0,2,3,0.5194,1.0197,0,7,1,4,0,0.1351,14.96,0,0,1
1,22.837,0,0,1,3,3,0.5167,1.0117,0,15,0,3,0,0.1016,14.52,0,0,2
2,2.56,0,0,0,1,2,0.54,1.1387,0,5,0,-11,0,0.4089,8.85,0,0,1
3,-6.2202,0,0,1,3,2,0.8,0.7472,2,0,0,-4,6,0.4953,5.19,0,0,0
2,8.6983,0,1,1,3,1,0.6014,0.8002,0,3,0,1,0,0.0047,9.61,0,0,0
2,-5.2556,0,0,1,2,2,0.6069,0.7342,1,13,1,9,2,0.0005,4.88,0,0,0
3,-5.2556,0,0,0,1,3,0.7922,0.6799,3,5,2,5,9,0.4712,3.58,0,1,0
3,-5.2556,0,0,0,2,3,0.7511,0.7305,2,10,1,-2,6,0.489,4.79,0,1,0
2,7.6155,0,0,1,3,2,0.5963,0.8216,0,3,0,-13,0,0.303,10.03,0,0,1
3,-5.2556,0,0,1,3,2,0.7241,0.6481,1,0,0,-7,3,0.4503,2.82,0,0,0
2,-4.3024,0,0,1,3,2,0.6,19.1384,2,0,0,-7,4,0.3804,240.0,0,2,1
2,9.0526,1,0,1,3,3,0.5725,0.803,0,0,0,-6,0,0.5293,9.51,0,0,3
2,8.3846,0,0,1,3,2,0.5367,0.8438,0,0,0,-4,0,0.5524,10.49,0,0,3
1,0.6022,0,0,1,3,3,0.4958,0.8871,0,0,0,0,0,0.022,11.53,0,0,1
3,-5.2556,0,0,1,3,3,0.7756,0.8202,2,0,0,0,6,0.5188,6.94,0,0,0
2,-4.9441,0,0,1,3,1,0.6083,5.2546,1,0,0,-5,2,0.0126,113.37,0,1,0
2,-14.8517,0,0,1,3,1,0.7037,10.6616,1,0,0,-14,2,0.0005,240.0,0,0,0
2,-5.8903,0,0,1,3,3,0.6125,5.1288,1,0,0,0,2,0.0063,110.35,0,0,1
2,2.8324,0,1,1,3,1,0.5392,0.8407,0,0,0,-2,0,0.5508,10.41,0,0,1
2,2.8075,0,1,1,3,2,0.59,0.7831,0,0,0,-7,0,0.518,9.03,0,0,2
2,22.1699,0,1,1,3,2,0.5789,0.4143,0,0,0,-1,0,0.3353,0.18,0,0,2
3,-8.4503,0,0,1,3,2,0.74,6.6205,2,0,0,-1,6,0.7288,146.15,0,0,0
2,0.8348,0,0,0,2,3,0.5989,0.9918,0,10,0,4,0,0.3262,5.33,0,0,3
2,9.0526,1,0,1,3,2,0.5433,0.7103,0,0,0,-10,0,0.4766,7.28,0,0,3
2,3.7969,0,0,1,3,3,0.6383,0.7283,0,0,0,-9,0,0.4868,7.72,0,0,1
2,13.948,0,0,1,3,1,0.5958,0.7767,0,0,0,0,0,0.5142,8.88,0,0,1
3,-3.7096,0,0,1,3,2,0.79,0.9154,2,3,1,-4,6,0.5532,9.23,0,1,0
2,-18.0464,0,1,1,2,2,0.7256,14.4581,2,1,0,-9,4,0.0053,240.0,0,0,1
3,0.0,1,0,1,2,2,0.7269,0.6463,0,1,0,-3,0,0.4487,2.77,0,0,0
3,-4.1385,0,0,1,2,2,0.65,1.0309,3,7,2,3,9,0.4062,15.21,0,1,0
3,19.1438,0,0,1,2,1,0.7967,0.6745,1,1,1,1,3,0.4691,3.45,0,1,0
2,-0.668,0,0,1,2,2,0.7825,0.9391,2,1,0,-3,4,0.0068,9.8,0,2,2
3,8.5509,0,0,1,2,2,0.8,0.7111,1,1,0,0,3,0.4822,4.33,0,1,0
3,-5.8903,0,0,1,2,2,0.7256,0.872,1,1,0,0,3,0.538,8.19,0,0,0
3,5.2937,0,0,1,2,2,0.8008,0.6695,1,1,0,-12,3,0.4675,3.33,0,0,0
2,1.4371,0,0,1,2,2,0.5758,0.6739,0,1,0,-3,0,0.4557,6.41,0,0,1
2,-6.2202,0,0,1,2,2,0.6083,0.6705,1,1,0,-3,2,0.0005,3.35,1,0,0
2,4.3838,0,0,1,2,1,0.565,0.8113,0,1,0,-7,0,0.5341,9.71,0,0,1
3,6.088,0,0,0,1,2,0.7808,0.9023,1,2,0,1,3,0.549,8.92,0,0,0
2,-4.6687,0,0,1,2,2,0.6139,4.8417,1,1,0,-6,2,0.0005,103.46,0,0,0
2,4.1085,0,1,1,2,2,0.6042,0.7671,0,1,0,0,0,0.5089,8.65,0,0,2
1,0.0,1,0,1,2,2,0.5074,0.9344,0,1,0,-3,0,0.051,12.66,0,0,2
3,-5.2556,0,0,0,2,3,0.7775,4.8341,3,1,0,-11,9,0.5547,103.28,0,1,1
3,-14.5401,0,1,1,2,2,0.7633,10.89,2,1,0,0,6,0.5524,240.0,0,0,0
2,0.0,1,0,1,2,1,0.6156,0.8931,0,4,1,2,0,0.0734,11.93,0,0,1
2,-5.2556,0,0,1,2,2,0.6083,0.8101,1,1,0,-3,2,0.0005,6.7,0,0,0
2,-9.5961,1,0,1,2,2,0.6375,19.0111,2,1,0,-15,4,0.3127,240.0,0,2,2
1,12.7273,0,0,1,2,2,0.5352,0.9889,0,1,0,1,0,0.0844,13.97,0,0,1
2,9.2188,0,0,1,3,3,0.5528,0.8438,1,6,1,6,2,0.0231,10.66,0,1,0
3,4.651,0,0,1,2,1,0.79,0.683,2,1,0,-4,6,0.4723,3.65,0,0,0
2,15.1405,0,0,1,1,1,0.5642,0.6867,0,2,0,-3,0,0.4632,6.72,0,0,1
3,-3.7096,0,1,1,2,1,0.8,0.7068,4,4,0,-7,12,0.4806,4.22,0,2,0
3,-6.245,0,0,0,1,2,0.8008,0.8625,2,2,0,-2,6,0.5348,7.96,0,1,0
2,-5.2556,0,0,0,1,2,0.7009,0.9616,1,2,0,-11,2,0.0189,10.34,0,0,0
3,-5.8903,0,0,1,1,1,0.8008,0.7167,3,2,0,-12,9,0.4843,4.46,0,0,0
2,9.5879,0,0,0,2,3,0.6083,9.2825,1,4,0,4,2,0.0005,213.75,0,1,0
3,0.0,1,0,0,1,2,0.7389,15.5689,2,2,0,-2,6,0.6398,240.0,0,2,0
1,5.5756,0,0,0,1,2,0.5317,1.337,0,2,0,1,0,0.1591,22.32,0,0,3
3,-5.2556,0,0,0,1,3,0.7139,0.6551,2,2,0,-4,6,0.456,2.98,0,1,0
3,-5.8903,0,0,1,1,1,0.7065,0.6599,2,2,1,-15,6,0.4602,3.1,0,0,0
3,-5.8903,0,0,0,1,3,0.6533,6.0107,2,2,0,-1,6,0.6804,131.52,0,1,2
3,-13.3056,0,0,0,1,2,0.7678,14.2099,3,2,1,-8,9,0.4808,240.0,0,1,2
2,1.4371,0,0,1,3,2,0.5983,0.7736,0,15,0,8,0,0.5126,8.8,0,0,3
2,-3.477,0,0,1,3,2,0.6565,2.5941,0,3,0,-7,0,0.1054,49.52,0,0,0
3,6.088,0,0,1,3,1,0.8008,0.8264,2,3,0,-11,6,0.5215,7.09,0,0,0
3,7.6032,0,0,1,3,1,0.7722,0.8245,0,3,0,-5,0,0.5204,7.05,0,0,0
2,-5.2556,0,0,1,3,1,0.6083,0.7908,1,3,0,-11,2,0.0005,6.24,0,0,0
3,-5.8903,0,0,1,3,2,0.8008,0.7572,2,3,1,-7,6,0.4979,5.43,0,1,0
3,10.2866,0,0,1,3,2,0.8008,0.7284,1,3,0,-4,3,0.4885,4.74,0,1,0
2,-13.3056,0,1,1,3,1,0.5972,14.4672,2,3,0,-8,4,0.0095,240.0,0,0,0
3,-4.9441,0,0,1,3,1,0.7867,0.6861,2,3,1,-2,6,0.4733,3.73,0,1,0
1,19.3391,0,0,1,3,2,0.5153,0.8739,0,3,0,-4,0,0.0145,11.21,0,0,2
2,9.0526,1,0,1,3,1,0.5733,0.8021,0,3,0,-11,0,0.5287,9.49,0,0,2
2,3.5063,0,0,0,2,3,0.5389,1.0488,0,10,0,-5,0,0.3546,6.69,0,0,2
3,-2.5106,0,0,1,1,1,0.7575,1.072,1,2,0,0,3,0.5463,12.36,0,0,0
3,-13.3056,0,0,1,2,1,0.7648,14.1566,3,4,0,-1,9,0.4351,240.0,0,1,2
3,5.2937,0,0,1,2,1,0.713,0.6556,2,4,0,-10,6,0.4565,2.99,0,0,0
3,8.0304,0,0,0,2,3,0.7967,0.7947,1,4,0,-5,3,0.5099,6.33,0,0,0
3,8.0304,0,0,1,3,2,0.7633,0.8363,2,3,0,-7,6,0.5246,7.33,0,2,1
3,0.0,1,0,1,2,1,0.79,0.8027,2,4,1,-10,6,0.5126,6.53,0,1,0
2,2.2053,0,1,0,2,3,0.57,1.1156,0,10,0,4,0,0.3944,8.3,0,0,1
2,-2.8075,0,0,1,2,2,0.5463,1.0669,1,7,0,-6,2,0.1941,16.09,0,0,1
2,-6.2202,0,0,1,2,2,0.6157,0.9566,1,4,1,3,2,0.0162,10.22,0,1,0
3,-9.0526,1,1,1,2,1,0.7175,7.111,2,4,0,-1,6,0.8491,157.92,0,2,1
1,5.343,0,1,0,2,3,0.5259,0.9581,0,4,0,-5,0,0.064,13.23,0,0,2
1,5.5756,0,0,1,2,2,0.5194,0.9231,0,4,0,-6,0,0.043,12.39,0,0,2
3,-5.2556,0,0,0,1,2,0.7333,0.865,2,2,0,-8,6,0.5354,8.02,0,0,0
3,9.5961,1,0,1,2,2,0.7456,0.8526,1,4,0,-9,3,0.5312,7.72,0,1,0
2,0.6022,0,0,0,2,3,0.5375,0.7169,0,4,0,-5,0,0.4804,7.44,0,0,2
2,22.837,0,1,1,2,2,0.5475,0.8315,0,4,0,3,0,0.5454,10.19,0,0,2
2,16.6557,0,0,0,2,3,0.5917,0.7812,0,4,0,-5,0,0.5169,8.98,0,0,2
2,0.0,1,0,0,1,3,0.6069,0.8419,0,8,1,8,0,0.0005,7.47,0,0,0
3,-6.2202,0,0,1,2,2,0.7508,6.0435,2,4,1,3,6,0.7168,132.3,0,0,0
3,0.0,1,0,1,2,2,0.7778,0.698,3,4,1,-12,9,0.4775,4.01,0,0,0
3,-0.668,0,0,1,2,2,0.7733,0.8234,4,10,4,9,12,0.5199,7.02,0,1,0
1,4.1085,0,0,0,2,3,0.4833,0.9127,0,4,0,-8,0,0.036,12.14,0,0,2
2,22.837,0,0,0,1,2,0.5908,0.7822,0,5,0,-8,0,0.5175,9.01,0,0,2
2,0.0,1,0,1,1,1,0.6333,0.734,0,5,1,3,0,0.4901,7.85,0,0,2
2,20.0713,0,0,0,1,2,0.6017,0.77,0,5,0,4,0,0.5105,8.72,0,0,1
2,9.0526,1,0,0,1,2,0.5592,0.6925,0,5,0,-8,0,0.4664,6.85,0,0,1
3,-3.7096,0,0,1,1,1,0.7825,0.8999,3,5,1,-3,9,0.5479,8.86,0,1,1
2,4.3838,0,0,0,1,2,0.5408,0.7133,0,5,0,1,0,0.4782,7.35,0,0,3
3,-5.2556,0,0,0,1,3,0.7222,0.768,3,5,0,-7,9,0.501,5.69,0,1,0
3,0.0,1,1,1,2,2,0.7875,0.9194,2,1,0,0,6,0.5547,9.32,1,0,0
2,-3.1622,0,0,1,2,2,0.6319,0.7468,1,10,1,6,2,0.0005,6.71,0,0,1
3,7.6032,0,1,0,1,2,0.7356,1.2197,1,5,1,4,3,0.5225,16.53,0,0,0
1,3.8244,0,0,0,1,2,0.5194,0.9239,0,5,0,5,0,0.0441,12.41,0,0,1
3,-15.8162,0,0,0,1,2,0.785,16.6496,1,5,0,-2,3,0.8071,240.0,0,0,1
3,-0.668,0,0,1,1,1,0.7917,0.913,2,5,2,-3,6,0.5526,9.17,0,0,0
1,27.7983,0,0,1,3,3,0.5333,0.8604,0,6,0,6,0,0.007,10.89,0,0,1
2,3.1622,0,0,1,3,1,0.5633,0.8132,0,6,0,1,0,0.5352,9.75,0,0,1
3,-15.6458,0,0,1,3,2,0.7189,14.0129,2,6,2,5,6,0.6493,240.0,0,0,1
2,4.1085,0,0,1,3,1,0.5533,0.8246,0,6,0,4,0,0.5416,10.03,0,0,2
3,0.0,1,0,1,2,1,0.7992,0.7485,1,7,1,-4,3,0.4953,5.22,0,1,0
3,-1.5461,0,0,1,3,2,0.7742,1.046,2,3,1,-7,6,0.5415,11.74,0,2,0
3,-6.245,0,0,1,2,1,0.8,0.8474,3,7,1,-1,9,0.5288,7.6,0,2,0
1,9.0526,1,0,0,2,3,0.5078,1.0185,0,7,0,-2,0,0.1059,14.68,0,0,2
1,9.0526,1,0,0,2,3,0.5204,1.0006,0,7,0,4,0,0.093,14.25,0,0,3
1,8.3846,0,0,0,2,3,0.4989,1.0248,0,7,0,7,0,0.1102,14.83,0,0,2
3,0.0,1,0,0,2,3,0.8,0.8133,2,7,2,4,6,0.5168,6.78,0,0,0
2,13.073,0,0,1,2,2,0.6454,0.6177,1,10,1,-3,2,0.0026,5.29,0,1,1
2,1.4371,0,0,1,2,2,0.6283,0.7395,0,7,0,3,0,0.4933,7.98,0,0,1
2,-3.5063,0,0,0,1,3,0.7417,1.1347,1,14,1,5,2,0.0053,10.9,0,0,2
1,22.9301,0,1,0,2,3,0.5306,0.9541,0,7,0,7,0,0.0613,13.13,0,0,1
3,7.6032,0,0,0,1,2,0.8008,0.6825,0,2,0,-2,0,0.4723,3.64,0,0,0
3,-6.2202,0,0,1,2,2,0.8,0.8763,2,7,1,6,6,0.5395,8.29,0,0,0
3,-3.7096,0,0,1,2,2,0.7211,0.769,3,7,1,-3,9,0.5016,5.72,0,0,0
3,0.0,1,0,0,1,3,0.7633,0.9068,2,5,2,-4,6,0.4829,8.4,0,2,1
3,-6.2202,0,0,1,2,2,0.8,0.7362,2,7,1,6,6,0.4911,4.93,0,1,0
3,-6.245,0,0,1,2,1,0.7892,0.9168,1,7,0,-1,3,0.5537,9.26,0,1,0
3,13.7844,0,0,1,2,2,0.8008,0.7715,0,7,0,-6,0,0.5026,5.78,0,0,0
3,6.088,0,0,0,1,2,0.7833,0.9236,1,8,1,1,3,0.5563,9.43,0,0,0
3,-2.56,0,0,1,2,1,0.7992,0.8029,1,1,0,-10,3,0.7631,8.05,0,0,1
1,3.1622,0,0,0,1,2,0.5222,0.9619,0,8,0,-8,0,0.0661,13.32,0,0,3
2,-13.9207,1,0,1,2,2,0.6509,12.2876,2,10,2,3,4,0.0005,240.0,0,1,0
1,10.2163,0,0,1,1,1,0.513,0.971,0,8,0,8,0,0.0715,13.54,0,0,2
1,15.1405,0,0,1,1,1,0.4972,0.9458,0,8,0,0,0,0.057,12.93,0,0,1
2,1.4371,0,1,1,1,1,0.6108,0.7595,0,8,0,6,0,0.5046,8.46,0,0,2
3,0.0,1,0,0,1,3,0.7231,0.6489,2,8,3,8,6,0.4508,2.83,0,0,0
3,-9.0526,1,0,1,1,1,0.8025,6.543,2,8,2,3,6,0.7084,144.29,0,1,0
2,9.0526,1,0,0,1,3,0.5925,0.7803,0,8,0,8,0,0.5164,8.96,0,0,2
3,-3.3794,0,0,1,3,3,0.7678,8.7403,4,0,0,-3,12,0.4817,201.44,0,1,0
2,6.088,0,0,1,1,1,0.6111,5.3602,1,8,0,-3,2,0.0032,115.9,0,1,1
3,20.6752,0,0,0,1,2,0.7578,0.8425,1,8,1,8,3,0.5267,7.48,0,1,0
2,6.7448,0,0,1,3,3,0.57,0.6804,0,12,0,12,0,0.4594,6.57,0,0,1
1,22.1699,0,0,1,3,2,0.5122,1.0487,0,12,0,-1,0,0.1258,15.4,0,0,3
1,8.3846,0,0,1,3,3,0.5083,0.9748,0,12,0,12,0,0.0742,13.63,0,0,1
3,-5.8903,0,0,0,1,2,0.7989,0.7005,1,17,1,4,3,0.4785,4.07,0,0,0
3,-4.9441,0,0,1,2,2,0.75,0.8487,3,13,3,-3,9,0.5293,7.63,0,2,0
2,-18.0464,0,0,1,3,1,0.6069,10.0087,2,12,2,1,4,0.0021,231.4,0,2,0
3,0.3116,0,0,0,1,3,0.785,0.7675,1,14,1,2,3,0.6951,8.92,0,1,3
2,-3.2153,0,0,1,3,2,0.6042,0.9949,2,12,2,12,4,0.012,11.14,0,2,0
3,-5.2224,0,0,1,1,1,0.7692,0.6185,4,2,2,0,12,0.5493,5.25,0,2,0
2,-4.9441,0,1,1,2,2,0.6125,0.7896,1,13,1,6,2,0.0005,6.21,0,0,0
3,-18.0464,0,0,1,2,2,0.6852,15.4611,2,13,2,3,6,0.4852,240.0,0,1,0
3,-5.2556,0,0,0,2,3,0.7522,0.7291,2,13,1,1,6,0.4885,4.76,0,0,0
3,7.6032,0,0,1,2,2,0.7889,0.6843,2,13,2,12,6,0.4728,3.68,0,0,0
2,13.7036,0,0,1,2,1,0.5583,0.819,0,13,0,5,0,0.5384,9.89,0,0,1
3,4.651,0,0,1,2,2,0.7917,1.2525,0,13,0,12,0,0.5351,17.32,0,0,0
1,4.1085,0,0,1,2,2,0.5148,0.9284,0,13,0,12,0,0.0467,12.52,0,0,2
1,10.706,0,0,1,2,2,0.5056,0.9363,0,13,0,13,0,0.0521,12.71,0,0,1
2,1.4371,0,0,1,2,1,0.56,0.8173,0,13,0,8,0,0.5373,9.85,0,0,1
3,-4.9441,0,0,1,2,2,0.7422,0.7428,2,13,2,-3,6,0.4932,5.09,0,0,0
3,0.0,1,0,0,1,2,0.8008,0.7851,1,14,2,13,3,0.5068,6.1,0,1,0
2,-3.7096,0,0,0,1,2,0.6069,0.9329,1,14,1,13,2,0.0026,9.65,0,0,0
2,9.0526,1,0,0,1,2,0.5283,0.7275,0,14,0,13,0,0.4863,7.7,0,0,1
3,-3.7096,0,0,0,1,3,0.7767,0.6999,2,14,2,5,6,0.478,4.06,0,1,0
2,4.651,0,0,0,1,2,0.6083,0.7448,0,14,0,7,0,0.0005,5.14,0,0,0
2,4.651,0,0,0,1,2,0.6125,0.8655,0,14,0,13,0,0.0005,8.03,0,0,0
2,10.8712,1,0,1,2,2,0.5602,1.0858,0,7,0,6,0,0.1862,10.16,0,0,0
2,-4.9441,0,0,0,1,2,0.6139,4.372,2,14,2,1,4,0.0005,92.19,0,1,0
3,6.088,0,0,1,1,1,0.7444,0.7398,2,8,1,3,6,0.4921,5.01,0,2,0
2,-8.4503,0,0,1,3,3,0.6144,6.3202,2,9,2,9,4,0.0296,138.94,0,1,2
1,9.0526,1,0,1,3,3,0.5037,0.9789,0,9,0,6,0,0.0769,13.73,0,0,2
1,17.6034,0,0,1,2,1,0.5157,0.9276,0,10,0,2,0,0.0462,12.5,0,0,2
3,-1.301,0,0,1,3,1,0.755,1.0977,2,6,0,-2,6,0.7141,10.01,0,0,0
1,0.0,1,0,1,2,2,0.4911,1.0325,0,10,1,6,0,0.1151,15.01,0,0,2
2,-14.8517,0,0,0,2,3,0.775,9.9554,2,10,1,-2,4,0.0052,230.12,0,0,0
2,0.0,1,0,1,2,2,0.5525,0.6999,0,10,0,-3,0,0.4707,7.03,0,0,1
3,-0.9463,0,0,1,1,1,0.6963,0.9167,2,5,0,-6,6,0.4789,5.66,0,0,0
3,-4.6687,0,0,1,2,1,0.7056,0.6608,2,10,1,5,6,0.4607,3.12,0,0,0
2,-0.6022,0,1,1,2,2,0.5711,1.0242,1,4,0,0,2,0.3391,6.1,0,0,2
3,-6.245,0,0,1,2,1,0.7792,0.9273,3,10,3,2,9,0.5574,9.51,0,0,0
2,5.2937,0,0,0,1,2,0.6083,0.9503,1,11,1,10,2,0.0126,10.07,0,1,0
3,4.651,0,0,1,1,1,0.7356,0.8633,1,11,1,6,3,0.5348,7.98,0,1,0
2,0.0,1,0,0,1,2,0.7808,0.9343,1,11,2,10,2,0.0037,9.68,0,1,1
1,13.7036,0,0,1,1,1,0.5025,1.5529,0,11,0,6,0,0.1785,27.51,0,0,3
2,-4.9441,0,0,0,1,2,0.6963,0.8356,3,11,2,-5,6,0.0005,7.32,0,2,0
3,-5.8903,0,0,0,1,3,0.7875,0.8943,2,11,1,11,6,0.5458,8.72,0,0,0
3,-3.7096,0,1,1,3,1,0.785,0.9219,3,3,1,-8,9,0.5553,9.39,0,0,0
3,-15.4864,0,0,0,1,3,0.7911,14.2533,1,11,1,8,3,0.5134,240.0,0,0,0
3,0.0,1,0,0,1,3,0.8008,6.0292,1,11,2,8,3,0.7015,131.96,0,1,0
2,-3.7096,0,0,1,3,2,0.6069,0.7149,1,3,0,-1,2,0.0005,4.42,0,0,0
3,-5.2556,0,0,0,1,2,0.7978,0.6731,1,11,1,7,3,0.4686,3.42,0,0,0
1,8.3846,0,0,1,3,3,0.4922,1.0317,0,15,0,12,0,0.1145,15.0,0,0,3
2,19.4691,0,0,0,2,3,0.6058,1.1799,0,1,0,-2,0,0.4363,9.84,0,0,2
2,3.7969,0,0,1,3,3,0.5367,0.7179,0,15,0,3,0,0.4809,7.47,0,0,1
3,-0.6347,0,0,1,3,3,0.7898,0.5683,1,0,0,-12,3,0.4256,4.14,0,0,1
3,8.5509,0,0,1,2,2,0.7244,0.7654,2,1,0,0,6,0.5005,5.63,0,0,0
2,19.3391,0,0,1,3,2,0.6083,0.7626,0,15,0,8,0,0.5062,8.54,0,0,2
3,-14.5401,0,0,0,2,3,0.6407,14.1176,4,16,4,16,12,0.4115,240.0,0,1,0
1,15.1405,0,0,1,2,1,0.5,0.8842,0,16,0,14,0,0.0204,11.46,0,0,2
1,5.5756,0,0,1,2,1,0.5486,0.8503,0,16,0,14,0,0.0011,10.64,0,0,2
3,5.2937,0,0,1,2,2,0.7083,0.6587,2,16,2,3,6,0.4592,3.07,0,0,0
1,0.6022,0,0,0,1,3,0.525,0.8673,0,17,0,17,0,0.0107,11.05,0,0,1
3,-6.245,0,0,0,1,3,0.7204,0.6506,3,17,3,11,9,0.4524,2.88,0,2,0
2,-14.5383,1,0,1,3,2,0.7278,9.3231,2,9,2,5,4,0.1243,208.09,0,0,1
3,-5.5771,0,0,1,2,1,0.7483,0.7545,0,4,0,-4,0,0.608,8.52,0,0,0
3,0.0,1,0,1,3,3,0.7731,0.8822,0,3,0,-3,0,0.3363,11.64,0,0,2
3,18.8388,0,0,1,2,2,0.745,1.1032,0,1,0,1,0,0.7205,10.14,0,0,0
3,3.7096,0,0,1,2,2,0.7678,0.9632,1,10,0,3,3,0.5244,9.75,0,0,2
2,-11.3436,0,0,1,2,2,0.7139,9.2334,2,4,1,3,4,0.1185,205.94,0,0,0
3,-6.2202,0,0,1,1,1,0.8,0.7063,2,8,1,6,6,0.4806,4.21,0,0,0
3,-14.4412,0,0,1,2,1,0.7683,9.8386,4,7,3,-10,12,0.5498,227.09,0,2,0
3,-4.2761,0,0,0,1,3,0.7825,0.5978,3,2,1,-4,9,0.5409,4.76,0,1,0
3,-4.9441,0,0,1,3,2,0.7185,0.652,2,12,2,11,6,0.4534,2.91,0,0,0
2,-6.9475,0,0,0,1,3,0.5944,0.806,2,8,2,8,4,0.0073,9.75,0,2,0
3,-5.2556,0,0,1,2,2,0.7344,0.8643,1,4,0,-9,3,0.5354,8.0,0,1,0
3,-5.2556,0,0,1,2,2,0.7356,0.7517,3,1,0,-6,9,0.4958,5.3,0,0,0
2,-1.4371,0,0,1,2,2,0.6133,0.9576,1,4,0,-3,2,0.371,13.29,0,0,1
3,8.5509,0,0,1,3,2,0.7622,0.716,1,3,1,2,3,0.4838,4.44,0,1,0
2,3.7096,0,0,0,2,3,0.71,0.9779,0,10,0,10,0,0.0005,10.11,0,0,2
3,-2.56,0,0,0,1,2,0.7017,1.2285,1,11,0,-2,3,0.8592,18.27,0,0,1
3,-3.1947,0,0,1,3,1,0.6644,0.6804,3,6,1,-5,9,0.5865,6.83,0,1,0
3,-3.1947,0,0,1,2,2,0.7589,0.7103,1,13,1,3,3,0.6303,7.54,0,0,0
3,-4.6687,0,0,1,3,1,0.8008,0.8531,1,0,0,-5,3,0.5317,7.74,0,1,0
3,5.4406,0,0,1,3,3,0.8017,0.9301,1,3,0,3,3,0.3776,12.37,0,1,0
1,-2.8075,0,0,1,2,1,0.4792,1.2729,1,7,0,-10,1,0.0064,21.04,0,0,2
3,-8.4503,0,0,1,3,2,0.8008,0.7299,2,0,0,-4,6,0.489,4.78,0,1,0
3,-5.8903,0,1,0,1,3,0.7867,0.8949,2,5,2,5,6,0.5464,8.74,0,0,0
2,-0.6347,0,0,1,1,1,0.5889,0.8359,2,8,2,6,4,0.0216,10.56,0,0,0
2,-4.1085,0,0,0,1,2,0.5509,4.4492,1,17,1,16,2,0.3036,90.45,0,0,2
3,-7.6032,0,0,0,2,3,0.7989,8.3082,2,4,0,-8,6,0.4801,188.37,0,0,0
3,-5.2556,0,0,0,1,2,0.7833,0.8994,2,14,2,1,6,0.5474,8.85,0,0,0
3,5.2937,0,0,0,1,2,0.7944,0.7979,2,2,0,-11,6,0.511,6.41,0,1,0
2,-0.1338,0,0,1,3,1,0.6685,10.3575,2,3,1,3,4,0.01,231.45,0,2,0
2,1.3705,0,0,1,3,2,0.5944,0.6923,0,0,0,-7,0,0.2413,6.93,0,0,1
3,7.6032,0,0,1,2,2,0.8,0.8001,0,4,1,-3,0,0.512,6.46,0,0,0
3,-3.7096,0,1,0,1,3,0.8,0.7971,1,5,0,-4,3,0.511,6.39,0,0,0
3,-0.668,0,0,0,1,2,0.8008,0.8221,3,2,1,1,9,0.5199,6.99,0,0,1
3,-5.2556,0,0,0,1,3,0.7533,0.8463,2,5,0,-7,6,0.5283,7.57,0,0,0
2,-14.2754,0,0,1,1,1,0.6097,9.4908,2,11,1,9,4,0.0016,219.45,0,0,1
3,-5.2556,0,0,1,1,1,0.7433,0.741,1,17,1,6,3,0.4927,5.04,0,0,0
3,6.088,0,0,1,3,1,0.7444,0.8543,2,6,1,1,6,0.5317,7.76,0,1,0
3,-4.0008,0,0,1,3,1,0.7492,0.7507,3,3,1,-2,9,0.6074,8.43,0,0,0
3,0.668,0,0,0,2,3,0.7289,0.5617,2,4,2,-2,6,0.5246,3.89,0,1,0
3,6.7559,0,0,1,2,1,0.7892,0.5878,1,1,1,-4,3,0.5367,4.52,0,0,0
2,-6.2187,0,0,1,2,1,0.6176,8.6437,1,7,1,7,2,0.0063,196.43,0,0,0
2,1.9424,0,0,0,2,3,0.6102,6.4568,1,4,0,-2,2,0.0042,139.3,0,0,0
3,-4.2761,0,0,1,2,2,0.77,0.6168,2,4,3,3,6,0.5487,5.21,0,1,2
2,-9.0033,0,0,0,2,3,0.7133,6.2809,2,4,1,4,4,0.012,133.61,0,0,1
2,-0.668,0,1,1,2,1,0.5931,0.9497,1,4,0,-1,2,0.012,10.05,0,0,0
3,10.2866,0,0,1,2,2,0.7194,0.6514,0,4,0,3,0,0.4529,2.89,0,0,0
3,-5.2556,0,0,0,2,3,0.7259,0.6471,1,7,1,4,3,0.4492,2.79,0,0,0
2,-5.2224,0,0,1,3,2,0.5597,0.8363,1,3,0,-7,2,0.0204,10.48,0,0,1
2,-15.8162,0,0,0,1,2,0.6185,10.6486,2,17,2,10,4,0.0031,240.0,0,0,0
2,-9.9067,0,0,1,2,2,0.6069,5.2294,2,1,0,-3,4,0.0005,115.95,0,1,0
3,5.2937,0,0,1,2,1,0.7478,0.7355,2,1,1,-7,6,0.4906,4.91,0,0,0
3,6.088,0,0,1,2,1,0.7733,0.7037,0,4,0,-10,0,0.4796,4.15,0,0,0
3,0.0,1,1,1,2,2,0.7967,0.6888,3,4,1,0,9,0.5786,6.94,1,0,1
2,-3.477,0,0,1,3,2,0.6509,0.7019,2,9,0,-1,4,0.0005,4.11,0,0,0
3,-9.0033,0,0,0,1,2,0.7925,6.5455,1,5,1,-5,3,0.5346,139.97,0,0,0
2,0.6022,0,0,1,2,1,0.53,0.7255,0,13,0,2,0,0.4852,7.65,0,0,1
3,-1.5461,0,0,0,1,2,0.7578,0.9112,2,11,1,-2,6,0.4855,8.51,0,0,0
2,0.0,1,0,1,3,3,0.5778,0.8694,0,0,0,-3,0,0.0362,11.27,0,0,0
2,-11.3436,0,0,0,1,3,0.7592,6.3004,2,5,1,-7,4,0.0073,135.54,0,0,0
2,-0.668,0,0,1,3,2,0.6972,0.8602,2,0,0,-4,4,0.0005,7.9,0,0,0
3,-0.9645,0,0,1,2,2,0.8017,0.7575,2,4,1,0,6,0.6841,8.68,0,0,1
3,13.3056,0,0,1,3,1,0.7722,0.9602,0,9,0,7,0,0.5223,9.68,0,0,0
3,-0.3116,0,0,0,1,2,0.7622,1.0208,2,14,2,10,6,0.6287,8.17,0,0,1
2,8.5509,0,0,1,2,1,0.6565,0.8663,0,10,0,5,0,0.0005,8.05,0,0,0
2,4.2761,0,0,0,2,3,0.55,4.9372,0,1,0,-2,0,0.5438,102.16,0,0,1
3,-5.8903,0,0,1,2,1,0.7958,1.2488,2,4,0,-10,6,0.533,17.23,0,0,0
2,-16.5068,0,1,1,3,2,0.6083,10.7672,2,0,0,-4,4,0.0005,240.0,0,1,0
3,-3.7096,0,0,1,2,2,0.7756,0.7011,3,1,0,-9,9,0.4785,4.09,0,1,0
3,-5.8903,0,0,1,2,2,0.8008,4.7167,2,1,1,-6,6,0.5328,100.46,0,0,0
3,-4.9441,0,0,0,1,2,0.78,0.6956,3,17,3,1,9,0.4764,3.95,0,0,0
2,-10.8712,1,0,1,1,1,0.6083,5.7143,1,2,0,-6,2,0.0005,127.59,0,0,0
3,-3.1947,0,0,0,1,2,0.7,0.7343,2,11,2,1,6,0.6582,8.12,0,1,0
2,21.5677,0,1,1,1,1,0.5989,1.0927,0,5,0,-12,0,0.381,7.75,0,0,2
3,-6.245,0,0,0,2,3,0.8,0.7025,2,1,1,1,6,0.4791,4.12,0,0,0
3,-8.2711,0,1,1,2,2,0.7375,9.0408,3,1,1,-3,9,0.6148,205.95,0,1,1
1,18.6486,1,0,1,2,1,0.5028,0.9401,0,13,0,2,0,0.0537,12.8,0,0,2
3,5.319,0,0,0,1,3,0.7815,3.8847,1,5,1,-1,3,0.4256,83.64,0,1,0
1,15.1405,0,0,1,1,1,0.5222,1.008,0,17,0,6,0,0.0989,14.43,0,0,3
2,-6.245,0,0,1,3,3,0.6111,0.7091,2,12,2,6,4,0.0005,4.28,0,1,0
2,17.6034,0,0,1,3,3,0.6275,0.7409,0,6,0,3,0,0.4938,8.02,0,0,3
3,-0.5205,0,0,1,3,1,0.7767,9.3698,4,3,0,-2,12,0.5188,215.84,0,1,0
2,0.0,1,1,1,2,2,0.7167,0.7746,1,4,0,0,2,0.0005,5.85,1,0,1
3,11.74,0,0,1,2,2,0.7333,0.9253,0,4,0,0,0,0.4971,8.84,0,0,0
2,-15.1405,0,0,1,2,2,0.6185,7.3391,1,1,0,-3,2,0.0005,160.47,0,0,0
3,7.6032,0,0,1,2,2,0.7278,0.87,1,1,1,0,3,0.5375,8.14,0,1,1
3,6.6945,0,0,0,2,3,0.6492,0.9249,0,4,0,4,0,0.8921,6.3,0,0,1
2,-6.245,0,1,1,2,2,0.5903,0.9517,2,1,0,-6,4,0.0131,10.1,0,1,0
3,-1.3705,0,0,0,1,2,0.7092,0.8704,2,5,1,-5,6,0.8544,11.38,0,0,0
3,0.668,0,1,1,2,2,0.7933,0.583,1,4,1,0,3,0.5346,4.4,0,0,0
3,-5.8903,0,0,0,1,2,0.7389,5.9114,1,11,1,1,3,0.5512,129.13,0,0,1
2,-3.7096,0,0,1,2,2,0.6528,0.7734,0,7,0,-3,0,0.0005,5.82,0,0,0
2,1.5763,0,1,1,3,2,0.5139,0.9816,0,6,0,5,0,0.0888,14.05,0,0,1
2,0.0,1,0,0,2,3,0.6083,0.5674,1,4,2,4,2,0.0005,0.88,0,0,0
2,-6.245,0,0,1,3,2,0.6111,0.7347,2,15,2,8,4,0.0005,4.89,0,0,0
2,-14.5383,1,0,1,3,3,0.6185,7.1635,1,12,1,12,2,0.0005,156.26,0,0,0
3,-1.5461,0,0,1,2,1,0.7222,0.8803,3,10,3,8,9,0.4593,7.76,0,0,0
3,8.5509,0,0,1,2,1,0.78,4.8279,0,7,0,5,0,0.5536,103.13,0,0,1
3,-0.6905,0,0,1,3,2,0.7542,10.3095,2,9,2,5,6,0.5497,236.61,0,1,0
2,0.6347,0,0,0,1,2,0.5935,3.4291,0,11,0,10,0,0.2809,71.08,0,0,1
3,0.3298,0,0,1,1,1,0.7075,0.8962,0,8,0,-6,0,0.8555,5.61,0,0,1
3,19.3624,0,1,0,1,2,0.6525,0.8983,0,8,0,7,0,0.89,12.05,0,0,1
3,-11.184,0,0,1,3,2,0.8008,10.0533,3,3,0,-13,9,0.5421,224.15,0,1,0
2,6.7559,0,0,0,1,2,0.5458,0.8994,0,5,0,-2,0,0.0477,11.99,0,0,0
3,8.5509,0,0,1,3,3,0.7908,0.8893,2,0,0,0,6,0.5443,8.6,0,1,0
3,0.6347,0,0,1,2,1,0.73,0.7456,1,16,1,11,3,0.7351,6.68,0,0,1
2,1.3705,0,0,1,1,1,0.6083,0.8052,0,11,0,9,0,0.2966,9.64,0,0,2
3,-3.1947,0,0,1,2,2,0.8022,0.6964,1,4,0,-6,3,0.6097,7.21,0,0,0
2,13.7034,0,0,0,2,3,0.5667,0.7247,0,10,0,7,0,0.2568,7.7,0,0,2
3,8.0304,0,0,0,1,2,0.8008,4.1717,2,8,2,7,6,0.3111,87.38,0,0,0
3,-2.6714,0,0,1,3,1,0.6176,0.8745,1,0,0,-5,3,0.4177,4.65,0,1,0
1,17.2638,0,0,1,1,1,0.5083,2.8408,0,2,0,0,0,0.0054,58.67,0,0,1
3,-5.2556,0,0,1,3,1,0.7333,0.7548,2,9,2,4,6,0.4969,5.37,0,1,0
2,1.9424,0,0,1,1,1,0.6069,7.1491,2,8,1,6,4,0.0005,155.91,0,1,0
3,-3.5063,0,0,1,2,2,0.6856,1.0519,2,10,1,-3,6,0.6651,8.91,0,1,0
2,18.5907,0,0,1,2,2,0.6194,0.8098,0,7,0,7,0,0.0094,9.85,0,0,1
3,1.5763,0,0,0,1,2,0.7375,0.8546,0,8,1,4,0,0.8369,11.0,0,0,0
2,-6.245,0,0,1,2,2,0.613,0.8302,2,4,0,-3,4,0.0005,7.18,0,2,0
2,7.6032,0,0,0,2,3,0.6125,0.8867,0,4,0,-2,0,0.0005,8.54,0,0,0
3,-3.7096,0,0,1,3,1,0.8,4.4456,3,0,0,-11,9,0.3794,93.95,0,1,0
3,8.0304,0,0,1,2,2,0.7074,0.6595,1,1,0,0,3,0.4597,3.09,0,0,0
2,-12.9744,0,0,1,2,2,0.7222,8.2272,3,10,2,-6,6,0.0078,189.12,0,2,0
3,-5.2556,0,0,1,2,2,0.7844,0.8096,2,13,1,9,6,0.5152,6.69,0,0,0
2,-15.2306,0,0,1,3,2,0.5931,10.4107,2,6,0,-1,4,0.0063,239.03,0,1,0
3,-8.4503,0,0,0,1,3,0.7,0.6644,2,8,1,2,6,0.4639,3.21,0,1,0
2,-5.8903,0,0,1,3,3,0.6435,4.0368,2,12,2,6,4,0.0073,84.14,0,0,0
3,-10.896,0,1,1,2,2,0.7546,9.216,2,1,0,-6,6,0.4409,211.63,0,2,0
2,-0.6022,0,0,1,2,2,0.6156,0.9773,1,10,0,-3,2,0.3181,4.98,0,0,1
3,-5.8903,0,0,1,2,1,0.8,0.6849,2,7,1,5,6,0.4733,3.7,0,1,0
2,1.3705,0,0,0,2,3,0.5963,0.6912,0,1,0,-5,0,0.2402,6.9,0,0,1
3,13.286,0,0,0,1,2,0.6844,0.7411,0,14,0,13,0,0.6656,8.28,0,0,0
3,7.6032,0,0,1,2,2,0.7878,0.6856,0,7,0,-3,0,0.4733,3.71,0,0,0
2,-7.6155,0,0,1,2,1,0.613,0.7191,2,4,1,2,4,0.0005,4.52,0,2,0
3,0.0,1,1,1,2,2,0.8,0.751,2,1,0,0,6,0.4958,5.29,1,0,0
2,7.8522,0,0,1,3,3,0.6083,10.7165,1,6,1,6,2,0.0021,240.0,0,1,1
3,-5.8903,0,0,0,2,3,0.8008,0.8071,3,10,3,7,9,0.5147,6.63,0,1,0
3,3.3794,0,0,1,2,2,0.7144,5.4293,1,7,1,-3,3,0.5042,120.75,0,1,0
2,-10.2866,0,1,1,2,2,0.6435,10.4294,2,7,2,6,4,0.0073,239.48,0,0,0
3,-1.437,0,0,1,1,1,0.7389,6.7269,2,11,2,3,6,0.4419,145.78,0,0,0
2,-10.5493,1,0,1,2,2,0.6426,4.9062,2,4,1,3,4,0.0042,100.62,0,0,0
3,0.6427,0,0,1,2,2,0.7717,5.9333,2,7,0,0,6,0.5477,132.84,0,0,0
3,-1.5763,0,0,1,2,2,0.8,0.7266,1,7,0,0,3,0.3989,7.49,0,1,1
3,-1.2761,0,0,1,2,2,0.6435,0.8566,1,16,1,15,3,0.403,4.22,0,0,0
1,4.9441,0,1,1,2,1,0.4986,4.1377,0,1,0,-1,0,0.0043,82.97,0,0,2
2,17.6034,0,0,1,2,2,0.5833,0.7909,0,4,0,-3,0,0.5223,9.22,0,0,1
2,9.5961,1,0,1,2,1,0.6963,0.7723,0,4,0,-13,0,0.0005,5.79,0,0,0
2,-8.4503,0,0,1,3,3,0.6,0.9366,1,0,0,-6,2,0.0052,9.74,0,1,0
3,0.0,1,0,1,2,2,0.79,1.1035,2,7,1,6,6,0.5521,13.12,0,0,1
2,-0.6022,0,0,1,3,2,0.5489,1.0424,1,12,1,8,2,0.3498,6.54,0,0,1
2,18.8433,0,0,0,1,2,0.6233,0.9142,0,11,0,11,0,0.348,12.25,0,0,2
2,8.6983,0,0,0,1,2,0.5806,0.9262,1,8,1,-2,2,0.0597,12.64,0,1,0
3,-14.5401,0,0,0,1,2,0.7589,14.2779,3,17,3,7,9,0.5265,240.0,0,1,0
2,-0.6022,0,0,0,2,3,0.5667,1.0279,1,4,0,-11,2,0.3412,6.19,0,0,2
1,15.8411,0,0,1,1,1,0.5287,3.763,0,8,0,3,0,0.0624,80.8,0,0,2
2,13.7853,0,0,0,1,3,0.5681,6.51,1,5,1,5,2,0.0271,146.65,0,1,2
3,0.0,1,0,0,1,2,0.6454,0.6254,1,14,2,13,3,0.5079,5.51,0,0,1
2,2.7432,0,1,0,1,2,0.5694,0.9894,0,2,0,-8,0,0.0676,7.85,0,0,1
3,-5.2224,0,0,1,2,2,0.775,0.6092,0,4,0,-6,0,0.5456,5.03,0,0,0
2,-1.301,0,0,0,2,3,0.5991,1.1681,1,1,1,1,2,0.048,11.7,0,1,0
3,13.4935,0,1,1,3,3,0.8025,0.7138,0,0,0,0,0,0.7204,5.91,0,0,2
3,8.5509,0,0,0,1,3,0.7933,0.8856,1,2,1,2,3,0.5427,8.52,0,1,0
2,-13.3056,0,0,1,3,2,0.5986,9.6976,2,0,0,-1,4,0.0042,223.94,0,1,0
2,-3.7969,0,0,1,3,2,0.5367,4.3356,1,9,1,8,2,0.4105,94.55,0,0,2
3,-2.1808,0,0,1,1,1,0.78,1.0368,1,11,0,0,3,0.54,11.52,0,0,1
2,-2.5106,0,0,1,1,1,0.6083,1.1973,2,11,2,9,4,0.0242,15.37,0,1,0
2,16.1664,0,0,0,1,2,0.62,0.9944,0,2,0,1,0,0.3887,14.18,0,0,1
1,17.0829,0,1,1,2,1,0.5022,1.0996,0,4,0,2,0,0.1301,16.63,0,0,2
2,2.3598,0,0,0,1,2,0.615,0.9552,0,5,1,-8,0,0.3699,13.24,0,0,2
1,19.3391,0,0,0,2,3,0.5042,1.2723,0,13,0,7,0,0.1516,20.77,0,0,1
3,-0.3547,0,1,0,1,3,0.6467,0.5885,2,11,1,5,6,0.6787,2.9,0,0,1
2,-13.8065,0,0,1,3,3,0.7167,11.6817,2,6,0,-3,4,0.1175,240.0,0,0,1
3,-9.5951,0,0,0,1,2,0.76,4.6401,3,8,3,1,9,0.5486,101.81,0,1,1
3,-3.1947,0,0,1,3,2,0.7222,0.5948,2,3,0,-1,6,0.4641,4.77,0,0,0
3,0.0,1,0,1,2,1,0.8017,1.0553,1,1,0,-13,3,0.6698,8.99,0,0,0
3,-12.5472,0,0,0,2,3,0.7111,8.3867,1,10,0,10,3,0.5058,190.26,0,0,0
1,1.4371,0,1,1,3,1,0.5014,0.8831,0,3,0,-2,0,0.0199,11.43,0,0,1
2,5.9616,0,0,1,3,1,0.5694,0.8783,0,3,0,-2,0,0.0393,11.49,0,0,0
2,-4.5877,0,0,0,1,2,0.74,2.8642,2,5,2,1,4,0.1206,59.15,0,0,2
3,13.073,0,0,1,3,1,0.6685,1.007,2,9,1,1,6,0.3957,14.63,0,1,0
3,-14.5401,0,0,1,3,2,0.8,10.1844,2,3,0,-10,6,0.4419,235.62,0,0,0
2,-15.8162,0,0,0,1,2,0.6167,15.0732,2,5,2,4,4,0.0005,240.0,0,1,1
1,13.7036,0,0,1,3,3,0.4992,1.2829,0,0,0,-3,0,0.1548,21.02,0,0,3
2,2.3598,0,1,0,1,2,0.62,0.9513,0,2,0,-11,0,0.3667,13.14,0,0,1
2,-2.2562,0,0,0,1,3,0.612,9.861,2,11,1,5,4,0.0042,225.84,0,0,1
3,8.0304,0,0,0,1,3,0.7361,0.6407,1,17,1,17,3,0.4435,2.64,0,0,0
3,-4.1986,0,0,1,1,1,0.795,8.5738,4,14,4,9,12,0.569,194.95,0,0,0
2,11.032,0,1,1,3,1,0.6181,1.1356,0,0,0,-11,0,0.0058,10.92,0,0,0
3,8.5509,0,0,0,1,3,0.7989,0.7915,1,11,0,5,3,0.5089,6.26,0,0,0
2,2.9522,0,1,1,3,2,0.7056,3.14,1,3,0,-4,2,0.0005,65.8,0,0,0
2,7.7513,0,0,1,2,2,0.6407,7.8703,0,1,0,1,0,0.001,180.08,0,0,0
3,-9.5961,1,0,0,1,3,0.7825,8.0219,3,5,3,5,9,0.5722,183.72,0,0,0
3,-9.0033,0,0,1,2,2,0.7875,11.8152,2,13,2,3,6,0.6997,240.0,0,1,1
2,-2.2562,0,0,0,1,2,0.6407,9.3828,2,11,2,1,4,0.0026,214.37,0,0,0
2,-15.4864,0,0,1,2,2,0.7633,9.0627,2,4,1,-3,4,0.0005,208.7,0,1,1
2,1.301,0,0,1,3,2,0.6089,1.1299,1,6,0,2,2,0.2729,17.61,0,1,2
2,-5.2556,0,0,1,3,1,0.6574,0.9484,2,0,0,-8,4,0.012,10.02,0,1,0
3,-0.4272,0,0,1,1,1,0.7667,7.4264,3,11,2,0,9,0.5581,169.91,0,0,0
2,-11.9783,0,1,1,1,1,0.6056,6.1043,2,5,2,3,4,0.0005,130.84,0,0,0
2,10.3907,0,1,1,2,1,0.5922,0.8986,0,1,0,1,0,0.3421,11.88,0,0,2
3,-1.0452,0,1,1,2,1,0.7933,7.8896,3,1,0,-7,9,0.5696,180.54,0,0,0
2,6.9475,0,1,0,1,2,0.5417,0.7525,0,5,0,1,0,0.2713,8.37,0,0,2
1,18.6486,1,0,1,2,2,0.5067,1.0523,0,16,0,9,0,0.1285,15.49,0,0,2
2,13.8234,0,0,0,2,3,0.6056,1.1431,0,1,0,1,0,0.258,11.54,0,0,1
3,-0.9463,0,0,1,3,3,0.6398,0.8601,2,3,2,3,6,0.4051,4.31,0,0,0
3,-0.2326,0,0,1,3,2,0.6602,1.0205,3,9,0,-1,9,0.4004,14.95,0,2,0
2,-0.7943,0,0,0,2,3,0.6333,12.7975,2,13,2,4,4,0.0005,240.0,0,2,1
3,-0.3547,0,1,1,2,2,0.8025,0.6952,1,10,1,3,3,0.7169,5.47,0,0,1
3,-10.2866,0,1,1,3,2,0.7458,8.5196,3,6,3,5,9,0.5669,193.65,0,2,0
2,-2.6834,0,0,1,3,3,0.6056,9.3068,2,6,0,0,4,0.0016,212.54,0,0,0
3,-14.3462,0,0,1,2,2,0.78,12.3535,3,13,3,9,9,0.8098,240.0,0,2,0
2,16.1664,0,0,0,1,2,0.5972,0.8204,0,2,0,-5,0,0.3025,10.0,0,0,0
2,-1.7787,0,0,1,1,1,0.6602,1.5333,2,11,2,9,4,0.0179,27.26,0,0,1
2,-0.6022,0,0,0,2,3,0.6311,0.8667,1,4,0,-11,2,0.2803,2.32,0,0,0
2,1.5763,0,1,1,2,2,0.5569,1.0076,1,7,1,6,2,0.1207,14.67,0,1,1
2,-10.9545,0,0,1,2,1,0.6014,9.8599,1,16,1,11,2,0.0037,225.81,0,0,0
2,-9.0526,1,0,1,1,1,0.6231,6.0402,1,2,0,-3,2,0.0005,132.23,0,1,1
2,-10.5493,1,0,1,1,1,0.6509,7.9051,1,5,0,-6,2,0.1085,172.6,0,0,0
2,4.9441,0,0,1,2,2,0.6185,2.3356,0,13,0,3,0,0.1527,39.72,0,0,0
3,-2.1808,0,0,0,2,3,0.7725,1.1329,2,10,2,1,6,0.5557,13.82,0,1,1
2,17.4529,0,0,1,2,1,0.6181,0.6431,1,10,1,10,2,0.0005,4.22,0,1,0
1,18.0614,1,0,0,1,3,0.5233,5.2601,0,14,0,8,0,0.1382,109.91,0,0,3
3,-0.3298,0,0,1,2,1,0.8008,0.6051,1,1,0,-7,3,0.6882,3.31,0,0,0
3,0.6905,0,0,1,3,2,0.7858,8.0104,2,6,0,-10,6,0.5711,183.44,0,1,0
2,18.6342,1,0,1,2,2,0.6222,0.6651,0,7,1,6,0,0.2253,6.28,0,0,0
3,-1.2345,0,0,1,1,1,0.7844,0.9524,3,11,2,-3,9,0.5166,9.49,0,0,0
2,2.8075,0,0,0,1,3,0.6075,0.7632,0,11,0,5,0,0.5067,8.55,0,0,2
2,2.2301,0,0,1,3,2,0.6367,1.0622,0,12,0,11,0,0.3632,7.01,0,0,2
3,1.7787,0,0,1,2,2,0.7558,0.7861,1,13,1,3,3,0.7136,9.36,0,0,1
1,3.0416,0,1,1,1,1,0.5986,1.2024,0,11,0,6,0,0.0005,15.49,0,0,2
2,16.6557,0,1,0,2,3,0.6033,0.7679,0,4,0,4,0,0.5094,8.67,0,0,2
2,-13.3056,0,0,1,3,3,0.6069,7.1595,2,6,1,-3,4,0.001,163.02,0,1,0
2,1.5514,0,0,0,2,3,0.5236,1.0041,1,4,0,4,2,0.0851,8.2,0,0,1
3,-9.5951,0,0,1,1,1,0.7287,9.0583,3,5,1,-12,9,0.3615,207.84,0,1,0
2,4.4868,0,1,1,2,2,0.6375,0.9839,0,4,0,4,0,0.3224,5.14,0,0,2
2,-0.6347,0,0,1,2,1,0.7458,0.8745,1,10,1,8,2,0.0649,11.49,0,0,1
2,-3.1947,0,0,1,1,1,0.6233,2.1139,2,14,2,12,4,0.266,41.23,0,2,2
2,-13.8234,0,0,1,2,2,0.6042,5.7956,2,1,0,0,4,0.001,128.07,0,0,0
3,-0.9463,0,0,1,1,1,0.663,0.9303,3,2,0,-3,9,0.4979,5.99,0,0,0
3,0.0,1,0,1,3,2,0.7822,0.9528,1,0,0,-16,3,0.5306,6.53,0,0,0
2,2.8324,0,0,1,3,3,0.5492,0.8295,0,3,0,-3,0,0.5443,10.14,0,0,2
2,5.8903,0,0,1,1,1,0.6185,0.6282,0,8,0,-3,0,0.0005,3.86,0,0,0
2,13.4949,0,0,1,3,3,0.6139,1.0914,0,0,0,0,0,0.0005,9.86,0,0,0
3,-2.1808,0,0,1,3,3,0.7808,1.036,2,0,0,-12,6,0.54,11.5,0,0,0
1,22.1699,0,0,1,1,1,0.5233,1.0412,0,5,0,-9,0,0.1204,15.22,0,0,3
2,-0.9463,0,0,0,1,2,0.6097,1.1427,1,17,1,13,2,0.0137,11.09,0,0,1
2,-1.7357,0,0,0,2,3,0.612,8.56,3,7,3,7,6,0.0005,194.62,0,1,0
3,12.3081,0,0,1,2,1,0.65,0.9243,0,1,0,-1,0,0.8916,6.29,0,0,1
2,-1.9929,0,0,1,3,2,0.7019,7.75,2,15,2,8,4,0.001,177.19,0,0,0
2,-0.3547,0,1,1,3,1,0.5222,1.3344,1,9,1,1,2,0.0856,20.81,0,1,1
2,6.245,0,0,1,3,3,0.5139,1.0218,0,0,0,-6,0,0.1372,15.01,0,0,1
2,9.1334,0,0,1,2,1,0.6014,5.5952,0,7,1,5,0,0.0089,124.73,0,0,0
2,-15.8411,0,0,1,2,2,0.6256,19.1173,2,13,1,6,4,0.3686,240.0,0,2,0
2,0.0,1,1,1,2,1,0.5694,0.9576,0,1,0,-1,0,0.0266,7.09,0,0,0
1,17.0829,0,0,1,1,1,0.5267,1.0381,0,8,0,-9,0,0.1188,15.15,0,0,3
3,-13.744,0,0,0,1,2,0.6711,11.2273,3,2,2,-11,9,0.5833,240.0,0,3,0
2,16.2744,0,0,1,2,1,0.6213,0.8794,1,4,0,-1,2,0.0671,11.6,0,1,1
2,1.8391,0,0,0,2,3,0.562,0.7299,0,10,0,10,0,0.2595,7.83,0,0,3
1,12.9112,0,0,1,1,1,0.5486,8.0856,0,2,0,2,0,0.0005,184.5,0,0,1
3,-4.1986,0,1,1,2,2,0.75,8.3006,3,1,1,0,9,0.5706,188.39,0,1,0
3,0.0,1,0,1,2,2,0.8008,1.0727,0,10,1,9,0,0.5468,12.38,0,0,3
3,11.184,0,0,1,3,3,0.6444,0.5903,1,0,0,-9,3,0.6797,2.95,0,1,0
2,-0.5205,0,0,1,1,1,0.6042,5.7975,2,8,0,0,4,0.0005,130.1,0,0,0
2,-6.2202,0,0,1,3,2,0.6139,0.9579,1,12,1,5,2,0.0173,10.25,0,0,0
2,-0.3547,0,0,0,2,3,0.6233,0.8656,1,1,0,-5,2,0.0282,9.56,0,1,1
3,5.2937,0,0,1,3,2,0.7867,0.8065,2,3,0,-4,6,0.5141,6.62,0,0,0
3,-5.2556,0,0,0,2,3,0.75,0.7324,2,13,2,10,6,0.4895,4.84,0,0,0
3,-1.301,0,0,1,3,3,0.7633,0.9592,2,15,3,9,6,0.5396,6.69,0,1,2
2,-13.744,0,1,0,1,3,0.6097,9.4771,3,8,2,2,6,0.0005,210.32,0,3,0
3,0.5205,0,1,0,2,3,0.7558,8.0362,2,10,1,4,6,0.5507,184.54,0,2,0
2,-5.8903,0,0,1,2,1,0.6574,0.9291,2,1,1,-1,4,0.001,9.56,0,0,0
3,-1.5657,0,1,1,3,1,0.79,6.6937,3,9,2,-8,9,0.5554,151.84,0,0,0
3,-5.2937,0,0,1,3,2,0.7875,3.6863,3,9,2,-1,9,0.5711,71.34,0,0,0
2,0.6427,0,0,0,1,3,0.7322,3.1128,1,2,0,-1,2,0.0005,65.15,0,0,0
2,-5.6356,0,0,1,3,1,0.637,7.649,2,12,2,10,4,0.0005,172.75,0,0,0
3,-14.7959,1,0,0,1,2,0.7717,7.1242,1,8,2,7,3,0.5753,161.95,0,0,0
2,-0.9477,0,0,1,3,2,0.712,11.7048,3,6,1,2,6,0.119,240.0,0,0,0
2,-13.744,0,1,1,3,3,0.6083,3.8404,1,6,0,0,2,0.0005,75.04,0,1,0
2,20.7329,0,0,1,2,2,0.5843,0.8397,0,4,0,-9,0,0.31,10.47,0,0,2
3,-2.9522,0,0,1,2,1,0.78,6.0933,3,4,2,2,9,0.5722,135.21,0,1,0
3,13.8482,0,0,1,3,1,0.7667,0.8299,0,6,0,-2,0,0.8183,10.41,0,0,0
3,-3.7969,0,0,1,1,1,0.7983,0.7976,1,5,0,0,3,0.7268,9.64,0,0,1
2,-3.5063,0,0,0,1,2,0.5444,3.4216,1,14,1,10,2,0.2697,65.78,0,0,0
1,17.2115,0,0,0,1,2,0.5117,2.6355,0,11,0,-2,0,0.1462,53.56,0,0,3
2,-0.6427,0,1,0,1,2,0.6069,5.5027,2,14,2,7,4,0.0073,114.94,0,2,0
3,0.0,1,0,1,3,3,0.8008,0.7436,3,6,4,3,9,0.4937,5.11,0,2,0
2,-4.5877,0,0,0,2,3,0.7074,0.7205,2,1,1,1,4,0.0005,7.7,0,1,1
2,-2.6834,0,0,1,1,1,0.6056,6.8955,2,11,2,3,4,0.0021,154.67,0,2,0
3,15.8162,0,0,0,2,3,0.6892,0.9049,1,1,1,-2,3,0.8666,5.82,0,1,2
2,-15.8411,0,0,1,3,2,0.6176,15.6418,2,15,2,8,4,0.0005,240.0,0,0,1
2,-6.245,0,0,1,2,2,0.7111,0.9404,1,7,0,0,2,0.0073,9.83,0,0,1
3,-12.333,0,0,1,2,2,0.7342,7.4195,2,13,2,6,6,0.5708,162.4,0,0,0
1,2.7127,0,0,1,1,1,0.5167,5.2876,0,8,0,8,0,0.143,110.57,0,0,2
3,-0.3547,0,0,1,2,2,0.7775,0.644,2,1,0,0,6,0.706,4.24,0,0,0
3,-0.3298,0,0,0,1,2,0.79,0.6275,1,5,0,-2,3,0.6977,3.84,1,0,1
2,-11.032,0,0,1,2,2,0.6222,12.8372,2,1,0,-3,4,0.0239,240.0,0,1,1
1,3.1622,0,0,1,2,1,0.4972,0.9031,0,10,0,8,0,0.0306,11.91,0,0,1
2,0.3298,0,0,1,2,1,0.6192,1.1945,0,7,0,5,0,0.3202,12.77,0,0,2
3,-0.2326,0,0,1,1,1,0.8,1.0518,2,11,3,9,6,0.4157,15.71,0,0,1
3,-2.1808,0,0,0,2,3,0.775,1.0454,1,10,1,1,3,0.541,11.72,0,0,1
2,-12.8588,0,0,0,1,2,0.545,17.3641,2,8,0,-2,4,0.4756,240.0,0,1,2
2,4.9929,0,0,1,2,2,0.5889,7.6553,0,1,0,-6,0,0.0939,166.6,0,0,0
2,0.0,1,1,0,1,2,0.6194,1.1356,1,8,2,1,2,0.0005,13.89,0,0,1
2,8.5509,0,1,1,3,2,0.6167,7.2803,2,0,0,-7,4,0.1537,161.99,0,2,0
1,-2.9569,0,1,0,1,2,0.5528,2.7248,2,5,2,5,2,0.0005,55.8,0,2,1
2,-10.6569,0,0,1,3,1,0.6111,8.7632,1,3,0,3,2,0.0005,201.99,0,1,0
2,-1.5461,0,0,1,3,3,0.7144,1.0376,1,9,1,6,2,0.0005,11.54,0,1,1
3,-10.896,0,0,1,2,1,0.7833,3.0756,2,7,1,-1,6,0.5717,64.26,0,0,1
2,19.6392,0,0,0,2,3,0.6028,1.1443,0,1,0,1,0,0.0164,11.13,0,0,0
3,-3.1947,0,0,0,1,3,0.6556,0.6212,1,8,1,8,3,0.5021,5.41,0,0,0
3,-4.9441,0,0,1,2,2,0.7567,0.844,2,10,0,-6,6,0.5272,7.52,0,2,0
3,-5.2556,0,0,1,2,1,0.725,0.6474,0,4,0,-4,0,0.4497,2.8,0,0,0
2,-0.9894,0,0,1,2,1,0.6231,0.7895,1,1,0,-7,2,0.0005,9.44,0,0,1
2,-2.5354,0,0,1,3,2,0.6042,1.1849,2,9,2,2,4,0.0195,15.07,0,1,1
3,-6.2202,0,0,1,2,2,0.7422,0.8564,3,1,0,-3,9,0.5322,7.81,0,0,0
2,0.0,1,1,1,2,2,0.6156,1.0394,0,4,0,0,0,0.0386,15.44,1,0,2
2,-4.9441,0,0,0,1,3,0.6148,8.4118,2,17,2,17,4,0.2928,189.14,0,2,1
3,-11.032,0,0,1,3,1,0.7883,3.2147,2,3,0,-11,6,0.556,61.49,0,0,0
2,-12.3081,0,0,1,2,2,0.612,5.1842,1,1,0,0,2,0.0021,108.75,0,0,0
2,-16.5316,0,0,1,3,1,0.6069,6.7262,2,9,2,1,4,0.0005,150.61,0,1,0
3,13.8065,0,0,1,2,1,0.8017,0.7489,0,7,0,-1,0,0.6751,8.47,0,0,1
3,1.437,0,0,1,2,1,0.7544,0.875,2,7,1,2,6,0.501,11.44,0,2,0
2,-2.4134,0,0,1,1,1,0.5931,1.7493,1,2,0,-9,2,0.0131,32.45,0,0,0
2,-14.7711,0,1,1,3,1,0.6069,5.7375,1,6,1,4,2,0.0005,128.67,0,1,0
3,0.0248,0,0,1,2,1,0.795,0.7969,1,7,1,-1,3,0.8007,9.62,0,0,1
2,21.0702,0,0,0,1,2,0.5875,1.0227,0,5,0,5,0,0.109,8.65,0,0,1
2,2.8324,0,0,1,3,2,0.5767,0.7983,0,3,0,2,0,0.5266,9.39,0,0,3
3,-4.651,0,0,0,2,3,0.7411,0.9872,2,1,0,-11,6,0.545,14.14,0,0,0
3,-4.9441,0,0,1,2,2,0.6608,7.1381,2,4,2,3,6,0.8847,158.58,0,1,1
2,1.2216,0,0,1,2,2,0.625,0.6692,0,13,0,9,0,0.0005,4.84,0,0,2
2,-2.2053,0,0,1,3,2,0.6233,0.8464,1,6,1,2,2,0.0005,10.8,0,0,1
3,3.0416,0,0,0,2,3,0.6491,0.5591,0,1,0,-2,0,0.298,0.05,0,0,0
3,-5.2556,0,0,0,1,2,0.77,0.7075,3,2,0,-11,9,0.4806,4.24,0,0,1
2,-14.2648,0,0,1,3,1,0.6083,7.5908,3,6,2,4,6,0.0005,173.37,0,2,0
3,-9.5951,0,0,1,3,2,0.7911,0.8328,3,6,1,-10,9,0.4838,10.43,0,1,0
2,0.9894,0,0,1,2,2,0.625,1.1508,0,7,0,-6,0,0.2995,18.11,0,0,1
2,0.0,1,0,1,2,2,0.6833,0.8287,1,4,0,-3,2,0.0005,9.94,0,1,0
3,-11.3436,0,0,1,3,1,0.7194,2.2165,2,3,0,-8,6,0.4655,37.53,0,1,0
2,10.8712,1,0,1,3,3,0.4991,1.1136,0,0,0,-3,0,0.2207,10.83,0,0,1
2,3.8999,0,1,1,3,1,0.6069,5.0827,1,0,0,-8,2,0.0021,112.43,0,1,0
2,16.5509,0,0,1,3,2,0.5944,1.0204,0,0,0,0,0,0.1064,8.6,0,0,0
2,3.3251,0,0,1,3,3,0.6056,5.605,0,0,0,0,0,0.0147,124.96,0,0,0
2,-10.8712,1,1,1,3,2,0.6102,0.7431,1,0,0,-1,2,0.0005,8.28,0,0,0
3,-4.651,0,0,1,3,2,0.7211,1.0124,1,0,0,-13,3,0.5533,14.74,0,0,0
2,0.0,1,1,1,3,3,0.5667,0.9902,0,0,0,0,0,0.0686,7.87,1,0,0
3,0.0,1,0,1,3,3,0.7796,0.6756,1,0,0,-6,3,0.4315,6.66,0,1,0
2,-4.651,0,0,1,3,2,0.5963,10.7646,1,0,0,-13,2,0.0491,240.0,0,1,1
1,2.5106,0,0,1,3,3,0.5028,3.8122,0,0,0,-9,0,0.0774,75.6,0,0,3
2,-2.2301,0,0,1,3,1,0.6361,2.0039,2,0,0,-5,4,0.2166,32.2,0,1,2
2,11.5138,0,0,1,3,2,0.5111,1.0478,1,0,0,-7,2,0.1383,9.25,0,1,1
3,6.3678,0,0,1,3,2,0.7648,0.4465,0,0,0,-10,0,0.3462,1.16,0,0,0
2,-0.0248,0,1,1,3,2,0.6256,0.8758,0,0,0,-7,0,0.0005,5.13,0,0,2
3,-8.3606,0,0,1,3,1,0.7817,5.9181,3,0,0,-11,9,0.5414,132.48,0,2,0
2,1.2761,0,0,1,3,1,0.5597,1.0312,0,0,0,-14,0,0.1197,8.86,0,0,1
3,-13.1013,0,1,1,3,2,0.7989,0.9199,2,0,0,-10,6,0.5183,12.52,0,1,0
2,0.3298,0,0,1,3,1,0.6144,1.1686,0,0,0,-8,0,0.291,12.15,0,0,1
3,-9.9067,0,0,1,3,2,0.7833,0.6702,2,0,0,-1,6,0.4294,6.53,0,1,0
2,6.3678,0,0,1,3,2,0.7617,4.9301,1,0,0,-1,2,0.0068,108.76,0,1,1
2,0.0,1,1,1,3,3,0.5972,0.9808,0,0,0,0,0,0.0569,7.64,1,0,0
3,-9.9067,0,0,1,3,1,0.7533,0.8766,1,0,0,-11,3,0.5016,11.48,0,0,0
2,1.437,0,0,1,3,1,0.6481,7.2858,2,0,0,-14,4,0.1101,165.3,0,2,1
3,-7.6032,0,0,1,2,1,0.75,3.8327,3,1,0,-1,9,0.5031,80.96,0,1,0
2,0.0,1,0,1,3,3,0.6097,0.9443,0,0,0,-3,0,0.0112,6.77,0,0,1
3,3.3794,0,0,1,3,2,0.8,5.4461,2,0,0,-7,6,0.5105,121.15,0,0,1
2,19.3376,0,0,1,3,2,0.5454,1.0926,0,0,0,-16,0,0.1947,10.33,0,0,2
2,2.5106,0,0,1,3,3,0.4981,1.1143,0,0,0,-3,0,0.2213,10.85,0,0,3
3,-1.3953,0,0,1,3,2,0.7458,0.8746,2,0,0,-10,6,0.8316,5.1,0,0,1
2,14.7711,0,0,1,3,2,0.5625,0.9598,0,0,0,-4,0,0.0293,7.14,0,0,0
2,-2.2301,0,0,1,3,3,0.5926,1.1486,1,0,0,0,2,0.2654,11.67,0,0,1
2,14.2505,0,0,1,3,2,0.6056,0.9459,0,0,0,-4,0,0.0128,6.81,0,0,2
2,1.5514,0,1,1,3,1,0.6056,1.1719,0,0,0,-2,0,0.2952,12.23,0,0,2
3,1.437,0,0,1,2,1,0.6463,0.622,2,1,0,-1,6,0.4132,5.37,0,2,0
3,-4.651,0,0,1,2,2,0.7533,0.9703,2,1,0,-6,6,0.5392,13.73,0,2,0
3,-10.5414,0,1,1,2,1,0.7956,9.2495,2,1,0,-10,6,0.4677,212.43,0,0,1
2,3.3794,0,0,1,2,1,0.6472,5.0093,1,1,0,-7,2,0.0052,110.67,0,0,2
3,-4.651,0,0,1,2,2,0.7856,0.8388,3,1,0,-3,9,0.4864,10.57,0,0,0
2,-4.651,0,0,1,2,2,0.7417,9.7009,2,1,0,-12,4,0.0116,223.26,0,2,1
3,-9.5951,0,1,1,2,1,0.7907,0.6578,2,1,0,-1,6,0.4252,6.23,0,1,0
2,-4.651,0,1,0,2,3,0.6676,9.7196,2,1,1,1,4,0.0095,223.71,0,0,1
2,0.6427,0,0,1,2,1,0.7375,8.04,0,1,0,-4,0,0.1295,183.4,0,0,1
3,4.945,0,1,1,2,2,0.7981,0.6492,1,1,0,0,3,0.421,6.02,0,0,0
2,10.8712,1,0,1,2,2,0.5991,1.1454,0,1,0,-6,0,0.2617,11.6,0,0,3
2,-10.8712,1,1,1,2,2,0.7352,5.1051,2,1,1,0,4,0.0021,112.97,0,1,1
2,15.8162,0,0,1,2,1,0.5417,1.0943,0,1,0,-7,0,0.1968,10.37,0,0,1
2,-12.2665,0,0,1,2,2,0.6639,7.2112,2,1,0,-3,4,0.1028,163.51,0,0,2
2,0.0,1,1,0,2,3,0.6056,0.9792,0,1,1,1,0,0.0537,7.61,1,0,2
3,-10.5414,0,0,1,2,1,0.7992,0.715,2,1,0,-4,6,0.4435,7.6,0,0,0
3,0.0,1,0,0,2,3,0.7694,0.6937,1,1,0,-5,3,0.4372,7.09,0,1,0
3,-8.0304,0,0,0,1,3,0.7322,4.3777,3,2,2,-4,9,0.5492,96.73,0,1,1
3,3.8999,0,1,1,2,2,0.7083,0.7927,1,1,0,-6,3,0.4712,9.47,0,0,0
3,1.0006,0,0,1,2,2,0.7225,0.8882,0,1,0,1,0,0.8459,5.42,0,0,1
3,-8.128,0,1,1,2,1,0.6481,0.6189,2,1,0,-10,6,0.4121,5.3,0,0,0
3,0.0,1,0,0,2,3,0.7383,0.879,1,1,1,-5,3,0.8363,5.2,0,1,0
2,-0.0248,0,1,1,2,2,0.6222,1.1658,0,1,0,-6,0,0.2872,12.08,0,0,1
2,-0.0248,0,1,0,2,3,0.6011,1.1571,0,1,0,-5,0,0.2766,11.88,0,0,2
2,13.3399,0,0,1,2,2,0.5542,0.9619,0,1,0,1,0,0.0324,7.19,0,0,2
3,-9.3197,0,0,0,2,3,0.7311,0.9987,2,1,0,-2,6,0.5497,14.41,0,0,0
2,0.3298,0,0,1,2,1,0.5102,1.8213,1,1,0,-1,2,0.2094,27.82,0,1,2
3,-9.9067,0,0,1,2,2,0.6398,0.6354,3,1,0,-12,9,0.4168,5.69,0,1,0
2,1.437,0,1,1,2,2,0.6111,3.718,0,1,0,-9,0,0.0031,79.68,0,0,0
3,10.8712,1,0,1,2,2,0.655,0.9219,0,1,0,-3,0,0.8884,6.23,0,0,0
3,0.6427,0,0,1,3,1,0.7389,0.7538,2,0,0,-11,6,0.4545,8.53,0,1,0
2,0.3298,0,0,1,2,2,0.5694,1.0825,0,1,0,0,0,0.1809,10.08,0,0,1
2,19.2146,0,0,1,2,1,0.5736,6.6234,1,1,1,1,2,0.0624,149.4,0,1,0
3,11.5228,0,0,1,2,2,0.6958,0.9017,0,1,0,1,0,0.8629,5.75,0,0,2
2,-0.0248,0,0,1,2,1,0.5389,1.0959,0,1,0,-1,0,0.1984,10.41,0,0,1
3,13.8234,0,0,0,2,3,0.7308,0.883,0,1,0,-5,0,0.8411,5.3,0,0,0
3,2.9522,0,0,1,2,2,0.7657,0.6983,2,1,0,-9,6,0.4393,7.2,0,0,0
3,-9.9067,0,0,1,2,2,0.7658,2.054,2,1,0,-12,6,0.5643,39.74,0,1,0
3,-4.651,0,0,1,2,2,0.7633,0.9581,2,1,1,-15,6,0.5345,13.44,0,0,0
2,2.7432,0,0,1,2,2,0.5653,0.9909,0,1,0,0,0,0.0691,7.89,0,0,2
2,1.437,0,1,1,2,2,0.6042,0.8496,0,1,0,-9,0,0.0005,10.83,0,0,0
2,11.5138,0,0,1,2,1,0.5324,2.1579,0,1,0,-7,0,0.2766,35.9,0,0,1
2,1.2761,0,0,1,2,1,0.6067,2.3616,0,1,0,-16,0,0.3753,40.78,0,0,1
2,-10.8712,1,0,1,2,2,0.6139,8.7536,2,1,0,-3,4,0.0005,200.53,0,0,1
3,-2.8324,0,0,1,2,2,0.675,0.9118,2,1,0,-12,6,0.8757,5.99,0,1,1
2,-2.2301,0,0,1,2,2,0.525,0.9709,1,1,0,0,2,0.0436,7.41,0,1,0
3,-9.5951,0,0,1,2,2,0.7185,0.487,3,1,2,-15,9,0.3724,2.13,0,3,0
3,0.0,1,0,0,2,3,0.6944,0.8182,0,1,0,-2,0,0.4791,10.08,0,0,0
3,-9.5951,0,0,1,2,2,0.7889,10.1092,3,1,0,-3,9,0.3918,233.06,0,2,1
3,-8.7706,0,0,1,3,2,0.662,1.179,2,9,1,-1,6,0.4043,11.17,0,0,0
3,-0.0248,0,1,1,2,1,0.6433,0.9279,0,1,0,-7,0,0.8959,6.38,0,0,1
2,-4.651,0,1,1,2,1,0.6069,1.0287,2,1,1,-1,4,0.0005,15.13,0,0,0
2,0.3298,0,0,0,2,3,0.5435,1.0934,0,1,0,-2,0,0.1957,10.35,0,0,1
2,11.5138,0,0,0,2,3,0.6194,1.0128,0,1,0,-8,0,0.0968,8.41,0,0,0
2,14.7711,0,0,1,2,1,0.5843,1.1337,0,1,0,-1,0,0.2457,11.31,0,0,2
3,11.5138,0,0,1,2,2,0.6908,0.9038,0,1,0,0,0,0.8661,5.8,0,0,3
0,0.0,0,0,1,2,0,0.4708,1.4116,0,1,0,1,0,0.0005,17.98,0,0,2
2,-2.2301,0,0,0,2,3,0.5844,1.1634,1,1,0,-11,2,0.2846,12.03,0,0,1
3,12.3081,0,0,1,2,1,0.6308,0.9341,0,1,0,-4,0,0.9038,6.52,0,0,1
3,0.0,1,0,1,2,1,0.7444,0.9825,1,1,0,-4,3,0.5434,14.02,0,1,0
2,1.2761,0,0,1,2,2,0.6089,1.1711,0,1,0,-15,0,0.2936,12.21,0,0,3
3,-9.9067,0,0,1,2,2,0.75,0.9765,2,1,0,-12,6,0.5408,13.88,0,0,0
2,-10.8712,1,0,1,2,1,0.6139,8.8911,2,1,0,-7,4,0.0005,203.83,0,1,0
2,-10.5414,0,0,1,2,2,0.612,5.0013,2,1,1,-15,4,0.0052,110.47,0,1,0
2,-2.2301,0,0,1,2,1,0.5867,1.1627,1,1,0,-4,2,0.2835,12.01,0,0,2
2,0.3298,0,0,1,2,2,0.5417,0.9654,0,1,0,0,0,0.0372,7.28,0,0,1
3,0.0,1,0,1,2,1,0.7241,0.7731,1,1,0,-7,3,0.4629,9.0,0,0,0
2,-9.9067,0,0,1,2,2,0.713,7.7997,3,1,0,0,6,0.119,177.64,0,2,1
2,20.0046,0,0,1,2,2,0.5639,1.0296,0,1,0,0,0,0.1181,8.82,0,0,0
2,12.3081,0,1,1,1,1,0.6183,1.1954,0,2,0,-9,0,0.3207,12.8,0,0,1
3,-8.128,0,0,1,1,1,0.7656,0.8647,4,2,3,-6,12,0.4958,11.19,0,0,0
3,-9.9067,0,0,0,1,3,0.7367,0.9911,1,2,0,-1,3,0.5471,14.23,0,0,0
2,13.7844,0,0,1,2,1,0.5944,0.9478,1,10,1,5,2,0.0115,10.01,0,0,0
3,-5.319,0,0,0,1,2,0.7222,1.0111,2,2,1,1,6,0.5533,14.71,0,1,0
1,0.0,1,0,0,1,3,0.5217,4.2469,0,2,0,-4,0,0.1656,86.03,0,0,2
3,-2.8324,0,0,0,1,3,0.665,0.9162,1,2,0,-4,3,0.882,6.09,0,0,2
3,-1.3953,0,0,1,1,1,0.7417,0.8775,1,2,0,0,3,0.8342,5.16,0,0,1
2,-5.319,0,0,0,1,3,0.6042,0.9735,2,2,1,2,4,0.0005,13.81,0,0,0
3,9.0033,0,0,0,2,3,0.7315,0.8717,1,10,1,4,3,0.454,7.56,0,0,0
3,-8.3606,0,0,0,1,2,0.7433,0.8899,2,2,1,1,6,0.5063,11.8,0,0,0
2,0.0,1,1,0,1,3,0.6139,0.976,0,2,1,2,0,0.0505,7.53,0,0,0
3,2.9522,0,0,1,1,1,0.7444,0.7459,1,2,0,0,3,0.4514,8.34,0,0,0
2,-4.5877,0,0,1,3,1,0.6083,0.6587,3,6,3,1,6,0.0005,6.22,0,2,0
2,13.8234,0,0,0,1,2,0.5111,1.1088,0,2,0,1,0,0.2138,10.72,0,0,1
2,0.3298,0,0,0,1,2,0.6175,1.1959,0,2,0,-2,0,0.3213,12.81,0,0,3
2,-5.319,0,0,1,1,1,0.6489,10.8599,1,2,0,-3,2,0.0702,240.0,0,1,2
2,2.5106,0,0,1,1,1,0.6333,0.9375,0,2,0,-9,0,0.0021,6.61,0,0,2
3,-12.2665,0,0,0,1,2,0.7917,0.6567,3,2,0,-5,9,0.4247,6.2,0,2,0
3,3.8999,0,0,0,1,2,0.7593,0.7129,0,2,0,-2,0,0.443,7.55,0,0,0
2,-2.8324,0,0,0,1,2,0.5778,1.0788,1,2,1,-11,2,0.1761,10.0,0,1,0
2,-4.651,0,1,0,1,2,0.7408,8.1752,3,2,1,1,6,0.1211,186.65,0,0,1
3,-10.5414,0,0,1,1,1,0.78,10.6775,2,2,0,-15,6,0.6983,240.0,0,0,1
2,-2.8324,0,0,0,1,3,0.5597,0.9608,1,2,0,-4,2,0.0303,7.16,0,0,1
2,3.8999,0,0,0,1,3,0.7558,4.2728,2,2,2,2,4,0.0052,92.99,0,1,2
2,21.9185,0,0,0,1,2,0.5917,0.8355,0,2,0,2,0,0.0206,10.55,0,0,0
3,-9.9067,0,0,1,1,1,0.7442,6.079,2,2,0,-3,6,0.6106,136.34,0,0,0
3,5.5522,0,0,0,1,2,0.6275,0.9358,0,2,0,-5,0,0.906,6.57,0,0,1
1,11.5138,0,0,0,1,2,0.5111,2.9447,0,2,0,-8,0,0.0064,54.78,0,0,1
2,14.7711,0,1,1,1,1,0.5037,1.1121,0,2,0,-6,0,0.2181,10.8,0,0,1
3,-2.8324,0,0,1,1,1,0.7275,0.8854,1,2,0,-3,3,0.8433,5.35,0,0,2
2,-1.3953,0,0,0,1,2,0.6194,0.9413,1,2,1,1,2,0.0074,6.7,0,0,1
3,-9.5951,0,0,1,3,2,0.7767,3.1618,2,6,0,-10,6,0.5737,66.33,0,1,0
3,3.3794,0,0,1,1,1,0.7731,0.6892,1,2,0,0,3,0.4351,6.98,0,0,0
1,21.3276,0,0,1,1,1,0.5242,3.9788,0,2,0,2,0,0.1376,79.6,0,0,2
2,-12.2665,0,0,0,1,2,0.6509,5.3926,2,2,0,-2,4,0.0005,119.86,0,0,1
3,0.0,1,0,0,1,2,0.7583,0.7163,2,2,0,-5,6,0.4435,7.63,0,1,0
2,0.6427,0,0,0,1,2,0.7056,3.0873,1,2,1,-2,2,0.0005,64.54,0,0,1
2,-2.2301,0,0,0,1,2,0.588,1.074,1,2,0,-2,2,0.1702,9.88,0,1,1
3,-9.9067,0,0,1,3,3,0.76,0.8686,2,0,0,-12,6,0.4984,11.29,0,0,0
3,-10.896,0,1,0,1,2,0.7742,9.4888,2,2,0,-5,6,0.5552,218.17,0,0,0
3,-1.3953,0,0,0,1,2,0.6533,0.9226,3,2,1,1,9,0.8895,6.25,0,1,1
2,-2.2301,0,0,1,3,2,0.4861,1.0554,1,3,0,-7,2,0.1479,9.44,0,0,0
2,2.7432,0,0,1,3,2,0.5648,2.2533,0,3,0,2,0,0.3212,38.18,0,0,2
1,2.7432,0,0,1,3,3,0.5258,3.9767,0,3,0,-6,0,0.1366,79.55,0,0,3
2,16.5068,0,1,1,3,2,0.5269,1.1011,0,3,0,2,0,0.2053,10.53,0,0,0
3,0.0,1,1,1,3,3,0.7811,0.8432,0,3,0,0,0,0.4885,10.68,1,0,0
3,-10.5414,0,0,1,3,2,0.8028,10.1985,1,3,1,2,3,0.3792,235.21,0,0,2
2,-2.8324,0,0,1,3,3,0.6117,1.2,1,3,0,-12,2,0.325,12.9,0,0,3
2,23.9005,0,0,1,3,1,0.5306,0.9691,0,3,0,3,0,0.0415,7.36,0,0,0
3,4.3024,0,0,1,2,2,0.8,1.0127,2,7,1,6,6,0.3133,7.18,0,2,0
3,14.4928,0,0,1,3,1,0.7967,0.8255,1,3,1,3,3,0.4812,10.25,0,1,0
0,0.0,0,0,1,3,0,0.4764,4.4179,0,3,0,3,0,0.0005,90.13,0,0,2
3,-4.651,0,0,1,3,2,0.7678,0.8613,1,3,1,-4,3,0.4948,11.11,0,0,1
2,20.0046,0,0,1,3,3,0.625,1.1346,0,3,0,-9,0,0.2468,11.34,0,0,2
2,-1.3953,0,0,1,3,1,0.6306,1.9682,1,3,0,-2,2,0.2149,31.34,0,0,2
1,-10.5414,0,0,1,3,2,0.5431,6.6366,0,3,0,-1,0,0.0005,149.72,0,0,1
3,0.0,1,0,1,3,1,0.7778,10.6109,1,3,1,1,3,0.6213,240.0,0,1,2
3,0.0,1,1,1,3,3,0.7689,0.8597,2,3,0,0,6,0.4942,11.07,1,0,0
1,-13.7036,0,0,1,3,2,0.5514,8.1452,2,3,0,-1,2,0.0005,185.93,0,0,1
3,-14.7711,0,0,0,1,3,0.7992,4.2293,2,2,1,-4,6,0.3101,92.47,0,1,0
3,5.9639,0,0,1,2,2,0.6639,0.9296,1,4,0,4,3,0.4974,5.98,0,0,1
3,4.945,0,0,1,3,1,0.7925,1.027,1,3,0,-8,3,0.5591,15.09,0,0,0
2,-0.0248,0,0,1,3,2,0.5593,2.1278,0,3,0,-1,0,0.2611,35.17,0,0,1
3,-9.9067,0,0,1,3,2,0.7811,0.9418,2,3,0,-1,6,0.5267,13.05,0,0,0
2,-6.9418,0,0,1,3,3,0.6102,1.03,1,3,1,3,2,0.0005,15.16,0,1,0
2,12.6963,0,0,1,3,2,0.6389,2.7982,0,3,0,3,0,0.0005,57.6,0,0,1
3,-4.651,0,0,1,3,2,0.77,2.0306,1,3,1,2,3,0.5622,39.18,0,0,0
2,14.7711,0,0,1,3,1,0.5931,0.9823,0,3,0,1,0,0.0585,7.68,0,0,1
2,13.4949,0,0,0,1,2,0.525,2.378,0,14,0,7,0,0.2064,40.74,0,0,1
3,-9.5951,0,0,1,3,3,0.6472,0.6202,2,3,1,3,6,0.4127,5.33,0,0,0
1,-1.3953,0,0,1,3,3,0.6122,2.7725,1,3,0,0,1,0.0048,50.64,0,0,2
3,-9.9067,0,0,1,3,2,0.7037,9.0885,3,3,2,-4,9,0.3757,208.57,0,1,0
2,-3.9059,0,1,0,1,2,0.6435,1.0664,1,11,1,7,2,0.0005,12.23,0,0,1
1,16.1664,0,0,1,2,2,0.55,1.8378,0,1,0,-6,0,0.0005,34.42,0,0,2
2,0.3298,0,0,1,3,3,0.6256,1.1643,0,3,0,-6,0,0.2856,12.05,0,0,1
2,-0.0248,0,0,1,3,1,0.61,1.1828,0,3,1,1,0,0.309,12.49,0,0,2
2,3.3794,0,0,1,3,1,0.6042,0.815,0,3,0,-11,0,0.0005,10.0,0,0,0
2,2.5106,0,0,1,3,1,0.6157,1.0608,1,3,0,1,2,0.1543,9.56,0,1,0
3,1.437,0,0,1,3,1,0.7511,0.975,3,3,1,-2,9,0.5403,13.84,0,1,1
3,0.9463,0,0,1,1,1,0.7567,0.7035,0,17,1,12,0,0.7179,5.67,0,0,2
3,1.437,0,0,1,3,2,0.7417,0.7506,0,3,0,-4,0,0.4529,8.46,0,0,0
3,-8.128,0,1,0,1,2,0.8008,8.8479,1,2,0,-8,3,0.3079,202.79,0,0,2
2,0.0,1,0,1,3,1,0.6258,1.1882,1,3,1,1,2,0.316,12.62,0,1,2
2,1.2761,0,0,1,3,2,0.6231,1.1161,0,3,0,-13,0,0.2234,10.89,0,0,1
2,4.945,0,0,1,3,3,0.6069,0.6607,0,3,0,0,0,0.0005,6.3,0,0,0
3,-2.2301,0,0,0,2,3,0.6742,0.9123,2,4,1,1,6,0.8762,6.0,0,0,1
2,-10.8712,1,1,0,2,3,0.7708,10.9058,2,4,1,1,4,0.0576,240.0,0,0,3
3,-0.3547,0,0,1,1,1,0.7425,0.7263,2,2,1,-6,6,0.7272,6.21,0,1,1
2,0.0,1,1,0,2,3,0.6083,0.9443,0,4,1,1,0,0.0117,6.77,0,0,1
2,0.6427,0,0,1,2,2,0.6139,10.7687,0,4,0,-9,0,0.0559,240.0,0,0,1
2,15.8411,0,0,1,3,2,0.6167,0.989,0,0,0,-7,0,0.0979,14.23,0,0,0
2,-9.5951,0,0,1,2,2,0.6069,5.4855,2,4,0,-3,4,0.0005,122.09,0,0,0
2,2.5106,0,0,1,2,1,0.5333,1.0406,1,4,0,-4,2,0.1298,9.08,0,1,2
2,5.5522,0,0,1,2,1,0.525,1.0428,0,4,0,-4,0,0.133,9.13,0,0,1
3,-12.2665,0,0,1,2,2,0.6491,0.6172,2,4,1,-6,6,0.4116,5.26,0,1,0
2,-10.8712,1,0,1,2,2,0.6083,3.9179,1,4,1,3,2,0.0005,84.47,0,0,2
3,-8.3606,0,0,1,2,2,0.7389,9.2826,2,4,0,-6,6,0.4945,213.23,0,0,1
3,-8.3606,0,0,1,2,1,0.7333,0.9976,1,4,0,-1,3,0.5486,14.38,0,0,0
2,0.9645,0,0,1,2,1,0.6074,1.0646,0,4,0,2,0,0.159,9.66,0,0,0
2,16.5068,0,0,1,2,2,0.5815,1.0771,0,4,0,-3,0,0.1739,9.96,0,0,1
3,-10.8712,1,0,1,2,1,0.7575,4.654,3,4,2,2,9,0.5497,102.14,0,0,1
3,3.8999,0,0,1,2,1,0.7046,0.7972,2,4,0,-4,6,0.4733,9.58,0,1,0
3,0.6427,0,0,1,2,2,0.7019,0.8014,2,4,1,-9,6,0.4749,9.68,0,0,0
2,0.0,1,0,1,2,2,0.6133,3.2085,0,4,0,-3,0,0.3192,61.11,0,0,1
3,-10.8712,1,0,0,2,3,0.7608,11.7323,2,4,1,4,6,0.822,240.0,0,2,1
2,0.4134,0,0,1,2,1,0.5926,1.0716,0,4,0,4,0,0.1676,9.82,0,0,1
3,4.945,0,0,0,2,3,0.7983,1.0538,1,4,0,4,3,0.5622,15.73,0,0,0
3,-4.651,0,0,1,2,2,0.7822,0.8422,4,4,1,-12,12,0.488,10.66,0,0,0
2,0.0,1,0,1,2,2,0.5991,1.1269,1,4,1,3,2,0.2372,11.15,0,0,2
2,1.5514,0,0,1,2,2,0.5056,1.0494,0,4,0,3,0,0.1404,9.29,0,0,2
3,-9.3197,0,0,1,2,2,0.7185,9.2437,2,4,1,3,6,0.4614,212.29,0,0,1
3,-2.8324,0,0,1,2,1,0.7342,0.8815,1,4,1,2,3,0.839,5.26,0,0,1
3,1.437,0,0,1,2,2,0.7975,1.02,0,1,0,-12,0,0.556,14.92,0,0,0
3,-9.9067,0,0,0,2,3,0.8,0.6652,2,4,1,4,6,0.4278,6.41,0,0,0
2,2.5106,0,0,1,2,1,0.6122,1.1697,1,4,0,-4,2,0.292,12.18,0,0,1
3,-10.896,0,0,1,2,1,0.7992,5.5577,3,4,1,-4,9,0.55,123.83,0,1,0
3,3.8999,0,0,1,2,1,0.7676,0.6966,1,4,0,-4,3,0.4383,7.16,0,1,0
2,15.8162,0,0,1,2,2,0.5708,1.0275,0,4,0,0,0,0.1154,8.77,0,0,0
2,2.5106,0,0,1,2,2,0.5833,0.9857,0,4,0,-3,0,0.0622,7.76,0,0,2
3,-13.2196,0,0,1,3,2,0.7292,9.9975,1,6,1,-1,3,0.62,230.9,1,1,0
3,-10.5414,0,0,1,2,1,0.7074,0.7938,3,4,0,-1,9,0.4718,9.49,0,0,0
3,0.6427,0,0,1,2,2,0.7933,0.8296,0,4,0,-6,0,0.4827,10.35,0,0,0
3,-8.3606,0,0,1,2,1,0.7725,3.8054,1,4,0,-7,3,0.5633,81.77,0,0,0
2,-13.1013,0,0,1,2,2,0.6009,9.6404,2,4,0,0,4,0.021,221.81,0,1,1
3,2.9522,0,1,1,2,2,0.7167,0.7849,1,4,1,-3,3,0.4671,9.28,0,0,0
1,12.6991,0,1,1,3,2,0.513,4.5286,0,0,0,-10,0,0.0032,98.74,0,0,1
3,1.5514,0,0,1,2,2,0.7133,0.8931,0,4,0,3,0,0.8518,5.54,0,0,3
1,14.7711,0,0,1,2,2,0.5917,1.363,0,4,0,0,0,0.0128,16.82,0,0,2
2,1.2761,0,0,1,2,1,0.6125,1.182,0,4,0,-13,0,0.3074,12.47,0,0,2
3,-4.651,0,0,1,2,1,0.76,0.9646,2,4,0,-13,6,0.5361,13.59,0,0,0
3,-4.651,0,0,1,2,2,0.7844,0.8395,3,4,1,-9,9,0.4869,10.59,0,0,0
2,-0.0248,0,0,1,2,2,0.6092,1.1837,0,4,1,3,0,0.3096,12.52,0,0,3
2,-5.319,0,0,0,1,2,0.613,5.4009,2,5,0,-2,4,0.0005,120.06,0,0,1
2,2.5106,0,0,0,1,3,0.5815,2.2383,1,5,0,-4,2,0.3116,37.82,0,1,2
3,2.9522,0,0,0,1,3,0.7478,0.8835,1,5,0,5,3,0.5042,11.65,0,0,0
3,0.0,1,1,0,1,2,0.7787,0.6785,2,5,2,1,6,0.432,6.73,0,1,0
3,-9.9067,0,0,1,1,1,0.7558,2.6299,2,5,1,-6,6,0.5669,53.56,0,1,1
3,-4.651,0,0,1,1,1,0.7289,1.0018,2,5,0,0,6,0.5507,14.49,0,0,0
2,1.2761,0,0,0,1,2,0.5556,0.9941,0,5,0,-8,0,0.0729,7.96,0,0,0
2,2.9522,0,0,0,1,3,0.6042,0.9603,1,8,0,2,2,0.0005,13.49,0,1,0
2,20.3875,0,0,0,1,2,0.5847,1.0237,0,5,0,5,0,0.1101,8.67,0,0,0
2,-11.3128,0,0,1,2,2,0.6111,7.9906,2,7,1,-3,4,0.0031,180.75,0,0,0
2,-10.8712,1,1,0,1,2,0.612,3.0275,1,5,1,1,2,0.0005,63.1,0,0,1
2,1.2761,0,0,0,1,2,0.5528,0.9947,0,5,0,1,0,0.0739,7.98,0,0,0
3,-12.2665,0,0,1,1,1,0.763,0.7085,3,5,1,0,9,0.4409,7.45,0,1,0
3,-4.651,0,0,0,1,2,0.72,0.9166,2,5,2,4,6,0.5173,12.44,0,0,0
2,0.9645,0,0,1,1,1,0.5181,1.0058,0,5,0,3,0,0.0872,8.25,0,0,1
3,-9.3197,0,0,1,1,1,0.7639,9.0201,3,5,2,-3,9,0.3416,206.93,0,1,0
2,0.0,1,0,0,1,2,0.61,1.1542,0,5,1,4,0,0.2723,11.81,0,0,2
2,-2.8324,0,0,0,1,2,0.6028,1.1252,1,5,2,4,2,0.2351,11.11,0,0,2
3,-10.5414,0,0,0,1,2,0.7233,1.0096,3,5,1,-5,9,0.5528,14.67,0,1,0
2,1.5763,0,0,1,3,1,0.5972,1.1218,0,6,0,-2,0,0.2628,17.41,0,0,3
3,2.9522,0,0,0,1,2,0.7989,0.7761,1,5,1,4,3,0.465,9.07,0,0,0
3,0.0,1,1,1,1,1,0.6454,0.6236,1,5,0,0,3,0.4137,5.41,1,0,0
2,3.8999,0,0,0,1,2,0.6102,0.9797,1,5,1,-2,2,0.0005,13.96,0,1,0
2,19.3376,0,0,1,1,1,0.6192,1.1788,0,5,0,0,0,0.3032,12.4,0,0,1
3,3.8999,0,0,0,1,2,0.7324,0.7626,1,5,2,-2,3,0.4582,8.75,0,0,1
2,5.5522,0,0,1,1,1,0.5972,1.0196,1,5,1,3,2,0.1053,8.58,0,1,1
2,-2.3598,0,0,1,1,1,0.6156,0.874,1,5,0,0,2,0.0649,11.47,0,0,2
2,-2.2301,0,0,1,1,1,0.5593,3.1558,1,5,0,-6,2,0.2981,59.85,0,0,2
3,-9.5951,0,0,0,1,2,0.7833,0.8402,3,5,0,-11,9,0.4874,10.61,0,0,0
3,-4.651,0,0,1,1,1,0.7722,0.8552,3,5,2,3,9,0.4927,10.97,0,0,1
1,11.5138,0,0,0,1,3,0.5153,1.2473,0,5,0,5,0,0.0005,14.04,0,0,1
3,-10.896,0,0,1,1,1,0.7392,6.0864,3,5,3,3,9,0.6137,136.52,0,2,1
2,1.2761,0,0,0,1,2,0.537,1.0965,0,5,0,-8,0,0.1995,10.42,0,0,1
3,3.8999,0,0,0,1,3,0.7972,0.6502,1,5,0,-1,3,0.4215,6.05,0,0,0
3,1.437,0,1,0,1,2,0.7892,1.7633,1,5,0,4,3,0.5554,32.76,0,0,0
2,22.9133,0,0,0,1,3,0.6037,1.0664,0,5,0,5,0,0.1612,9.7,0,0,1
2,1.437,0,0,0,1,3,0.6102,0.885,1,5,1,-7,2,0.0005,11.68,0,1,0
3,0.3298,0,0,0,1,2,0.6417,0.9288,0,5,0,-5,0,0.8969,6.4,0,0,0
2,14.7711,0,0,0,1,2,0.6222,0.974,0,5,0,4,0,0.0473,7.48,0,0,2
3,-9.5951,0,0,1,1,1,0.7344,0.9032,3,5,3,3,9,0.5105,12.12,0,1,0
3,14.7711,0,0,0,1,3,0.6983,0.9002,1,5,0,-1,3,0.8613,5.71,0,1,0
3,-12.2665,0,0,0,1,2,0.7889,9.2542,2,5,1,4,6,0.4708,212.54,0,0,1
3,-9.9067,0,0,1,1,1,0.6426,0.6297,2,5,1,-3,6,0.4153,5.55,0,1,0
2,5.5522,0,0,0,1,3,0.6083,1.1223,0,5,1,5,0,0.2319,11.04,0,0,3
2,-10.5414,0,0,1,3,3,0.5819,10.7449,2,6,1,-6,4,0.0243,240.0,0,2,1
2,1.437,0,0,1,3,2,0.6042,3.6788,0,6,0,-1,0,0.0026,78.73,0,0,0
2,0.9645,0,1,1,3,3,0.6256,2.2634,0,6,0,-6,0,0.326,38.43,0,0,2
3,-1.0452,0,0,0,2,3,0.795,6.1346,3,16,3,10,9,0.5586,138.43,0,2,0
2,-10.5414,0,0,1,3,1,0.55,6.1644,1,6,0,-2,2,0.0241,138.39,0,0,0
2,21.1625,0,0,1,3,1,0.5389,0.9661,0,6,0,6,0,0.0383,7.29,0,0,0
2,2.7432,0,0,1,3,3,0.5907,1.1308,0,6,0,3,0,0.242,11.24,0,0,1
2,13.8234,0,0,1,3,2,0.5736,0.9561,0,6,0,2,0,0.025,7.05,0,0,1
3,1.437,0,0,1,3,2,0.7456,0.981,1,6,1,-7,3,0.5429,13.99,0,0,0
3,-2.9522,0,0,1,3,3,0.7037,3.7509,2,9,2,6,6,0.4738,79.0,0,0,0
3,-14.8517,0,0,1,3,2,0.7589,5.8137,2,0,0,-1,6,0.499,130.72,0,1,0
3,0.7943,0,0,1,3,2,0.7213,1.1272,1,12,2,11,3,0.3708,9.93,0,0,0
2,17.2389,0,0,1,3,3,0.6093,1.1415,0,6,0,3,0,0.2559,11.5,0,0,1
1,1.2761,0,0,1,3,1,0.5343,3.8218,0,6,0,-2,0,0.0849,75.83,0,0,3
2,2.9522,0,0,1,3,3,0.612,5.1143,1,6,1,3,2,0.0021,113.19,0,0,0
2,8.9676,0,0,1,3,2,0.5153,1.0459,0,6,0,6,0,0.1367,9.21,0,0,1
2,7.3128,0,0,1,3,1,0.5347,11.8382,0,6,0,6,0,0.0399,240.0,0,0,1
2,-5.2937,0,0,1,3,2,0.6056,0.8994,1,12,1,11,2,0.0005,4.46,0,0,0
2,-0.6347,0,0,1,3,3,0.5972,0.8574,1,12,1,12,2,0.0491,11.07,0,0,0
2,16.1498,0,0,1,3,2,0.6042,1.0173,0,6,0,6,0,0.1027,8.52,0,0,0
3,2.7367,0,0,1,3,2,0.7407,1.1103,2,12,2,2,6,0.3598,9.52,0,2,0
2,2.9522,0,0,1,3,1,0.6435,8.7339,0,6,0,-5,0,0.0042,200.06,0,0,1
3,-0.6427,0,0,1,3,1,0.7944,1.0634,2,12,2,10,6,0.3295,8.4,0,1,0
2,0.3298,0,0,1,3,2,0.6283,1.1385,0,6,0,5,0,0.2521,11.43,0,0,3
3,-11.184,0,0,1,3,1,0.7592,2.8488,3,12,2,-2,9,0.5659,51.24,0,0,0
3,-0.6427,0,0,1,3,2,0.7093,1.1379,2,12,2,11,6,0.3776,10.18,0,1,0
2,-10.896,0,0,1,3,2,0.6083,5.4333,1,6,1,2,2,0.0005,120.84,0,0,0
1,16.2744,0,0,1,3,1,0.5,5.0793,0,12,0,1,0,0.1543,112.4,0,0,2
2,-5.319,0,0,1,3,3,0.7289,7.3028,2,6,2,6,4,0.1112,165.71,0,2,2
2,-3.7969,0,1,1,3,2,0.5546,4.1297,1,12,1,5,2,0.3015,89.61,0,0,2
2,-1.3953,0,1,1,3,3,0.6183,2.3901,1,6,1,6,2,0.3897,41.47,0,1,0
2,-11.5387,0,0,1,3,1,0.6676,10.3403,2,12,2,7,4,0.0121,231.04,0,2,1
2,0.0,1,0,1,2,2,0.6142,1.1813,0,7,1,6,0,0.3064,12.46,0,0,2
3,-9.5951,0,0,1,2,2,0.7422,0.8915,3,7,3,6,9,0.5068,11.84,0,2,0
2,-13.744,0,0,1,3,2,0.6069,0.8704,1,12,1,2,2,0.0005,3.76,0,0,0
3,-13.7034,0,0,1,2,1,0.7825,12.613,1,13,1,11,3,0.7029,240.0,0,0,0
2,16.5068,0,0,1,2,1,0.5014,1.0104,0,7,0,-1,0,0.0936,8.36,0,0,0
2,19.0401,0,0,1,3,2,0.6398,2.9503,0,12,1,8,0,0.2149,61.3,0,0,1
2,1.2761,0,0,1,2,2,0.6065,1.1426,0,7,0,-9,0,0.2574,11.53,0,0,1
2,17.4448,0,0,1,2,2,0.6078,1.155,1,7,0,7,2,0.2734,11.82,0,0,2
3,-3.1947,0,0,1,3,1,0.7122,0.7305,1,12,0,-2,3,0.6524,8.03,0,0,2
2,20.0046,0,0,1,2,1,0.6139,0.9427,0,7,0,2,0,0.0096,6.73,0,0,1
3,0.0,1,0,1,3,2,0.6648,1.1764,1,12,1,8,3,0.4027,11.11,0,0,0
2,-10.8712,1,0,1,2,2,0.5843,7.0254,1,7,1,6,2,0.096,159.05,0,1,2
3,-0.6427,0,0,1,3,3,0.7259,1.1233,1,12,1,9,3,0.3682,9.83,0,0,0
2,12.3081,0,0,1,2,2,0.5569,0.9933,0,7,0,6,0,0.0723,7.94,0,0,2
3,-8.7706,0,0,1,3,2,0.7991,0.9359,2,12,2,2,6,0.3081,5.34,0,0,0
2,5.5771,0,0,1,3,3,0.5806,0.9291,0,0,0,-6,0,0.0223,12.79,0,0,2
3,-8.3606,0,0,1,2,1,0.787,0.6637,2,7,0,-4,6,0.4273,6.37,0,1,0
2,13.8065,0,0,1,3,2,0.5796,4.0909,0,12,0,8,0,0.2879,88.68,0,0,3
3,-0.6347,0,0,1,3,3,0.7678,0.646,2,12,3,12,6,0.5374,6.0,0,0,1
3,-9.0033,0,0,1,3,2,0.8011,9.4517,2,12,2,2,6,0.3121,209.71,0,1,0
2,18.0464,0,0,1,2,1,0.5426,0.9534,0,10,0,-1,0,0.3084,4.4,0,0,1
3,5.6356,0,0,1,2,2,0.7992,0.7029,1,7,0,6,3,0.4409,7.31,0,0,0
3,-11.184,0,0,1,3,3,0.765,2.6998,3,12,3,12,9,0.5649,47.67,0,1,0
3,3.8999,0,0,0,2,3,0.7685,0.6954,1,7,1,1,3,0.4378,7.13,0,0,0
3,0.0,1,0,1,3,2,0.6889,0.6081,1,12,2,8,3,0.4831,5.09,0,1,2
2,-9.9067,0,1,1,2,1,0.6019,6.9048,2,7,0,-7,4,0.087,156.16,0,1,1
2,0.0,1,1,1,3,1,0.6444,0.9059,0,12,0,-2,0,0.001,4.61,0,0,1
3,0.0,1,0,1,2,1,0.6981,0.8071,1,7,2,5,3,0.477,9.81,0,0,1
2,-0.6347,0,0,1,3,1,0.6156,0.8652,1,12,1,7,2,0.0602,11.26,0,0,1
2,0.3298,0,0,1,2,2,0.5648,1.084,0,7,0,0,0,0.1835,10.12,0,0,0
2,0.3298,0,0,0,2,3,0.5736,1.0271,0,7,0,1,0,0.1144,8.76,1,0,1
3,4.9929,0,0,1,3,1,0.7657,1.0883,0,12,0,4,0,0.3457,8.99,0,0,0
3,-9.0033,0,0,0,1,2,0.8,0.9083,2,8,1,7,6,0.3081,4.67,0,0,0
2,-11.184,0,0,1,3,3,0.5917,7.6253,2,12,2,3,4,0.0923,165.88,0,0,1
2,-2.8324,0,1,0,2,3,0.4986,1.0515,1,7,1,1,2,0.1431,9.34,0,0,1
3,-3.7969,0,0,1,3,2,0.7058,1.8615,2,12,1,11,6,0.8565,35.17,0,1,3
3,-6.245,0,0,1,2,2,0.7489,0.8496,1,13,1,9,3,0.5293,7.65,0,0,0
3,0.0,1,0,1,3,2,0.7992,1.0174,1,12,2,11,3,0.3128,7.29,0,1,0
3,-10.896,0,0,1,2,2,0.7767,6.0309,2,7,1,3,6,0.5901,135.18,0,0,2
2,5.5522,0,0,1,2,2,0.5213,1.1043,0,7,0,3,0,0.2085,10.61,0,0,2
3,-5.2937,0,0,0,2,3,0.7725,4.6137,3,13,3,4,9,0.5581,93.6,0,0,0
3,-10.5493,1,1,0,2,3,0.7991,1.0592,2,13,2,1,6,0.3269,8.29,0,1,0
2,-0.0248,0,0,1,2,2,0.5333,1.0009,0,7,0,0,0,0.0814,8.13,1,0,1
2,2.4629,0,0,0,1,3,0.6042,3.2577,1,14,1,8,2,0.0005,62.52,0,0,0
2,0.0,1,0,1,2,1,0.5472,0.9637,0,7,1,5,0,0.0351,7.23,0,0,2
3,3.3794,0,0,1,2,2,0.7467,0.9795,0,7,0,6,0,0.5424,13.95,0,0,0
2,5.2556,0,1,1,2,1,0.635,4.346,0,13,0,5,0,0.4175,94.8,0,0,2
2,2.5106,0,0,1,2,1,0.6075,1.1844,1,7,1,-4,2,0.3106,12.53,0,0,2
3,-10.5493,1,0,0,2,3,0.7989,0.9156,1,13,1,10,3,0.3081,4.85,0,0,0
2,26.5562,0,0,0,2,3,0.5925,4.3886,0,13,0,13,0,0.4449,95.82,0,0,2
2,0.3116,0,0,1,2,1,0.6042,4.3766,0,13,0,5,0,0.4374,95.53,0,0,2
2,-10.896,0,0,1,2,1,0.6069,0.7418,2,7,1,-1,4,0.0005,8.25,0,1,0
3,-1.0199,0,0,1,2,1,0.765,4.7112,1,13,1,13,3,0.5591,95.94,0,1,0
2,-13.1013,0,0,1,2,2,0.6378,14.0078,1,7,0,-6,2,0.2922,240.0,0,0,1
2,0.3116,0,0,1,2,1,0.5711,4.3097,1,13,1,11,2,0.3939,93.93,0,1,2
3,0.0,1,1,0,2,3,0.6481,0.8907,0,13,1,1,0,0.306,4.25,0,0,0
3,4.945,0,0,0,2,3,0.8,0.7014,0,7,0,7,0,0.4404,7.28,0,0,0
2,-9.9624,0,0,1,2,1,0.7575,2.8581,1,13,1,8,2,0.0016,51.47,0,1,2
3,-9.9067,0,0,1,2,2,0.7639,0.7042,3,7,3,6,9,0.4404,7.34,0,0,0
3,1.7787,0,0,1,2,1,0.6667,0.6168,0,13,0,2,0,0.4958,5.3,0,0,2
3,-1.3953,0,0,0,2,3,0.7083,0.8953,1,7,1,1,3,0.8549,5.59,0,0,1
2,15.5422,0,0,1,2,2,0.6231,1.1048,0,13,0,12,0,0.0122,17.01,0,0,2
1,14.2505,0,0,1,2,1,0.5259,3.8277,0,7,0,-10,0,0.0898,75.97,0,0,3
3,2.7367,0,0,0,2,3,0.7481,1.1039,2,13,1,4,6,0.3556,9.37,0,2,0
3,-2.8324,0,0,1,2,2,0.7292,0.8837,1,7,1,3,3,0.8422,5.32,0,0,2
2,5.5229,0,0,1,2,1,0.613,0.8873,0,13,0,13,0,0.0702,11.79,0,0,1
2,13.8234,0,0,1,2,2,0.5986,1.0191,0,7,0,-3,0,0.1048,8.56,0,0,1
3,-3.1947,0,0,0,2,3,0.7456,0.6533,2,13,2,10,6,0.548,6.18,0,1,1
3,-9.9067,0,0,1,2,1,0.6981,0.8106,3,7,2,5,9,0.477,9.9,0,0,0
2,-0.9645,0,0,0,2,3,0.6194,0.8208,1,13,1,13,2,0.0021,10.19,0,0,0
3,1.437,0,0,1,2,1,0.8,0.7372,2,7,1,2,6,0.4503,8.14,0,2,0
3,-9.0033,0,0,1,2,1,0.7989,0.9486,3,13,3,11,9,0.3091,5.64,0,0,0
2,-5.9616,0,0,0,1,3,0.6042,0.909,2,11,2,11,4,0.0005,4.69,0,0,0
3,11.3436,0,0,1,2,2,0.6858,1.7071,0,13,0,0,0,0.7588,31.47,0,0,0
2,0.9645,0,1,1,2,2,0.6278,0.9389,0,7,0,-6,0,0.0043,6.64,0,0,0
3,-0.6347,0,0,1,2,2,0.73,0.6585,3,13,2,12,9,0.5554,6.3,0,0,1
3,-4.9441,0,0,0,1,2,0.7311,0.8677,3,14,3,13,9,0.5364,8.08,0,0,0
2,-9.9067,0,0,0,1,2,0.7907,8.8079,1,8,0,-2,2,0.0005,201.83,0,0,1
3,7.8237,0,0,1,2,2,0.663,1.178,0,13,0,-3,0,0.4038,11.14,0,0,0
3,-9.9067,0,0,0,1,2,0.7741,0.6848,2,8,1,4,6,0.4346,6.88,0,0,0
3,-0.9894,0,0,1,2,2,0.7667,0.8149,1,13,1,12,3,0.7437,10.05,0,0,0
3,-0.6427,0,0,1,2,2,0.7992,0.8726,3,13,2,9,9,0.3075,3.82,0,0,0
3,3.3794,0,0,0,1,3,0.7933,0.9285,1,8,1,-1,3,0.5209,12.73,0,0,0
2,-2.3598,0,0,0,2,3,0.5935,0.8768,2,13,1,7,4,0.0654,11.54,0,0,1
2,-9.3197,0,1,0,1,2,0.6435,0.6266,2,8,2,1,4,0.0005,5.48,0,2,1
2,1.5514,0,1,1,1,1,0.5181,0.9729,0,8,0,0,0,0.0463,7.46,0,0,1
3,-12.9091,0,0,0,2,3,0.7167,1.1313,1,13,1,4,3,0.3734,10.02,0,0,0
2,-11.5387,0,0,1,2,1,0.6325,13.8191,1,13,2,8,2,0.3469,240.0,0,1,1
3,0.0,1,0,0,2,3,0.6656,0.68,0,13,1,10,0,0.586,6.82,0,0,3
3,0.0,1,0,0,1,2,0.7648,0.6997,3,8,4,7,9,0.4399,7.24,0,2,1
3,-0.6427,0,0,1,2,1,0.7967,1.8199,2,13,2,11,6,0.5575,26.55,0,0,0
3,0.0,1,0,1,2,1,0.7981,0.8841,1,13,2,2,3,0.307,4.09,0,0,0
3,-10.896,0,0,0,1,2,0.8022,10.5248,2,8,1,1,6,0.4979,240.0,0,0,0
3,-2.3598,0,0,1,2,2,0.6875,1.7054,2,13,2,9,6,0.7577,31.43,0,0,1
3,-2.8324,0,0,0,1,2,0.6833,0.9078,1,8,1,7,3,0.8704,5.89,0,0,1
3,-3.1947,0,0,1,2,2,0.6667,0.7484,2,13,2,12,6,0.6741,8.46,0,0,0
3,-3.1947,0,0,1,2,2,0.7156,0.7283,2,13,0,0,6,0.6508,7.97,0,0,1
2,-13.744,0,0,0,2,3,0.7489,9.9929,2,13,2,4,4,0.0005,222.7,0,1,1
3,1.3343,0,0,1,2,1,0.7178,0.6625,1,13,1,13,3,0.5612,6.4,0,1,0
2,-5.5522,0,0,1,3,3,0.6167,5.4092,2,3,1,3,4,0.0032,120.23,0,1,2
3,-2.8324,0,0,0,1,3,0.6975,0.901,1,8,0,-4,3,0.8618,5.73,0,0,1
2,-9.5951,0,0,0,1,2,0.7256,7.959,2,8,0,-5,4,0.1274,181.46,0,0,1
3,0.0,1,0,1,2,1,0.7992,0.8718,2,13,3,2,6,0.3075,3.8,0,0,0
3,-5.2937,0,0,1,2,2,0.7074,1.1393,2,13,2,3,6,0.3787,10.22,0,1,0
3,-8.128,0,0,0,1,2,0.7343,0.7611,3,8,2,-2,9,0.4571,8.71,0,1,0
3,1.5461,0,0,1,2,2,0.6231,0.561,1,13,0,12,3,0.4146,3.96,0,1,1
2,-10.8712,1,0,0,1,2,0.6097,8.6831,2,8,2,4,4,0.0063,198.84,0,1,1
3,4.5877,0,0,1,2,1,0.6491,0.5401,0,13,0,8,0,0.3998,3.46,0,0,0
3,2.5106,0,0,0,1,3,0.6358,0.932,0,8,0,-1,0,0.9006,6.47,0,0,1
2,-0.9894,0,0,1,2,2,0.6167,0.7695,2,13,2,9,4,0.0005,8.96,0,0,1
2,-0.9894,0,0,1,2,1,0.6222,0.8788,2,10,1,8,4,0.0665,11.59,0,0,2
2,16.5068,0,0,0,1,3,0.4792,1.0579,0,8,0,2,0,0.1505,9.5,0,0,1
3,-11.5387,0,0,1,2,2,0.7806,1.0755,2,13,3,9,6,0.3373,8.68,0,0,0
2,6.2202,0,0,0,1,2,0.615,1.1977,0,8,0,4,0,0.3229,12.85,0,0,1
2,-3.1947,0,0,1,2,1,0.5597,1.9571,1,13,1,5,2,0.0713,37.47,0,1,0
3,12.3081,0,0,1,1,1,0.7208,0.8892,0,8,0,3,0,0.847,5.45,0,0,0
3,-3.1947,0,0,1,2,2,0.7878,0.7011,2,13,1,3,6,0.6166,7.32,0,0,0
3,4.3024,0,0,1,2,2,0.6778,1.165,2,13,2,9,6,0.3954,10.83,0,1,0
2,-3.1947,0,0,1,2,2,0.5731,3.2092,2,13,1,6,4,0.3164,67.52,0,1,1
3,-9.0033,0,0,1,2,1,0.7213,5.9437,3,13,3,2,9,0.4518,125.52,0,0,0
3,-2.3598,0,0,1,2,2,0.7278,0.6592,1,13,1,3,3,0.5564,6.32,0,0,1
2,5.7251,0,0,0,1,3,0.6583,6.2913,1,14,0,5,2,0.0126,133.86,0,1,1
3,11.3436,0,0,0,1,2,0.7157,0.5975,1,14,1,13,3,0.4678,4.83,0,1,2
3,0.7943,0,0,0,1,2,0.6324,1.0385,2,14,3,1,6,0.3143,7.8,0,1,0
3,4.3024,0,1,0,1,2,0.75,1.1024,2,14,2,7,6,0.3546,9.33,0,0,0
2,-4.651,0,0,1,3,2,0.6481,5.1189,1,6,1,2,2,0.0021,113.3,0,1,3
3,0.7943,0,0,0,1,2,0.6833,1.1602,1,14,1,13,3,0.3923,10.72,0,1,0
1,11.3436,0,0,1,1,1,0.515,5.2861,0,14,0,9,0,0.1704,117.36,0,0,2
2,18.373,0,0,1,1,1,0.6231,0.7538,0,14,0,3,0,0.0005,8.59,0,0,1
3,0.0,1,1,0,1,2,0.6972,0.6046,0,14,1,1,0,0.4784,5.01,0,0,0
1,-0.9645,0,0,0,1,3,0.5324,4.7871,1,14,1,11,1,0.086,105.39,0,1,2
2,-11.5138,0,0,0,1,3,0.6042,1.0164,2,14,2,14,4,0.0005,7.27,0,2,1
2,0.5869,0,0,0,1,2,0.6125,0.8227,0,14,0,10,0,0.0047,10.24,0,0,2
2,-18.7369,0,0,1,2,2,0.6361,6.8149,2,1,1,-3,4,0.0005,152.74,0,1,1
3,-0.9894,0,0,0,1,3,0.76,0.6486,2,14,2,11,6,0.5411,6.06,0,1,0
2,24.2856,0,0,0,1,2,0.6148,0.8861,0,14,0,14,0,0.0697,11.76,0,0,1
3,-11.5387,0,0,0,1,2,0.6806,9.7625,2,14,2,7,6,0.3889,217.17,0,2,1
3,-0.3116,0,0,1,2,2,0.7492,1.1001,3,16,3,3,9,0.7178,10.07,0,1,1
2,4.5877,0,0,0,1,2,0.6125,0.842,0,14,0,13,0,0.029,10.7,0,0,1
2,-11.5138,0,0,1,1,1,0.7833,6.2699,2,14,2,12,4,0.0147,133.35,0,0,1
3,-10.5493,1,0,0,1,2,0.8,0.8977,3,14,3,10,9,0.307,4.42,0,1,0
3,-0.6427,0,0,0,1,2,0.7917,1.0657,1,14,1,13,3,0.3311,8.45,0,0,0
3,0.0,1,0,0,1,2,0.6352,1.0083,1,14,2,13,3,0.3128,7.07,0,0,0
3,0.5869,0,0,1,1,1,0.6685,0.4131,1,14,2,12,3,0.3887,0.41,0,1,1
3,12.8588,0,0,0,1,3,0.7917,0.7635,0,14,0,5,0,0.6915,8.82,0,0,0
3,-10.2377,0,0,0,1,2,0.7992,0.8798,3,14,2,-2,9,0.307,3.99,0,2,0
3,0.5869,0,1,0,1,2,0.7744,0.6439,0,14,0,7,0,0.5343,5.95,0,0,2
3,14.8517,0,1,1,1,1,0.7278,0.5927,0,14,0,6,0,0.461,4.72,0,0,2
3,-0.9894,0,0,0,1,2,0.8008,0.6678,3,14,3,7,9,0.5691,6.52,0,0,1
3,-0.6347,0,0,0,1,2,0.7833,0.571,2,14,2,10,6,0.4293,4.2,0,0,0
3,2.7367,0,0,0,1,2,0.7992,0.9098,1,14,1,-2,3,0.3081,4.71,0,1,0
3,2.3095,0,0,1,1,1,0.7574,1.0958,2,14,2,6,6,0.3504,9.17,0,0,0
3,-12.2665,0,0,1,2,1,0.6361,0.6403,1,4,0,-1,3,0.4189,5.81,0,1,0
2,-12.9091,0,1,0,1,3,0.6042,5.381,2,14,2,14,4,0.0021,112.02,0,2,0
3,-10.5493,1,1,0,1,3,0.7333,1.5476,3,14,3,2,9,0.511,20.02,0,1,0
2,-5.2937,0,1,0,1,3,0.6111,10.5398,2,14,2,8,4,0.0121,235.83,0,2,2
3,-10.5493,1,0,0,1,2,0.7324,1.1177,1,14,1,4,3,0.3645,9.7,0,0,0
3,-2.3598,0,0,1,1,1,0.7889,0.5688,1,14,1,9,3,0.4262,4.15,0,0,2
3,0.5869,0,1,0,1,2,0.7867,0.7663,0,14,0,7,0,0.6946,8.89,0,0,0
3,-3.1947,0,0,0,1,2,0.6233,0.6937,2,14,2,4,6,0.606,7.14,0,1,0
2,3.2572,0,0,0,1,2,0.6069,1.0231,1,14,0,13,2,0.0005,7.43,0,0,0
3,-14.3462,0,0,1,1,1,0.7325,6.7376,2,14,1,0,6,0.6179,144.58,0,0,0
3,-2.3598,0,0,1,3,3,0.738,0.5887,1,3,0,0,3,0.4552,4.62,0,0,0
3,-5.2937,0,0,1,3,2,0.7989,0.9533,2,3,1,-13,6,0.3096,5.75,0,0,0
2,20.8275,0,0,1,3,2,0.5889,0.8486,1,3,0,3,2,0.0369,10.86,0,1,0
3,-3.7969,0,0,1,3,3,0.7111,0.6647,1,3,1,3,3,0.5643,6.45,0,0,2
3,-1.5763,0,0,0,2,3,0.8008,0.9577,2,1,1,1,6,0.3755,13.04,0,0,0
3,0.7943,0,0,1,3,2,0.712,1.1354,0,3,0,-4,0,0.376,10.12,0,0,0
3,-9.0033,0,0,1,3,2,0.8008,9.495,2,3,1,2,6,0.3064,210.75,0,1,1
3,2.7367,0,0,1,2,2,0.7991,0.9997,0,4,0,-6,0,0.3122,6.87,1,0,0
2,0.5869,0,0,1,3,3,0.612,0.8627,0,3,0,3,0,0.0565,11.2,0,0,2
3,-1.301,0,0,1,2,2,0.6625,2.1931,3,4,1,0,9,0.8836,36.3,0,3,3
2,-0.9894,0,0,1,3,3,0.5972,0.834,1,3,0,-3,2,0.0185,10.51,0,0,1
3,-5.9616,0,0,1,3,1,0.7963,1.0619,2,3,0,-2,6,0.3285,8.36,0,0,0
2,-3.7969,0,0,1,3,2,0.6083,0.852,1,3,0,-10,2,0.0417,10.94,0,0,2
2,10.2866,0,0,1,2,2,0.7911,0.6805,1,10,1,9,2,0.0005,3.59,0,1,1
2,-11.5138,0,0,1,3,2,0.6389,0.9833,2,3,1,2,4,0.0005,6.47,0,1,0
3,-0.9894,0,0,1,3,3,0.65,0.685,1,3,0,-3,3,0.5934,6.94,0,0,1
2,-2.3598,0,0,1,3,2,0.6139,0.8415,1,3,1,2,2,0.0285,10.69,0,1,0
3,-0.9894,0,0,1,3,2,0.7633,0.8161,2,3,0,-4,6,0.7458,10.08,0,0,1
2,-4.651,0,0,1,2,1,0.6042,0.6336,1,1,0,-4,2,0.0005,5.65,0,1,0
2,-13.744,0,0,1,3,3,0.6311,14.6298,1,3,0,0,2,0.2863,240.0,0,0,1
2,-10.5493,1,0,1,3,3,0.6097,10.4422,2,3,2,3,4,0.0068,233.49,0,1,0
2,-3.7969,0,0,1,3,2,0.6009,0.8559,1,3,0,-10,2,0.047,11.04,0,0,1
2,-11.5387,0,0,1,3,2,0.6319,11.9701,3,3,3,2,6,0.0005,240.0,0,2,0
2,13.8065,0,0,1,3,1,0.6097,1.9803,0,3,0,1,0,0.1005,38.02,0,0,2
2,-0.9463,0,0,1,2,1,0.5931,1.1467,1,16,1,5,2,0.02,11.19,0,0,0
3,15.5422,0,0,1,3,2,0.6622,0.7502,0,3,0,-4,0,0.6762,8.5,0,0,0
3,-11.184,0,0,1,2,2,0.7491,1.1028,3,4,1,-9,9,0.3551,9.34,0,1,0
2,-11.5138,0,0,0,2,3,0.6042,0.9074,2,4,2,4,4,0.0005,4.65,0,2,0
3,-0.6347,0,0,1,2,1,0.7722,0.7056,1,4,0,-13,3,0.6239,7.43,0,0,0
3,4.5877,0,1,1,2,2,0.7567,0.7116,0,4,0,3,0,0.6313,7.57,0,0,2
3,-0.6347,0,0,1,2,2,0.7558,0.8194,1,4,0,-6,3,0.7505,10.16,0,0,2
3,3.2572,0,0,1,2,1,0.7713,1.0837,2,4,1,-4,6,0.3426,8.88,0,0,0
3,0.3116,0,0,1,2,1,0.7617,0.8169,1,4,0,-13,3,0.7468,10.1,0,1,1
3,16.2744,0,0,0,2,3,0.6407,0.6273,0,4,0,-5,0,0.5105,5.55,0,0,1
3,0.0,1,0,1,2,1,0.6478,0.6858,2,4,2,-10,6,0.5944,6.96,0,1,1
3,0.5869,0,0,0,2,3,0.7407,0.5876,1,4,1,4,3,0.4536,4.6,0,1,1
2,12.399,0,0,1,2,1,0.6167,0.884,0,4,0,4,0,0.0686,11.71,0,0,1
3,-10.5493,1,0,1,2,2,0.7989,0.994,1,4,0,-6,3,0.3117,6.73,0,0,0
3,-3.7969,0,0,1,2,2,0.7442,0.7922,2,4,0,-6,6,0.721,9.51,0,0,2
2,0.0,1,0,0,1,3,0.5611,1.0607,1,2,1,-1,2,0.1856,15.95,0,0,1
2,-0.9894,0,0,1,2,2,0.6181,0.7509,1,4,0,-3,2,0.0005,8.52,0,1,1
3,11.3436,0,0,0,2,3,0.7611,0.7099,1,4,0,-5,3,0.6292,7.53,0,0,0
3,0.3116,0,0,1,2,1,0.6511,0.7556,1,4,0,-1,3,0.6814,8.63,0,1,1
2,-11.5138,0,0,1,2,1,0.5986,6.2392,2,4,2,2,4,0.01,132.61,0,1,1
2,-11.184,0,0,1,2,1,0.6042,1.3697,1,4,0,-7,2,0.0005,15.74,0,0,0
3,-0.6347,0,0,1,2,1,0.8017,0.7589,1,4,0,-13,3,0.6851,8.71,0,0,1
3,-8.7706,0,0,1,2,1,0.8,0.9164,4,4,3,-4,12,0.3081,4.87,0,0,0
3,-11.5138,0,0,1,2,2,0.8,6.0464,2,4,2,3,6,0.4963,127.99,0,1,1
3,2.3095,0,0,0,2,3,0.7398,1.111,1,4,1,4,3,0.3604,9.54,0,0,0
3,-10.2377,0,0,1,2,1,0.8009,0.9964,2,4,2,2,6,0.3122,6.79,0,1,0
3,0.0,1,0,1,2,2,0.6315,1.0392,1,4,1,-3,3,0.3149,7.82,0,1,0
3,-0.9894,0,0,1,2,2,0.6389,0.6886,3,4,0,0,9,0.5986,7.02,0,3,1
3,-2.3598,0,0,1,2,1,0.66,0.682,3,4,3,2,9,0.5886,6.86,0,2,0
2,0.5869,0,0,1,2,2,0.6069,1.9104,0,4,0,3,0,0.0122,36.35,0,0,1
2,-10.5493,1,0,0,2,3,0.7592,4.8686,2,4,1,-8,4,0.0047,99.72,0,0,1
3,-10.5493,1,0,1,2,1,0.7046,5.9549,3,4,1,-10,9,0.4613,125.79,0,0,1
2,-1.3953,0,0,1,3,1,0.6014,1.0181,1,0,0,-5,2,0.1037,8.54,0,0,0
3,3.2572,0,0,1,2,1,0.8009,0.9865,2,4,2,2,6,0.3112,6.55,0,1,0
3,-0.9894,0,0,0,2,3,0.7522,0.7131,1,4,1,4,3,0.6334,7.61,0,0,0
2,11.3436,0,0,0,2,3,0.5583,4.1205,0,4,0,-5,0,0.2986,89.39,0,0,2
2,-0.6427,0,0,1,2,2,0.6407,3.7378,1,4,1,3,2,0.001,72.58,0,0,1
3,-0.6347,0,0,1,2,2,0.7233,0.725,3,4,3,3,9,0.6472,7.9,0,1,1
3,2.3095,0,1,1,2,1,0.7231,1.1254,0,4,0,-1,0,0.3698,9.88,0,0,0
2,5.6342,0,0,1,3,2,0.5311,1.0547,0,12,0,12,0,0.3584,6.83,0,0,2
3,-12.9091,0,0,1,2,2,0.74,6.4925,2,4,1,3,6,0.5202,138.69,0,0,0
2,-3.1947,0,0,0,2,3,0.62,2.1152,2,4,0,-2,4,0.2676,41.26,0,1,1
3,-3.1947,0,0,1,2,2,0.7811,0.6414,2,4,0,-6,6,0.5311,5.89,0,0,1
2,2.6824,0,1,0,2,3,0.6069,1.0365,0,4,0,4,0,0.0005,7.75,0,0,0
2,4.5883,0,1,1,2,1,0.7567,0.8428,0,4,0,4,0,0.0295,10.72,0,0,2
2,-0.9645,0,0,1,2,2,0.6042,0.8322,1,4,1,3,2,0.0158,10.47,0,0,1
3,0.7943,0,0,1,2,1,0.7925,2.3693,1,4,1,-1,3,0.5544,39.74,0,0,0
3,-3.1947,0,0,1,2,1,0.7956,0.6366,1,4,0,-1,3,0.5243,5.77,0,0,1
2,0.0,1,1,1,2,1,0.6181,0.8287,1,4,0,-1,2,0.0105,10.38,0,0,0
2,-0.9645,0,0,0,1,2,0.6,0.8275,1,5,1,4,2,0.0095,10.36,0,0,1
2,-13.744,0,0,0,1,2,0.6056,4.7498,1,5,1,4,2,0.001,96.87,0,0,0
3,0.0,1,0,1,1,1,0.6907,1.1537,1,5,0,-9,3,0.3881,10.56,0,1,0
2,0.0,1,0,1,1,1,0.6144,0.8952,1,5,1,-9,2,0.0744,11.98,0,1,2
2,12.8588,0,0,1,1,1,0.6089,4.177,0,5,0,-3,0,0.3213,90.74,0,0,2
3,4.3024,0,0,0,1,3,0.6963,1.4559,1,5,0,5,3,0.478,17.81,0,0,0
3,-3.1947,0,0,1,1,1,0.7046,0.602,2,5,1,-6,6,0.4742,4.94,0,0,0
2,-0.6427,0,0,0,1,3,0.6056,7.5051,0,5,0,-1,0,0.085,163.0,0,0,0
2,-1.7357,0,0,1,2,2,0.6454,5.8062,1,16,2,15,2,0.0078,128.53,0,0,0
3,2.7367,0,0,0,1,3,0.7222,1.1264,2,5,1,-10,6,0.3703,9.91,0,0,0
3,-8.7706,0,0,1,1,1,0.7981,0.9744,2,5,0,-6,6,0.3107,6.26,0,0,0
3,2.7367,0,0,0,1,2,0.8008,10.9009,0,5,0,4,0,0.3766,240.0,0,0,0
3,0.0,1,0,0,1,2,0.7991,0.993,2,5,2,4,6,0.3117,6.7,0,0,0
2,-0.9645,0,0,0,1,3,0.6156,0.7801,1,5,1,5,2,0.0011,9.22,0,0,1
2,-0.9894,0,0,0,1,2,0.5875,0.8494,2,5,1,-2,4,0.0374,10.88,0,1,1
3,-10.5493,1,1,1,1,1,0.7992,0.8848,2,5,0,0,6,0.3075,4.11,0,0,1
3,-0.6427,0,0,1,1,1,0.6704,1.1715,3,5,2,3,9,0.3996,10.99,0,0,1
3,0.0,1,0,0,1,2,0.6713,0.6148,2,5,0,-8,6,0.4931,5.25,0,1,0
2,-0.9645,0,0,1,2,1,0.6467,0.8985,1,4,0,-1,2,0.0766,12.06,0,0,2
2,13.8065,0,0,1,1,1,0.5981,0.8566,1,5,0,-3,2,0.0485,11.05,0,1,0
2,-9.0033,0,0,0,1,2,0.7244,7.5944,2,5,1,-5,4,0.0897,165.14,0,0,1
3,2.3095,0,0,0,1,2,0.6361,1.003,4,5,1,-2,12,0.3122,6.95,0,2,0
3,-0.6427,0,0,0,1,3,0.8009,0.9752,2,5,1,-1,6,0.3107,6.28,0,1,0
2,-11.5387,0,0,0,1,3,0.5778,6.8921,2,5,2,2,4,0.0608,148.28,0,1,0
3,2.3095,0,0,1,1,1,0.6185,1.0522,0,5,0,3,0,0.3222,8.13,0,0,0
3,2.3095,0,0,1,1,1,0.7852,1.0715,2,5,1,-3,6,0.3347,8.59,0,2,0
1,-0.9645,0,0,1,1,1,0.5861,0.8367,1,5,0,0,1,0.0005,10.58,0,0,1
2,-0.9645,0,0,1,1,1,0.5917,4.3897,1,5,0,-3,2,0.4455,95.85,0,0,3
3,0.0,1,1,0,1,2,0.7733,0.8109,0,5,1,1,0,0.7416,9.96,0,0,1
3,0.0,1,0,1,1,1,0.6991,1.1467,0,5,0,-6,0,0.3834,10.39,0,0,0
2,0.0,1,0,0,1,2,0.6407,0.9583,0,5,0,-2,0,0.0005,5.87,0,0,0
2,1.5461,0,0,0,1,2,0.6456,0.8991,0,5,0,-5,0,0.0766,12.07,0,0,1
3,-5.2937,0,0,0,1,3,0.8,0.9697,3,5,1,2,9,0.3101,6.14,0,0,0
1,0.3116,0,0,1,3,2,0.535,5.115,0,9,0,-7,0,0.157,113.26,0,0,3
3,-15.4864,0,0,1,3,1,0.7989,10.1531,3,12,2,10,9,0.4429,234.87,0,2,0
3,-10.5493,1,0,1,3,2,0.8,9.4834,3,9,3,8,9,0.309,210.47,0,0,0
3,-0.6347,0,0,1,3,3,0.795,0.7623,3,9,3,6,9,0.6893,8.79,0,0,0
3,2.7367,0,0,1,2,1,0.7989,1.0034,2,10,2,8,6,0.3128,6.96,0,1,2
2,-5.2937,0,0,1,3,3,0.6056,5.6072,1,9,1,9,2,0.0052,117.45,0,0,0
2,-10.5493,1,0,1,3,2,0.6069,5.3177,2,9,1,-4,4,0.0005,110.5,0,0,0
2,3.2572,0,0,1,3,1,0.6398,0.9801,0,9,0,7,0,0.001,6.39,0,0,0
3,10.5493,1,0,1,3,3,0.6911,0.6718,1,9,1,6,3,0.5738,6.62,0,0,0
3,11.3436,0,0,1,3,2,0.6889,0.7389,0,9,0,5,0,0.6635,8.23,0,0,0
3,4.3024,0,0,1,1,1,0.7861,1.0706,0,8,0,-6,0,0.3342,8.57,0,0,0
2,-2.3598,0,0,1,3,1,0.6194,0.8805,1,9,0,-2,2,0.0676,11.63,0,0,3
1,-0.6347,0,0,1,3,2,0.5185,4.0087,1,9,0,-1,1,0.0011,86.7,0,1,2
3,0.0,1,0,1,3,2,0.7111,0.7309,1,9,2,5,3,0.653,8.04,0,0,1
3,15.7565,0,0,0,1,2,0.6717,0.7571,0,2,0,2,0,0.7678,2.28,0,0,1
3,2.3095,0,0,1,3,3,0.725,1.1239,2,9,1,3,6,0.3687,9.85,0,0,0
2,-3.7969,0,1,1,3,2,0.5926,4.0639,1,9,0,-4,2,0.2814,88.03,0,0,2
3,2.3095,0,0,1,2,2,0.6269,1.045,2,10,2,9,6,0.3175,7.95,0,1,0
3,6.089,0,0,0,2,3,0.7883,3.6847,1,10,1,10,3,0.5706,71.31,0,1,0
3,-9.0033,0,0,1,2,2,0.8008,10.0605,2,10,1,9,6,0.5436,224.32,0,2,1
3,-10.5493,1,1,1,2,1,0.8,1.015,1,10,0,-1,3,0.3128,7.23,0,0,0
3,0.0,1,0,1,2,2,0.7806,0.5721,1,10,2,6,3,0.4309,4.23,0,1,1
3,19.0401,0,0,1,2,1,0.6352,0.6294,0,10,0,-4,0,0.5137,5.6,0,0,1
3,-0.9894,0,0,1,2,2,0.78,0.642,1,10,1,3,3,0.5316,5.9,1,0,3
1,9.9067,0,0,0,2,3,0.5017,5.0712,0,10,0,10,0,0.1532,112.2,0,0,3
3,-5.2937,0,0,0,2,3,0.8,1.0002,2,13,2,13,6,0.3122,6.88,0,0,0
2,2.3095,0,0,1,2,2,0.6069,1.028,1,10,1,9,2,0.0005,7.54,0,1,0
1,1.5461,0,0,0,2,3,0.5025,5.0706,0,10,0,1,0,0.1527,112.19,0,0,3
3,-1.5657,0,0,1,2,2,0.7983,7.0873,3,4,0,-12,9,0.5675,161.29,0,0,0
2,-5.2937,0,0,1,2,1,0.6069,0.9347,2,10,2,5,4,0.0005,5.31,0,0,0
2,-10.2377,0,0,1,2,2,0.7102,8.4516,1,10,0,-6,2,0.1201,185.71,0,1,1
3,-13.744,0,0,0,2,3,0.7556,11.261,2,10,2,1,6,0.6319,240.0,0,0,0
3,0.0,1,0,1,2,1,0.7667,1.0876,2,10,3,8,6,0.3452,8.97,0,2,1
2,4.5877,0,0,0,2,3,0.6236,0.798,1,10,1,7,2,0.0005,9.65,0,0,1
2,-3.7969,0,0,0,2,3,0.6213,1.1729,1,10,1,10,2,0.0048,18.65,0,0,1
3,-5.2937,0,1,1,2,2,0.6713,1.1707,1,10,0,-3,3,0.3991,10.97,0,0,0
3,0.0,1,0,1,2,2,0.7481,0.5847,0,10,1,6,0,0.4494,4.53,0,0,0
3,3.2572,0,0,1,2,2,0.8,0.9769,1,10,0,3,3,0.3107,6.32,0,0,0
3,0.0,1,0,0,2,3,0.6956,0.7365,1,10,0,-2,3,0.6603,8.17,0,1,1
3,-2.3598,0,0,1,2,2,0.6509,0.6234,1,10,1,9,3,0.5047,5.46,0,0,0
2,-5.2937,0,0,0,2,3,0.6389,0.9849,1,10,1,10,2,0.0005,6.51,0,0,0
2,12.4323,0,0,1,2,1,0.6407,0.9642,1,10,1,10,2,0.0005,6.01,0,0,0
2,0.7943,0,0,1,2,1,0.6185,6.4651,0,10,0,-4,0,0.001,138.04,0,0,1
3,-0.9894,0,0,0,2,3,0.7565,0.5816,1,10,1,7,3,0.4446,4.45,0,1,0
3,-3.1947,0,0,1,2,1,0.7978,0.6979,1,10,1,5,3,0.6118,7.24,0,0,0
3,9.9067,0,0,1,2,2,0.7842,0.8049,2,10,1,6,6,0.7352,9.81,0,0,2
2,-3.1947,0,0,1,2,1,0.6017,4.3791,1,10,1,5,2,0.439,95.6,0,1,1
2,-1.2761,0,0,0,1,2,0.6,1.1449,1,17,1,16,2,0.0174,11.14,0,0,2
2,-0.9645,0,0,0,2,3,0.6176,0.8042,1,10,1,7,2,0.0005,9.8,0,0,2
2,-3.7969,0,0,1,2,2,0.6122,0.8958,2,10,1,-6,4,0.0755,11.99,0,1,1
3,-0.6347,0,0,1,1,1,0.7422,0.6547,1,11,1,3,3,0.5496,6.21,0,0,0
2,0.0,1,0,0,2,3,0.6069,0.9472,1,10,1,-2,2,0.0005,5.61,0,0,0
2,15.5422,0,0,1,2,2,0.6074,0.8647,0,10,0,9,0,0.0591,11.25,0,0,0
3,-0.6427,0,0,0,1,2,0.8,0.9236,3,11,2,10,9,0.3086,5.04,0,0,0
2,0.7943,0,0,0,1,2,0.6042,0.9825,0,11,0,10,0,0.0005,6.45,0,0,0
3,-5.9616,0,0,0,1,2,0.7204,1.1281,2,11,2,10,6,0.3713,9.95,0,1,0
3,-9.5951,0,0,1,3,2,0.7967,1.0212,3,0,0,-13,9,0.5565,14.95,0,1,0
3,0.0,1,0,1,1,1,0.7981,0.8777,2,11,3,6,6,0.307,3.94,0,0,0
2,-11.5387,0,0,0,1,2,0.6069,0.914,1,11,1,7,2,0.001,4.81,0,1,0
3,-0.6427,0,0,0,1,2,0.8,9.4739,2,11,1,7,6,0.31,210.25,0,0,0
2,2.3095,0,1,0,1,3,0.6435,8.3438,0,11,0,2,0,0.1122,183.12,0,0,0
3,-10.5493,1,0,0,1,2,0.7611,1.5112,2,11,1,-2,6,0.4979,19.14,0,0,0
3,-0.6347,0,0,0,1,2,0.7856,0.64,1,11,1,10,3,0.529,5.86,0,0,2
1,-0.6347,0,0,0,1,2,0.6025,2.3673,1,11,1,10,1,0.0154,47.31,0,1,2
1,-3.1947,0,0,0,1,2,0.4983,5.0841,1,11,0,-2,1,0.1554,112.52,0,1,2
3,0.0,1,1,0,1,2,0.7667,0.6465,2,11,2,1,6,0.538,6.01,0,1,0
3,13.286,0,0,1,1,1,0.7011,0.6684,0,11,0,0,0,0.5691,6.54,0,0,0
3,-2.3598,0,0,0,1,2,0.6213,0.5615,1,11,1,1,3,0.4156,3.97,0,0,2
3,2.3095,0,0,1,1,1,0.6926,1.1522,1,11,1,9,3,0.387,10.53,0,1,0
3,-3.1947,0,0,1,1,1,0.7733,0.7756,1,11,1,0,3,0.7025,9.11,0,0,1
3,0.0,1,0,1,2,2,0.7883,0.9187,0,4,0,-3,0,0.5542,9.31,0,0,1
3,-2.3598,0,0,1,1,1,0.6333,0.6299,1,11,0,0,3,0.5148,5.61,0,0,0
3,-11.184,0,0,1,3,2,0.7778,11.1225,3,6,2,-7,9,0.4325,240.0,0,2,2
1,-3.1947,0,0,1,3,2,0.4958,3.832,1,6,1,5,1,0.0048,82.47,0,1,1
3,10.5493,1,0,1,3,3,0.687,0.6087,1,6,1,-3,3,0.4842,5.11,0,1,2
3,-0.6427,0,0,1,3,2,0.7467,6.1451,3,6,2,5,9,0.5306,130.35,0,0,0
2,-0.9463,0,0,1,3,1,0.5389,3.4274,1,9,1,7,2,0.2729,65.92,0,0,1
3,-11.184,0,0,1,3,2,0.7733,2.6699,2,6,0,-1,6,0.5601,46.95,0,0,1
1,-3.1947,0,1,1,3,1,0.5133,4.993,1,6,0,-2,1,0.1452,110.33,0,1,2
3,-9.9624,0,0,1,3,2,0.7889,10.7289,2,6,1,-1,6,0.3928,240.0,0,0,1
3,-11.5387,0,0,0,2,3,0.713,1.4302,3,7,2,1,9,0.4691,17.2,0,2,0
3,-0.6427,0,0,0,2,3,0.8009,1.0321,2,7,3,1,6,0.3138,7.64,0,1,0
2,5.0371,0,0,1,2,2,0.6069,1.0374,0,7,0,7,0,0.0005,7.77,0,0,0
3,10.8956,0,0,0,2,3,0.7575,0.8186,0,7,0,7,0,0.7495,10.14,0,0,1
3,3.2572,0,0,1,2,2,0.7602,1.0934,1,7,2,0,3,0.3488,9.12,0,0,0
3,-3.1947,0,0,0,2,3,0.6806,0.6115,1,7,0,-5,3,0.4879,5.17,0,0,1
3,-11.5138,0,0,0,2,3,0.6231,1.0481,2,7,2,7,6,0.3196,8.03,0,1,1
1,-14.3462,0,0,1,2,1,0.5639,8.9159,2,7,2,2,2,0.0016,196.86,0,0,1
3,-0.6347,0,0,0,2,3,0.7575,0.7855,1,7,0,-2,3,0.7126,9.35,0,0,2
2,-5.2937,0,0,1,2,2,0.6042,0.9917,2,7,0,-9,4,0.0005,6.67,0,0,0
3,-12.8588,0,0,0,1,2,0.79,3.7859,3,2,1,-2,9,0.4843,79.84,0,1,0
3,-9.0033,0,0,0,2,3,0.7392,11.3441,2,7,1,7,6,0.7242,240.0,0,1,0
2,1.5657,0,0,1,2,2,0.72,5.0113,1,10,1,6,2,0.0021,111.94,0,0,1
3,-10.2377,0,0,1,2,2,0.7519,9.6756,2,7,1,6,6,0.3484,215.09,0,0,0
2,-0.9645,0,0,0,2,3,0.6156,0.7769,1,7,1,7,2,0.0005,9.14,0,1,1
2,-0.9645,0,0,1,2,2,0.5926,0.8593,2,7,2,6,4,0.0512,11.12,0,1,2
2,-2.3598,0,0,1,2,2,0.6167,0.7337,1,7,1,6,2,0.0005,8.11,0,0,1
2,-0.6347,0,0,1,2,2,0.6093,0.8899,1,7,0,0,2,0.0718,11.85,0,0,2
3,-5.2937,0,0,0,2,3,0.6222,1.049,1,7,0,-8,3,0.3201,8.05,0,0,0
3,-3.1947,0,0,1,2,2,0.6878,0.6724,2,7,1,3,6,0.5754,6.63,0,0,2
3,2.3095,0,0,0,1,2,0.7037,1.1425,2,14,2,7,6,0.3808,10.29,0,1,0
2,17.2638,0,0,1,3,1,0.6352,1.9849,0,3,0,-2,0,0.2171,38.13,0,0,1
2,-3.1947,0,0,0,1,3,0.6231,0.7814,2,8,1,-4,4,0.0005,9.25,0,0,1
2,12.8588,0,0,0,1,2,0.6176,0.8141,0,8,0,7,0,0.0005,10.03,0,0,0
3,0.0,1,0,0,1,3,0.7731,1.082,0,8,0,-4,0,0.3415,8.84,0,0,0
3,0.3116,0,0,0,1,3,0.6194,0.5623,0,8,0,-7,0,0.4167,3.99,0,0,1
3,-0.9645,0,0,1,1,1,0.7775,0.8088,2,8,1,0,6,0.7389,9.91,0,0,1
3,0.6427,0,0,1,3,2,0.7889,0.9328,2,3,0,-10,6,0.523,12.83,0,1,0
3,2.3095,0,0,0,1,2,0.7454,1.1063,2,8,2,4,6,0.3572,9.42,0,0,0
2,16.2744,0,0,0,1,2,0.6244,4.2675,1,8,0,-2,2,0.3692,92.92,0,1,3
2,-2.3598,0,0,1,1,1,0.5296,2.0644,2,8,1,-3,4,0.2037,40.04,0,2,0
2,-11.5387,0,0,0,1,3,0.6222,10.7274,1,8,1,2,2,0.0005,240.0,0,0,0
3,-14.3462,0,0,0,1,2,0.7808,12.3522,2,8,1,4,6,0.8092,240.0,0,0,0
3,-0.9645,0,0,0,1,2,0.7433,0.793,2,8,2,1,6,0.7215,9.53,0,1,0
3,-4.3024,0,0,1,2,2,0.7667,5.808,3,1,1,0,9,0.4953,130.59,0,1,0
2,0.0,1,0,1,3,2,0.6467,0.8827,0,0,0,-10,0,0.0686,11.68,0,0,1
3,0.0248,0,0,1,3,3,0.6417,0.7649,0,0,0,-3,0,0.7869,8.85,0,0,1
3,0.5869,0,0,1,3,1,0.7878,0.6392,1,0,0,-5,3,0.528,5.84,0,0,1
2,-14.3462,0,0,1,3,3,0.5944,14.7422,2,0,0,-12,4,0.3283,240.0,0,1,1
3,-0.9894,0,0,1,3,3,0.71,0.6653,2,0,0,-6,6,0.5649,6.46,0,0,0
2,0.7943,0,0,1,3,3,0.6069,0.9793,0,0,0,-6,0,0.0005,6.38,0,0,0
2,-0.6347,0,0,1,3,3,0.5847,0.8375,1,0,0,-9,2,0.0232,10.6,0,0,1
2,-8.3846,0,0,1,1,1,0.7208,1.5139,2,2,0,-3,4,0.085,26.74,0,2,2
2,0.3116,0,0,1,3,2,0.6037,0.8679,1,0,0,-13,2,0.0607,11.33,0,0,1
3,-10.5493,1,0,1,3,1,0.8009,1.1901,2,0,0,-11,6,0.4116,11.44,0,1,0
2,0.5869,0,0,1,3,1,0.6156,0.7444,1,0,0,-5,2,0.0005,8.36,0,0,2
2,-11.184,0,0,1,3,1,0.6407,4.2592,2,0,0,-5,4,0.0021,85.1,0,1,1
2,10.5493,1,0,1,3,2,0.6111,0.8972,0,0,0,-13,0,0.076,12.03,0,0,1
3,-5.2937,0,0,1,3,2,0.6963,1.1489,2,0,0,-10,6,0.3849,10.45,0,0,0
3,5.2556,0,0,1,3,2,0.7475,0.7908,1,0,0,-1,3,0.7189,9.47,0,1,1
3,-1.7357,0,1,1,2,2,0.7592,9.7894,3,7,1,0,9,0.5596,224.12,0,0,0
2,2.3095,0,0,1,3,2,0.76,4.9359,0,0,0,-7,0,0.0063,101.34,0,0,1
3,4.5877,0,0,1,3,3,0.7133,0.7298,0,0,0,-3,0,0.6519,8.01,0,0,1
3,-5.2937,0,0,0,2,3,0.8,0.8686,3,1,1,1,9,0.307,3.72,0,0,0
3,0.5869,0,0,1,2,2,0.7683,0.7789,0,1,0,0,0,0.7057,9.19,1,0,1
2,2.3095,0,0,1,2,2,0.6042,0.9787,1,10,1,9,2,0.0005,6.36,0,0,0
3,-3.1947,0,0,1,2,2,0.6522,0.6845,1,1,0,-12,3,0.5923,6.92,0,0,2
3,-10.5493,1,0,1,2,2,0.7991,0.9663,3,1,0,-12,9,0.3101,6.06,0,1,0
3,-0.6347,0,0,1,2,2,0.7648,0.578,2,1,0,-3,6,0.4399,4.37,0,0,1
3,-4.5359,0,0,1,2,2,0.7878,1.5772,1,1,1,1,3,0.5235,20.73,0,1,0
3,-0.6427,0,0,0,2,3,0.7333,1.1168,3,1,1,1,9,0.364,9.68,0,2,1
1,4.5877,0,0,1,2,1,0.5158,5.2805,0,1,0,-4,0,0.1699,117.23,0,0,2
3,-13.744,0,0,1,2,2,0.8033,10.7235,1,1,0,0,3,0.3923,240.0,0,0,1
3,-2.3598,0,0,1,2,2,0.7602,0.5801,2,1,0,-9,6,0.4425,4.42,0,1,1
3,10.7567,0,0,1,3,1,0.8009,0.9374,1,6,1,-5,3,0.3761,12.55,0,0,0
3,-11.5387,0,0,1,2,2,0.7267,6.6362,2,1,0,-3,6,0.5744,142.14,0,1,1
3,0.0,1,0,1,2,2,0.7392,0.7957,1,1,0,-9,3,0.7242,9.59,0,0,1
3,0.0,1,0,1,2,1,0.7056,1.4382,2,1,0,-13,6,0.4728,17.39,0,0,0
3,4.9929,0,0,1,2,2,0.7992,1.0102,1,1,1,0,3,0.3128,7.12,0,0,0
2,0.0,1,0,1,2,1,0.6042,0.9327,1,1,1,-13,2,0.0005,5.26,0,1,0
1,18.373,0,0,1,2,2,0.5093,3.8422,0,1,0,-9,0,0.0059,82.71,0,0,2
3,-0.9645,0,0,1,2,1,0.7093,0.6,2,1,0,-4,6,0.4715,4.9,0,1,1
3,4.3024,0,0,0,2,3,0.7992,0.9315,1,1,0,-2,3,0.3081,5.23,0,1,0
2,-14.8517,0,0,1,2,2,0.7556,4.9391,2,7,1,0,4,0.0428,109.73,0,0,0
3,13.286,0,0,1,2,1,0.7458,0.7916,0,1,0,-16,0,0.7199,9.49,0,0,0
3,1.7787,0,0,1,2,2,0.7256,0.6599,1,1,0,-9,3,0.5575,6.33,0,1,3
3,0.0,1,0,1,2,2,0.795,6.5427,1,1,1,-12,3,0.5335,139.9,0,1,1
3,-0.6347,0,0,1,2,1,0.7704,0.5761,1,1,0,-4,3,0.4367,4.32,0,0,1
3,-11.184,0,0,1,2,2,0.7611,1.0923,3,1,1,-12,9,0.3483,9.09,0,2,0
2,-2.8075,0,0,1,1,1,0.6231,1.1105,1,2,0,-12,2,0.2479,17.14,0,0,2
3,-5.2937,0,0,1,2,1,0.7287,1.1209,2,1,1,-1,6,0.3666,9.78,0,1,0
2,-12.9091,0,0,0,2,3,0.5764,12.4691,2,1,0,-2,4,0.0239,240.0,0,2,1
3,-6.245,0,0,1,2,2,0.7817,0.9018,3,7,1,6,9,0.5485,8.9,0,1,0
2,-0.466,0,0,1,2,2,0.6056,4.5382,2,1,1,1,4,0.0005,91.79,0,2,0
3,4.9929,0,0,1,2,1,0.6611,1.1796,2,1,0,-10,6,0.4048,11.18,0,0,0
2,-2.3598,0,0,1,2,2,0.6044,0.9373,1,1,0,0,2,0.0723,12.99,0,0,2
2,-0.6347,0,0,0,1,3,0.6042,0.8262,2,2,0,-13,4,0.0079,10.33,0,1,0
2,12.8588,0,0,0,1,3,0.61,0.8979,1,2,0,2,2,0.076,12.04,0,1,2
3,3.2572,0,0,0,1,2,0.6898,1.1547,1,2,0,-5,3,0.3886,10.59,0,1,0
3,27.0318,0,0,1,1,1,0.74,0.7172,0,2,0,2,0,0.6392,7.71,0,0,0
3,12.8588,0,0,0,2,3,0.7528,0.5827,0,10,0,10,0,0.4467,4.48,0,0,2
3,-3.1947,0,0,0,1,2,0.6933,0.7378,1,2,0,-11,3,0.6614,8.2,0,0,0
3,-3.1947,0,0,0,1,2,0.7089,0.7317,1,2,0,-8,3,0.654,8.06,0,0,0
3,2.7367,0,0,0,1,3,0.7989,0.9221,1,2,0,2,3,0.3086,5.0,0,0,0
3,2.3095,0,0,0,1,3,0.7992,0.9561,0,2,0,-4,0,0.3096,5.82,0,0,0
3,10.5493,1,0,0,1,2,0.7608,0.8174,2,2,0,-11,6,0.7474,10.11,0,0,0
3,-0.6347,0,0,0,1,2,0.7222,0.7258,1,2,0,-8,3,0.6477,7.91,0,0,0
3,0.0,1,0,0,1,3,0.6435,0.6261,1,2,0,-7,3,0.509,5.52,0,0,0
3,-3.1947,0,0,0,1,2,0.7958,0.7617,1,2,0,-2,3,0.6888,8.78,0,0,0
1,-0.2042,0,0,1,1,1,0.5111,3.9041,2,2,2,2,2,0.007,84.19,0,2,1
3,4.3024,0,0,0,1,2,0.8009,0.9891,1,2,0,1,3,0.3117,6.61,0,0,0
3,-2.3598,0,0,0,1,3,0.7074,0.6009,2,2,0,-1,6,0.4726,4.92,0,0,0
2,-1.4371,0,0,0,1,3,0.5991,0.8177,1,11,1,11,2,0.3014,9.94,0,0,1
2,-1.7251,0,0,1,3,1,0.6211,0.8615,1,0,0,-2,2,0.0255,9.46,0,0,2
3,2.3095,0,0,1,1,1,0.8009,0.9065,1,14,1,12,3,0.3075,4.63,0,0,0
2,-5.6356,0,0,1,1,1,0.6361,6.8973,2,11,2,9,4,0.0026,154.71,0,0,0
3,1.437,0,0,1,2,2,0.7861,0.6668,2,1,0,-3,6,0.4278,6.45,0,0,0
3,0.6427,0,0,0,1,2,0.7463,0.7403,1,8,0,-2,3,0.4503,8.21,0,1,0
3,0.0,1,0,1,1,1,0.7867,0.9346,1,2,1,-6,3,0.5241,12.87,0,1,0
3,-7.6032,0,0,1,3,1,0.8,3.7268,2,3,1,1,6,0.4644,78.42,0,1,0
3,0.0,1,0,1,3,2,0.7991,0.9738,1,3,2,-7,3,0.3101,6.25,0,1,0
3,-14.2648,0,1,1,2,1,0.7222,5.7196,3,1,0,-1,9,0.4639,128.47,0,0,0
3,-11.184,0,0,1,1,1,0.7769,1.0788,1,2,0,-3,3,0.3394,8.77,0,0,0
3,3.2572,0,0,1,2,2,0.8,0.9479,1,7,0,6,3,0.3091,5.62,0,0,0
3,-4.651,0,0,1,2,2,0.7204,0.7788,2,7,1,3,6,0.465,9.13,0,0,0
3,-5.2937,0,0,1,1,1,0.8,0.9332,3,8,2,3,9,0.3081,5.27,0,1,0
3,-1.8142,0,0,1,1,1,0.7458,0.8974,1,5,1,5,3,0.5637,5.87,0,1,0
2,-10.7567,0,0,0,1,2,0.5917,0.9822,1,2,1,1,2,0.0496,7.91,0,0,0
3,3.2572,0,0,1,3,2,0.6454,0.9051,2,3,0,-4,6,0.307,4.6,0,0,0
2,1.4227,0,0,1,3,1,0.713,4.5747,1,0,0,-5,2,0.1054,100.99,1,1,0
3,3.2572,0,0,0,2,3,0.7787,1.077,3,4,1,-2,9,0.3384,8.72,0,1,0
3,2.4629,0,0,1,3,2,0.7958,0.7937,3,3,1,-4,9,0.4943,3.38,0,1,0
3,-11.184,0,0,0,2,3,0.7843,1.0722,3,13,1,-2,9,0.3353,8.61,0,1,0
2,0.0,1,1,0,1,3,0.5889,0.9479,0,11,1,2,0,0.0266,7.08,0,0,0
2,-15.1405,0,0,1,3,2,0.6472,1.6904,2,3,1,-10,4,0.0005,24.9,0,2,0
3,-11.9783,0,0,0,2,3,0.73,0.7861,2,1,0,-11,6,0.489,3.2,0,1,0
3,-0.9591,0,0,1,2,1,0.7796,0.8437,2,10,2,5,6,0.4267,6.88,0,0,1
2,-9.3197,0,0,0,1,3,0.762,9.9608,1,2,0,-4,2,0.0068,229.5,0,0,3
3,0.7943,0,0,1,1,1,0.7991,1.0012,2,5,0,3,6,0.3122,6.9,0,2,0
2,-0.6022,0,0,1,3,3,0.6067,1.0874,1,9,1,3,2,0.3772,7.62,0,0,0
3,-8.4503,0,0,1,3,1,0.8022,5.5972,3,3,3,1,9,0.3776,121.59,0,1,0
2,1.5152,0,0,1,3,1,0.7065,1.0516,1,9,1,1,2,0.0945,9.57,0,1,0
2,-12.3081,0,0,1,3,3,0.5903,7.6157,1,9,1,6,2,0.0314,167.11,0,0,1
3,3.5081,0,0,1,3,3,0.77,0.8754,2,9,2,0,6,0.5485,5.34,0,1,0
2,-9.7976,0,0,1,3,3,0.5889,0.9149,1,9,0,0,2,0.0047,6.29,0,0,0
3,-6.7559,0,0,1,3,2,0.7725,4.6535,2,9,2,8,6,0.5748,96.02,0,0,1
2,-0.4272,0,1,1,3,2,0.5528,2.9469,2,0,0,-1,4,0.0642,62.4,0,1,0
2,8.4503,0,0,1,3,2,0.61,1.0845,0,9,0,5,0,0.3756,7.55,0,0,1
2,1.9424,0,0,1,3,3,0.7233,1.0867,1,9,1,9,2,0.1216,10.41,0,0,1
3,-10.7567,0,0,1,3,3,0.77,10.7003,2,9,1,3,6,0.4798,240.0,0,0,0
3,-6.088,0,0,1,3,2,0.7742,5.2321,1,9,2,5,3,0.5622,109.9,0,0,1
2,3.5081,0,1,1,3,2,0.7908,1.5906,1,9,1,8,2,0.0094,22.51,0,1,1
2,-3.5081,0,1,0,1,2,0.6398,5.2679,1,2,0,-8,2,0.0005,117.62,0,0,0
2,-0.6022,0,0,1,3,2,0.6375,1.0078,1,9,1,5,2,0.3315,5.71,0,1,1
2,-6.088,0,0,1,3,1,0.5981,8.383,2,9,1,1,4,0.0891,185.52,0,1,0
3,-11.9783,0,0,1,3,2,0.7311,0.7856,3,9,3,2,9,0.4885,3.19,0,2,0
1,0.2753,0,0,1,2,2,0.5231,4.2214,0,16,0,12,0,0.007,84.98,0,0,1
2,2.56,0,0,1,3,2,0.6267,1.0698,0,9,0,2,0,0.3681,7.2,0,0,1
3,0.0,1,0,1,2,1,0.7708,0.8746,1,10,2,5,3,0.548,5.32,0,1,0
3,-11.032,0,0,0,2,3,0.7602,2.1487,3,10,3,1,9,0.4425,35.9,0,1,0
3,2.7367,0,0,0,1,2,0.8,1.0191,1,8,1,1,3,0.3128,7.33,0,1,0
3,-11.032,0,0,1,2,2,0.7942,0.7954,3,10,2,-3,9,0.4953,3.42,0,1,0
1,22.2348,0,1,0,2,3,0.5222,1.5227,0,10,0,-2,0,0.0414,18.07,0,0,1
2,2.4629,0,0,1,2,2,0.7028,1.0546,1,10,1,9,2,0.0966,9.64,0,0,0
3,-6.088,0,0,1,2,2,0.7975,2.518,3,10,2,0,9,0.5622,44.77,0,0,0
3,-5.2937,0,0,1,2,2,0.7989,0.9706,2,13,2,9,6,0.3101,6.17,0,1,0
2,13.744,0,0,1,2,2,0.53,1.0556,0,10,0,0,0,0.3589,6.86,0,0,1
3,4.1986,0,0,1,2,1,0.7558,0.8311,2,10,2,-4,6,0.5183,4.28,0,0,0
3,5.2947,0,0,0,2,3,0.7892,0.8579,1,10,1,10,3,0.5365,4.92,0,1,0
2,14.5383,1,0,1,2,1,0.5867,1.1026,1,10,1,5,2,0.3869,7.98,0,1,2
2,14.5383,1,1,0,2,3,0.5289,1.0566,0,10,0,1,0,0.3595,6.88,0,0,1
3,3.5081,0,1,0,2,3,0.7942,0.8532,1,10,0,10,3,0.5334,4.81,0,0,0
2,1.8881,0,0,0,2,3,0.5681,0.9958,0,10,0,10,0,0.0585,8.23,0,0,0
2,2.4629,0,1,1,2,2,0.6296,1.0133,1,10,1,3,2,0.0705,8.65,0,1,0
3,1.9424,0,0,1,2,2,0.7542,0.8898,2,10,2,6,6,0.5585,5.69,0,1,0
2,-0.6022,0,0,1,2,2,0.5678,1.027,1,10,1,6,2,0.3407,6.17,0,0,2
3,-12.3081,0,0,1,2,2,0.8,6.629,2,10,2,6,6,0.444,143.43,0,0,1
2,16.0535,0,0,1,2,2,0.5731,0.9026,0,10,0,9,0,0.2916,3.18,0,0,1
3,-9.7976,0,0,1,2,2,0.7767,0.8695,2,10,2,6,6,0.5444,5.2,0,0,0
1,18.7369,0,1,1,2,1,0.5125,0.9342,0,10,0,2,0,0.0005,3.94,0,0,1
2,-0.6022,0,0,1,2,1,0.6289,0.964,1,10,0,-7,2,0.3122,4.66,0,0,3
2,13.1013,0,0,1,2,2,0.5922,1.001,0,10,0,6,0,0.3294,5.55,0,0,1
3,-6.088,0,0,1,2,2,0.6444,2.0611,3,10,2,0,9,0.4142,33.8,0,0,0
2,17.0012,0,1,1,2,2,0.6075,1.1789,0,10,0,3,0,0.4352,9.82,0,0,2
2,-1.4371,0,0,1,2,2,0.63,0.9412,1,4,2,3,2,0.3608,12.9,0,0,3
3,-12.333,0,1,1,2,2,0.7625,0.8822,2,10,1,3,6,0.5532,5.5,0,0,0
1,3.1947,0,0,0,2,3,0.5125,0.9727,0,10,0,1,0,0.0005,4.87,0,0,2
2,16.0535,0,0,1,2,2,0.6375,0.919,0,10,0,6,0,0.2965,3.58,0,0,2
2,-14.5383,1,1,1,2,2,0.5431,1.0098,1,10,0,0,2,0.0678,8.57,0,0,0
1,17.0012,0,0,1,2,1,0.5225,2.0161,0,10,0,5,0,0.1651,29.91,0,0,2
3,-9.5951,0,1,0,2,3,0.7259,0.7714,2,1,1,1,6,0.4618,8.96,0,0,1
3,4.1986,0,0,0,2,3,0.7542,6.1458,2,10,2,1,6,0.5471,131.83,0,0,0
2,7.0294,0,0,1,2,1,0.5528,0.9686,0,10,0,5,0,0.0402,7.58,0,0,0
2,0.0,1,0,1,2,1,0.6981,1.0585,3,10,1,-4,6,0.0992,9.74,0,2,0
2,-12.3081,0,1,1,2,1,0.612,4.4279,1,10,1,8,2,0.0005,90.6,0,0,0
2,-13.7034,0,0,1,2,1,0.6,1.0395,2,10,1,-1,4,0.0872,9.28,0,2,0
2,7.6965,0,0,1,2,2,0.7102,1.0486,1,10,1,6,2,0.0924,9.5,0,1,0
2,1.5152,0,0,1,2,2,0.6139,12.1936,1,10,1,9,2,0.0385,240.0,0,0,1
2,-0.6022,0,0,1,2,2,0.5656,1.0288,2,10,1,0,4,0.3418,6.21,0,1,2
2,-0.6022,0,0,1,2,2,0.6256,1.0719,1,10,0,-6,2,0.3686,7.25,0,0,0
1,21.5677,0,1,1,2,2,0.5211,1.6446,0,10,0,9,0,0.1215,20.99,0,0,3
3,-0.7943,0,0,1,2,2,0.7383,0.9043,2,10,2,9,6,0.5684,6.04,0,1,0
3,2.9522,0,0,0,2,3,0.7093,0.791,1,4,1,4,3,0.4707,9.43,0,1,0
2,1.5152,0,0,1,2,2,0.6917,1.0637,2,10,1,9,4,0.1028,9.86,0,0,0
2,23.4279,0,0,1,2,2,0.6378,1.0612,0,10,0,10,0,0.3627,6.99,0,0,1
2,16.4926,0,0,1,3,2,0.5806,0.9864,0,0,0,0,0,0.0633,7.78,0,0,0
3,1.9424,0,0,1,2,2,0.7492,0.8943,0,10,0,9,0,0.5616,5.8,0,0,0
3,-9.9067,0,1,1,2,2,0.7689,0.9524,1,7,0,-6,3,0.5319,13.3,0,0,0
2,3.7816,0,0,1,2,2,0.5244,1.0595,0,10,0,3,0,0.3616,6.95,0,0,3
3,-3.7849,0,0,1,2,1,0.6533,12.0275,1,10,1,10,3,0.5918,240.0,0,1,1
1,16.4807,0,1,1,2,2,0.5183,2.0653,0,10,0,0,0,0.1677,31.09,0,0,2
2,4.1986,0,0,1,2,2,0.5417,1.0105,1,10,1,0,2,0.0684,8.58,0,1,0
2,-12.3081,0,1,1,1,1,0.5861,0.9495,2,11,2,9,4,0.0277,7.12,0,1,0
3,-1.437,0,1,0,1,2,0.7322,0.7848,2,11,2,10,6,0.488,3.17,0,0,0
2,16.0535,0,0,1,1,1,0.5824,0.8934,1,11,1,0,2,0.2868,2.96,0,1,1
2,-6.7559,0,0,0,1,2,0.7222,6.2642,2,11,2,10,4,0.0089,134.67,0,1,2
2,-6.088,0,1,0,1,2,0.5986,0.9097,1,11,1,10,2,0.001,6.17,0,0,0
3,-12.333,0,0,0,1,3,0.7875,0.8594,2,11,1,11,6,0.5376,4.96,0,0,0
2,8.0793,0,0,0,1,2,0.5833,0.9867,1,11,0,11,2,0.0527,8.01,0,1,0
3,2.4629,0,0,0,1,3,0.7883,0.8586,0,11,0,8,0,0.5371,4.94,0,0,0
2,-11.3436,0,0,1,1,1,0.738,6.6062,1,11,0,-3,2,0.0016,142.88,0,0,1
2,-11.032,0,0,1,1,1,0.7156,1.0776,3,11,3,3,6,0.1148,10.2,0,1,0
2,2.2301,0,0,0,1,3,0.5433,1.045,0,11,0,5,0,0.3525,6.6,0,0,2
2,-0.6022,0,0,0,1,2,0.5489,1.1301,1,11,1,7,2,0.4046,8.64,0,0,1
2,-0.6022,0,1,1,1,1,0.5787,0.8971,1,11,1,9,2,0.2884,3.05,0,0,0
3,-11.9783,0,1,0,1,3,0.765,0.88,2,11,2,2,6,0.5517,5.45,0,0,0
3,5.5522,0,0,1,2,2,0.7167,0.8908,2,1,0,0,6,0.8496,5.49,0,2,1
2,-12.3081,0,0,0,1,3,0.5875,0.916,2,2,1,2,4,0.0052,6.32,0,0,0
2,8.4503,0,0,1,1,1,0.6375,0.9265,0,11,0,6,0,0.2991,3.76,0,0,2
2,2.4629,0,0,0,1,3,0.612,3.6118,1,11,0,11,2,0.001,71.02,0,0,0
2,-4.5877,0,1,1,3,2,0.7217,1.5449,1,0,0,-4,2,0.0855,27.49,0,0,2
2,3.5063,0,0,0,1,2,0.6367,0.8714,0,11,0,-5,0,0.2825,2.44,0,0,2
1,1.9424,0,0,1,1,1,0.5806,1.4789,0,11,0,9,0,0.0005,19.83,0,0,1
1,0.0,1,1,0,1,2,0.5125,2.1047,0,11,1,1,0,0.1715,32.03,0,0,2
3,28.2042,0,0,0,1,3,0.7467,0.9648,0,5,0,5,0,0.5475,6.82,0,0,1
2,-0.7943,0,0,0,1,2,0.6028,1.0371,1,11,1,1,2,0.0856,9.22,0,0,0
2,17.0012,0,1,1,1,1,0.6008,1.1848,0,11,0,3,0,0.4395,9.96,0,0,2
3,2.4629,0,1,0,1,3,0.7458,0.8405,1,11,0,5,3,0.5245,4.5,0,0,0
3,-0.7943,0,0,0,1,2,0.7963,2.0879,2,11,2,4,6,0.4221,34.44,0,0,0
3,-7.6155,0,0,0,1,2,0.7378,0.7493,3,2,0,-2,9,0.4948,5.24,0,1,1
2,2.56,0,0,0,1,3,0.6342,1.1523,1,11,1,11,2,0.4181,9.18,0,1,2
2,16.0535,0,0,0,1,2,0.6289,1.0679,1,11,1,7,2,0.367,7.15,0,1,2
3,-14.5383,1,1,1,1,1,0.8022,11.6603,3,11,2,0,9,0.3797,240.0,0,1,1
1,17.0012,0,0,1,1,1,0.5185,1.6043,0,11,0,9,0,0.0941,20.03,0,0,2
2,2.2053,0,0,1,3,2,0.5878,1.1014,0,3,0,-4,0,0.3864,7.96,0,0,1
2,-6.245,0,0,0,2,3,0.6125,0.792,1,13,1,7,2,0.0005,6.27,0,0,0
3,-11.3436,0,0,1,3,1,0.7608,3.5753,4,3,1,-8,12,0.5654,70.14,0,0,1
2,2.4629,0,0,1,3,1,0.5583,1.0012,1,3,0,-5,2,0.0621,8.36,0,0,0
2,-1.437,0,0,1,3,3,0.6472,6.459,1,3,0,-3,2,0.0047,139.35,0,0,2
3,-0.7943,0,0,1,3,3,0.8009,1.7032,2,3,0,-3,6,0.3081,25.21,0,0,0
2,-6.088,0,0,1,3,2,0.6167,11.3188,2,3,2,2,4,0.0137,240.0,0,1,1
2,22.2348,0,1,1,3,1,0.5867,1.3894,0,3,0,1,0,0.5202,14.87,0,0,1
2,2.2053,0,0,1,3,2,0.5975,1.1882,0,3,0,2,0,0.4417,10.04,0,0,1
2,6.6442,0,0,1,3,2,0.5422,1.1359,0,3,0,3,0,0.4078,8.78,0,0,2
2,0.0,1,0,1,3,3,0.6311,0.8836,0,3,1,3,0,0.2852,2.73,0,0,2
3,-11.9783,0,0,1,3,2,0.7983,7.2054,2,3,1,-7,6,0.5233,157.26,0,1,2
2,13.744,0,0,1,3,1,0.5344,1.1416,0,3,0,1,0,0.4116,8.92,0,0,2
2,4.9308,0,0,1,3,1,0.5847,0.9861,1,3,0,-8,2,0.0522,8.0,0,0,0
3,3.5081,0,1,1,3,2,0.7775,3.4395,1,3,0,-1,3,0.5586,66.88,0,0,1
2,0.0,1,0,1,3,3,0.6375,0.9198,0,3,0,-9,0,0.297,3.6,0,0,1
2,10.2866,0,0,1,3,2,0.6178,6.5226,0,0,0,-1,0,0.0005,143.8,0,0,2
2,-18.7369,0,0,1,3,2,0.7483,8.4468,3,6,3,5,6,0.0005,191.9,0,3,1
2,2.4629,0,0,1,3,1,0.7083,1.0697,2,3,1,1,4,0.108,10.01,0,1,0
2,3.5063,0,0,1,3,1,0.6283,1.1589,0,3,0,-5,0,0.4218,9.34,0,0,1
2,-8.3788,0,0,1,3,3,0.6481,1.6334,1,3,1,3,2,0.0031,23.54,0,1,0
2,8.9594,0,1,1,3,2,0.5767,1.1111,0,3,0,3,0,0.3917,8.19,0,0,1
2,-0.6022,0,0,1,3,3,0.6111,1.0835,1,3,1,3,2,0.3751,7.53,0,0,1
2,22.2348,0,1,1,3,1,0.595,1.1914,0,3,0,1,0,0.4433,10.12,0,0,2
2,-11.032,0,0,1,3,3,0.5667,0.9602,2,3,1,0,4,0.035,7.38,0,0,0
2,-0.6022,0,1,1,3,3,0.57,1.0252,1,3,0,0,2,0.3396,6.13,0,1,1
3,-11.184,0,0,0,2,3,0.7992,6.6443,3,10,3,1,9,0.577,142.34,0,1,0
2,-9.5649,0,0,1,3,2,0.6657,8.6276,2,3,1,2,4,0.1017,191.39,0,2,1
1,20.3962,0,0,1,3,1,0.525,0.9623,0,3,0,3,0,0.0005,4.62,0,0,1
2,13.1013,0,0,1,3,1,0.6125,1.173,1,3,0,-5,2,0.432,9.67,0,1,2
2,3.5063,0,0,1,3,2,0.5467,1.1321,0,3,0,-10,0,0.4057,8.69,0,0,2
2,-12.2605,0,0,1,3,3,0.6981,5.8401,2,6,1,0,4,0.0026,131.13,0,1,0
2,-0.7943,0,0,1,2,2,0.6269,1.0164,1,4,0,0,2,0.072,8.73,0,0,0
2,22.2348,0,0,1,2,2,0.5333,1.1424,0,4,0,-9,0,0.4116,8.94,0,0,2
2,-0.6022,0,0,0,2,3,0.6375,1.0087,1,4,0,-11,2,0.3315,5.73,0,0,2
2,0.9645,0,0,0,2,3,0.5407,1.095,0,1,0,-11,0,0.1973,10.39,0,0,0
2,-0.6022,0,0,1,2,1,0.588,0.8798,1,4,0,-4,2,0.2841,2.64,0,0,1
3,1.9424,0,1,1,2,2,0.7842,4.5096,2,4,2,3,6,0.5717,92.56,0,0,0
3,1.5152,0,1,1,2,1,0.7725,0.8731,1,4,0,2,3,0.547,5.29,0,1,0
2,-9.7976,0,0,1,2,2,0.5935,1.0446,2,4,0,0,4,0.0908,9.4,0,1,0
3,1.5152,0,0,0,2,3,0.775,0.871,0,4,0,-2,0,0.5454,5.24,0,0,0
1,0.0,1,0,0,2,3,0.5398,0.9925,0,4,0,-5,0,0.0005,5.34,0,0,2
2,2.2301,0,0,1,2,1,0.5833,1.2038,0,4,0,-1,0,0.4508,10.41,0,0,1
1,21.5677,0,1,1,2,2,0.5142,2.0995,0,4,0,-12,0,0.1704,31.91,0,0,2
3,1.437,0,0,1,1,1,0.7978,0.921,3,2,1,-12,9,0.5188,12.55,0,1,0
3,1.9424,0,1,1,2,2,0.7767,0.8115,1,4,0,3,3,0.5057,3.81,0,0,0
2,-12.333,0,0,0,2,3,0.5625,0.9989,2,4,1,1,4,0.0605,8.31,0,1,0
1,-0.6022,0,1,1,2,1,0.5231,0.9952,1,4,0,-1,1,0.0005,5.41,0,1,1
2,14.5383,1,1,1,2,1,0.63,1.1567,0,4,0,-1,0,0.4207,9.28,0,0,2
2,3.1947,0,0,1,2,2,0.6033,1.0892,0,4,0,-6,0,0.3788,7.66,0,0,2
2,16.4807,0,0,1,2,1,0.6375,0.9112,0,4,0,-13,0,0.2938,3.39,0,0,2
3,-11.9783,0,0,1,2,2,0.775,0.8136,3,4,0,-3,9,0.5068,3.86,0,1,0
2,-13.7034,0,0,1,2,1,0.612,4.718,2,4,1,2,4,0.0026,97.56,0,2,1
2,-12.333,0,0,1,2,2,0.6042,5.3682,2,4,0,-3,4,0.001,113.17,0,1,1
2,14.5383,1,1,0,2,3,0.5778,1.0173,0,4,0,1,0,0.3358,5.94,0,0,1
2,14.8703,0,0,1,2,1,0.5233,1.0603,0,4,0,4,0,0.3622,6.97,0,0,2
2,19.4691,0,0,1,2,2,0.55,1.0415,0,4,0,3,0,0.3493,6.52,0,0,2
2,14.5383,1,0,0,2,3,0.5844,1.0125,0,4,0,4,0,0.3326,5.82,0,0,1
2,7.7823,0,0,0,2,3,0.5875,1.2001,0,4,0,-2,0,0.4481,10.32,0,0,1
2,1.5152,0,0,1,2,1,0.6069,2.5411,0,4,0,-4,0,0.0005,45.32,0,0,0
2,1.5152,0,0,1,2,2,0.7157,1.0453,1,4,0,0,2,0.0913,9.42,0,0,0
3,-11.9783,0,0,1,2,1,0.8019,10.6151,2,4,0,-13,6,0.4146,239.1,0,2,2
1,18.2639,0,1,0,2,3,0.5306,0.9706,0,4,0,4,0,0.0005,4.82,0,0,1
2,-11.3436,0,0,1,2,1,0.7148,8.4825,2,4,0,-10,4,0.0981,187.91,0,0,1
2,1.9424,0,0,0,2,3,0.6139,1.0274,1,4,0,1,2,0.0793,8.99,0,0,0
2,7.7823,0,1,0,2,3,0.5657,0.9163,0,4,0,1,0,0.2954,3.51,0,0,1
3,-9.7976,0,1,0,2,3,0.7139,10.6833,3,4,2,-5,9,0.464,240.0,0,0,0
3,-0.7943,0,0,1,2,2,0.7991,1.6873,1,4,0,0,3,0.3065,24.83,0,0,0
3,5.9616,0,0,1,2,2,0.7325,0.6664,2,1,0,0,6,0.5718,6.4,0,1,1
3,-1.437,0,0,1,2,2,0.6315,1.8352,2,4,2,3,6,0.3149,28.38,0,0,0
3,-12.3081,0,0,0,1,2,0.8008,11.4979,3,5,2,1,9,0.3963,240.0,0,1,3
2,-0.6022,0,0,0,1,2,0.6167,0.9768,1,5,0,-2,2,0.3176,4.97,0,0,2
2,2.56,0,0,0,1,2,0.5817,1.2056,0,5,0,-5,0,0.4519,10.46,0,0,2
2,2.56,0,0,0,1,2,0.6317,1.1552,0,5,0,-5,0,0.4197,9.25,0,0,2
2,0.0,1,1,0,1,3,0.6167,1.0248,0,5,1,2,0,0.0778,8.93,0,0,0
3,1.9424,0,1,0,1,2,0.7617,0.826,2,5,1,4,6,0.5146,4.16,0,0,0
2,-14.5383,1,1,1,1,1,0.7367,1.0876,3,5,0,0,6,0.1221,10.43,0,1,1
2,-11.9783,0,0,1,1,1,0.55,0.9363,1,5,0,-3,2,0.0193,6.8,0,0,0
2,-1.437,0,0,1,1,1,0.7358,9.496,1,5,1,3,2,0.13,212.24,0,0,2
2,3.8753,0,1,0,1,2,0.5458,0.9386,0,5,0,5,0,0.0209,6.86,0,0,0
3,-13.7034,0,1,0,1,3,0.7472,10.4761,1,5,1,2,3,0.351,235.76,0,0,1
2,10.0442,0,0,1,3,3,0.6042,0.8721,1,3,0,3,2,0.0005,11.37,0,1,0
3,-8.4503,0,0,1,3,2,0.7667,5.9635,2,12,2,11,6,0.6266,130.38,0,0,1
2,13.1013,0,0,0,1,2,0.6333,1.0641,0,5,0,-2,0,0.3649,7.06,0,0,1
2,-13.7034,0,0,0,1,2,0.7692,1.4569,2,5,1,4,4,0.0381,19.3,0,0,1
2,0.0,1,0,0,1,2,0.5958,1.1904,0,5,0,-8,0,0.4428,10.09,1,0,1
2,1.5152,0,0,0,1,2,0.5681,0.9264,0,5,0,-2,0,0.0125,6.57,0,0,0
2,19.4691,0,1,0,1,2,0.6111,0.981,0,5,0,1,0,0.3203,5.07,0,0,2
2,-2.9522,0,0,1,2,1,0.7167,2.1955,0,1,0,-1,0,0.001,41.67,0,0,0
3,-6.088,0,0,0,1,3,0.7575,0.8868,3,5,2,5,9,0.5564,5.62,0,0,0
3,-14.5383,1,1,0,1,2,0.73,12.0646,2,5,2,1,6,0.644,240.0,0,1,0
2,-0.7943,0,0,0,1,3,0.575,0.9227,2,5,2,2,4,0.0099,6.48,0,1,0
2,-1.437,0,0,0,1,2,0.6069,6.8707,2,5,2,4,4,0.0005,149.23,0,1,0
1,-1.3953,0,0,1,2,2,0.5843,1.1937,1,1,0,-9,1,0.0005,12.75,0,0,2
1,14.2774,0,1,0,1,2,0.5275,1.9641,0,5,0,5,0,0.1613,28.66,0,0,2
2,1.5152,0,0,0,1,3,0.5625,0.9624,1,5,0,-1,2,0.0365,7.43,0,1,0
2,-15.1405,0,0,0,1,3,0.7133,1.0789,2,5,1,-4,4,0.1159,10.23,0,1,0
3,9.5649,0,0,0,2,3,0.6861,0.9858,3,10,3,10,9,0.3857,14.12,0,2,0
3,1.5152,0,0,1,3,1,0.7533,0.8335,2,0,0,-2,6,0.5198,4.34,0,0,0
2,1.5152,0,0,1,3,3,0.612,4.2579,0,0,0,-3,0,0.001,86.52,0,0,0
2,3.5063,0,0,1,3,2,0.6233,1.1637,0,0,0,-1,0,0.425,9.45,0,0,3
2,-12.3081,0,0,1,3,1,0.637,10.7782,3,0,0,-2,6,0.0005,240.0,0,2,0
3,-10.5414,0,0,1,3,2,0.6296,0.3995,2,6,0,-10,6,0.3159,0.03,0,1,0
2,0.0,1,0,1,3,1,0.6144,0.9773,0,0,0,-8,0,0.3186,4.98,0,0,2
2,12.0956,0,0,1,3,1,0.5411,1.1378,0,0,0,0,0,0.4084,8.83,0,0,2
2,-12.3081,0,1,1,3,3,0.6069,6.1284,2,0,0,-3,4,0.0005,131.42,0,1,1
3,5.2224,0,1,1,3,1,0.7058,0.7776,0,0,0,-5,0,0.7484,7.44,0,0,1
2,7.7823,0,0,1,3,2,0.5756,1.0192,0,0,0,-4,0,0.3369,5.98,0,0,3
2,-1.437,0,0,1,3,3,0.5944,0.9808,2,0,0,-6,4,0.0485,7.87,0,1,0
2,2.2301,0,1,1,3,3,0.5454,0.9488,0,0,0,-3,0,0.3068,4.29,0,0,2
3,-11.6867,0,0,1,3,2,0.7989,6.6358,3,3,1,2,9,0.3081,149.29,0,2,0
3,1.9424,0,0,1,3,2,0.775,5.2303,1,0,0,-10,3,0.5617,109.86,0,0,0
3,-1.437,0,1,1,3,1,0.7617,5.5711,3,0,0,-5,9,0.5591,118.04,0,1,1
2,-12.333,0,0,1,3,2,0.7056,1.0523,2,0,0,-4,4,0.095,9.59,0,0,0
3,0.0,1,1,1,3,2,0.7708,0.8173,2,0,0,-1,6,0.5089,3.95,0,1,0
2,8.4503,0,0,1,3,3,0.5907,0.8742,0,0,0,-12,0,0.2825,2.5,0,0,1
2,-0.7943,0,0,1,3,1,0.5736,0.9235,2,0,0,-2,4,0.0104,6.5,0,0,0
2,19.4691,0,0,1,3,1,0.5556,0.9294,0,0,0,-5,0,0.3002,3.83,0,0,1
3,-4.945,0,0,0,1,3,0.8,5.1688,1,2,0,-1,3,0.3065,115.25,0,0,0
2,-12.3081,0,1,1,3,2,0.612,6.3988,2,0,0,-4,4,0.0052,137.9,0,2,1
2,2.8324,0,0,1,2,2,0.6192,0.7501,0,7,0,6,0,0.4992,8.24,0,0,1
2,1.5152,0,1,1,3,2,0.6954,1.0616,0,0,0,-7,0,0.1007,9.81,0,0,0
3,-11.3436,0,0,1,3,2,0.7324,6.7311,3,0,0,-13,9,0.4455,145.88,0,1,0
2,17.0829,0,0,1,2,1,0.545,0.8341,0,4,0,-1,0,0.547,10.25,0,0,1
2,-0.7943,0,0,1,3,1,0.5944,1.0438,1,0,0,-14,2,0.0903,9.38,0,0,0
2,-0.6022,0,0,1,3,2,0.6122,0.9793,1,0,0,-7,2,0.3197,5.03,0,0,1
2,-12.3081,0,0,1,3,1,0.6069,3.4396,2,0,0,-8,4,0.0005,66.88,0,1,0
2,3.7816,0,0,1,3,1,0.59,1.0043,0,0,0,-2,0,0.3305,5.62,0,0,2
2,-11.032,0,0,1,2,2,0.7019,1.0556,2,1,0,0,4,0.0971,9.67,0,0,0
2,-9.5649,0,0,1,2,1,0.5222,13.3518,2,1,0,-7,4,0.134,240.0,0,2,2
2,2.2053,0,0,1,2,2,0.5578,1.1235,0,1,0,-6,0,0.4003,8.49,0,0,1
3,-13.8065,0,0,0,1,2,0.7583,6.1074,3,8,1,-5,9,0.5664,137.54,0,1,1
3,-1.437,0,0,1,2,1,0.7733,0.8153,2,1,0,-1,6,0.5078,3.9,0,0,0
3,-11.9783,0,0,1,2,2,0.7244,0.7902,3,1,0,-9,9,0.4916,3.3,0,1,0
3,0.0,1,0,1,2,2,0.7658,0.8792,2,1,0,-12,6,0.5511,5.43,0,0,0
2,3.5063,0,0,0,2,3,0.61,1.176,0,1,0,-2,0,0.4336,9.75,0,0,2
1,21.9098,0,0,1,2,1,0.475,1.5196,0,1,0,1,0,0.0392,17.99,0,0,1
2,-10.7567,0,0,1,2,2,0.6444,6.3813,2,1,0,0,4,0.0073,137.48,0,0,0
2,13.1013,0,0,1,2,1,0.5422,1.0461,0,1,0,-1,0,0.353,6.63,0,0,2
2,16.0535,0,0,1,2,2,0.6383,1.137,1,1,0,-3,2,0.4084,8.81,0,1,1
3,-11.032,0,0,1,2,2,0.7508,0.893,2,1,0,-15,6,0.5605,5.76,0,0,0
2,15.1658,0,0,1,2,1,0.6222,1.0746,0,1,0,1,0,0.3702,7.31,0,0,3
2,-13.7034,0,0,1,2,2,0.5889,0.9836,1,1,0,0,2,0.0506,7.94,0,1,0
2,-15.1405,0,0,1,2,2,0.5519,14.4443,1,1,0,-3,2,0.2654,240.0,0,1,0
2,0.0,1,1,1,2,1,0.5478,1.1313,0,1,0,-1,0,0.4052,8.67,0,0,0
2,-8.128,0,0,1,3,2,0.6069,0.7072,1,3,0,-4,2,0.0005,7.42,0,0,0
2,18.7369,0,0,0,2,3,0.6311,0.9609,0,1,0,-5,0,0.3111,4.58,0,0,1
2,7.7823,0,0,1,2,1,0.5922,1.0985,0,1,0,-4,0,0.3842,7.89,0,0,2
2,2.2053,0,0,1,2,1,0.5722,0.9055,0,1,0,-7,0,0.2916,3.26,0,0,1
2,-1.437,0,0,1,2,2,0.6093,1.0318,1,1,0,-6,2,0.0819,9.1,0,0,0
2,-12.333,0,0,1,2,2,0.6178,13.4754,1,1,0,-6,2,0.2894,240.0,0,0,1
3,1.5152,0,0,1,2,2,0.7925,0.7969,1,1,1,0,3,0.4963,3.46,0,1,0
2,-0.7943,0,0,1,2,1,0.6083,8.2566,1,1,0,-10,2,0.0834,182.49,0,1,0
3,-6.088,0,0,1,2,2,0.7644,6.8011,2,1,0,-3,6,0.4827,147.56,0,0,0
2,-11.9783,0,0,1,2,2,0.7244,1.0858,2,1,0,-9,4,0.1211,10.39,0,1,0
2,-0.7943,0,0,1,2,1,0.5556,1.0026,2,1,0,-13,4,0.0632,8.39,0,1,0
1,3.1947,0,0,0,2,3,0.4764,1.519,0,1,0,-2,0,0.0387,17.98,0,0,2
3,-11.5138,0,0,0,1,3,0.675,1.1676,4,11,4,5,12,0.397,10.89,0,3,0
2,-6.7559,0,0,1,2,1,0.5444,0.9731,2,1,0,-1,4,0.0433,7.69,0,0,0
2,0.0,1,0,0,2,3,0.5597,0.9637,1,1,1,-8,2,0.0376,7.46,0,1,0
2,12.4668,0,0,1,2,1,0.5653,0.9975,1,1,0,1,2,0.0595,8.27,0,1,0
3,-4.651,0,0,1,1,1,0.6546,0.5427,3,2,0,-12,9,0.4085,3.47,0,1,0
2,20.1852,0,0,1,2,1,0.5533,1.1261,0,1,0,1,0,0.4025,8.55,0,0,2
3,-9.0033,0,0,1,3,1,0.8,1.0248,3,6,1,-5,9,0.3133,7.47,0,2,0
2,-1.437,0,0,1,2,2,0.5963,1.0426,1,1,0,0,2,0.0892,9.35,0,0,0
3,-6.088,0,0,1,2,1,0.712,10.5138,3,1,1,-4,9,0.371,236.66,0,1,0
2,-0.6022,0,0,1,2,1,0.6133,1.0816,1,1,0,-4,2,0.3745,7.48,0,0,2
3,-11.9783,0,0,0,2,3,0.7642,3.5616,3,1,0,-2,9,0.5643,69.81,0,1,1
2,-0.7943,0,0,1,2,2,0.5986,10.9587,2,1,0,0,4,0.0089,240.0,0,1,1
3,-8.7706,0,0,1,1,1,0.688,1.1564,3,5,3,3,9,0.3896,10.63,0,1,0
3,-1.437,0,0,1,2,2,0.7483,7.402,3,1,0,-6,9,0.5618,161.98,0,1,1
2,-6.088,0,0,0,1,2,0.7089,1.0815,2,2,1,-14,4,0.118,10.29,0,0,1
3,3.5081,0,0,0,1,3,0.7989,1.815,2,2,0,2,6,0.3133,27.89,0,1,0
2,-11.032,0,0,0,1,2,0.7044,1.0845,2,2,0,-8,4,0.12,10.36,0,0,0
3,-11.3436,0,0,1,1,1,0.7444,2.3259,2,2,1,-3,6,0.5058,40.15,0,1,0
3,-11.032,0,0,0,1,2,0.7775,0.8686,3,2,1,-14,9,0.5438,5.18,0,2,0
2,-1.437,0,1,0,1,3,0.5569,1.002,1,2,0,-1,2,0.0626,8.38,0,0,0
3,-12.3081,0,0,0,1,3,0.79,10.6904,3,2,1,-4,9,0.4703,240.0,0,2,1
3,4.6687,0,0,1,2,2,0.8017,0.7719,1,4,0,-3,3,0.3944,8.58,0,1,1
2,2.56,0,0,0,1,2,0.6175,1.1674,0,2,0,-2,0,0.4288,9.54,0,0,2
3,-6.7559,0,0,1,1,1,0.7583,6.086,3,2,2,-6,9,0.5492,130.4,0,1,0
1,22.2348,0,0,0,1,3,0.4978,1.7126,0,2,0,-10,0,0.1323,22.63,0,0,1
2,-1.9424,0,0,0,1,2,0.5569,2.9079,2,8,1,-5,4,0.0386,61.46,0,0,0
2,8.8471,0,0,1,1,1,0.5744,1.021,0,2,1,2,0,0.3375,6.03,0,0,2
2,-15.1405,0,0,0,1,2,0.5954,1.0433,2,2,0,-2,4,0.0898,9.37,0,2,0
2,-13.7844,0,0,1,2,2,0.7067,8.2856,3,13,3,9,6,0.0162,186.89,0,0,0
2,-0.7943,0,0,1,2,2,0.5972,1.0416,0,4,0,-9,0,0.0887,9.33,0,0,0
2,0.0,1,0,0,1,2,0.5417,0.9745,0,2,0,-5,0,0.0444,7.72,0,0,0
3,-6.088,0,0,0,1,2,0.7875,3.22,3,2,0,-11,9,0.5565,61.61,0,1,1
2,4.9734,0,0,0,1,2,0.6367,0.9333,0,2,0,-8,0,0.3015,3.92,0,0,1
2,1.9424,0,0,0,1,3,0.6019,1.0377,1,2,0,-7,2,0.0861,9.24,0,1,0
3,4.3024,0,1,0,1,3,0.613,1.0569,0,14,0,8,0,0.3253,8.24,0,0,0
2,-9.0526,1,0,1,2,2,0.5958,0.9474,2,16,2,9,4,0.011,10.0,0,1,1
2,1.5152,0,0,0,1,3,0.5944,0.944,2,2,1,2,4,0.0245,6.99,0,1,0
2,-0.6022,0,0,0,1,2,0.6022,1.0901,1,2,1,1,2,0.3794,7.68,0,0,0
3,-10.7567,0,0,0,1,2,0.7808,4.578,3,2,2,1,9,0.5717,94.2,0,1,0
2,-0.7943,0,0,1,3,1,0.7037,1.054,3,12,3,10,6,0.096,9.63,0,1,0
3,0.0,1,0,1,3,3,0.7344,0.7833,1,12,2,3,3,0.487,3.13,0,0,0
2,2.4629,0,0,1,3,2,0.5722,0.9936,1,12,0,11,2,0.0569,8.18,0,0,0
2,2.56,0,0,1,3,1,0.5444,0.9495,0,12,0,10,0,0.3074,4.31,0,0,2
2,0.8348,0,0,1,3,2,0.5578,1.0347,0,12,0,11,0,0.3455,6.35,0,0,3
1,13.1013,0,0,1,2,2,0.5306,0.9418,0,13,0,9,0,0.0005,4.13,0,0,2
2,-6.088,0,0,1,2,2,0.7367,4.2908,1,13,1,12,2,0.0026,87.31,0,0,0
3,4.1986,0,0,1,2,2,0.765,0.8229,1,13,1,0,3,0.5125,4.08,0,1,0
2,3.7816,0,0,1,2,2,0.5644,1.0297,0,13,0,9,0,0.3423,6.24,0,0,2
2,-0.6022,0,0,1,2,2,0.6267,0.9668,1,13,1,3,2,0.3133,4.72,0,0,1
2,21.5677,0,0,1,2,2,0.5611,1.0327,0,13,0,9,0,0.3439,6.31,0,0,1
2,16.4807,0,0,1,2,2,0.6325,1.1539,0,13,0,3,0,0.4191,9.22,0,0,1
1,-0.7943,0,0,1,2,1,0.5542,1.2383,1,13,1,11,1,0.0016,14.05,0,0,0
2,4.9734,0,0,1,2,1,0.6367,0.8827,0,13,0,2,0,0.2852,2.71,0,0,2
2,-12.333,0,0,1,2,1,0.5931,0.9449,1,13,2,5,2,0.0251,7.01,0,0,0
2,4.1986,0,0,1,2,2,0.5608,15.831,0,13,0,6,0,0.4653,240.0,0,0,1
2,7.0294,0,0,1,2,1,0.5907,12.2034,1,13,1,5,2,0.0522,240.0,0,1,2
3,-11.032,0,0,1,2,2,0.7567,2.4041,4,13,3,-3,12,0.5377,42.03,0,3,0
3,-11.3436,0,0,1,2,2,0.7625,3.5041,3,13,3,12,9,0.5664,68.43,0,1,2
2,0.8348,0,0,1,2,2,0.55,1.1293,0,13,0,12,0,0.4041,8.63,0,0,1
2,0.0,1,0,1,2,1,0.6042,3.5207,1,13,2,11,2,0.001,68.83,0,0,0
3,-0.7943,0,0,1,2,1,0.7983,0.8493,3,13,3,5,9,0.5308,4.72,0,1,0
3,1.9424,0,0,0,2,3,0.7467,0.8968,1,13,1,7,3,0.5632,5.86,0,0,0
2,-6.088,0,0,1,2,2,0.5542,0.9668,2,13,1,-3,4,0.0397,7.54,0,0,0
2,4.1986,0,0,0,2,3,0.5819,0.919,1,4,1,-2,2,0.0073,6.39,0,1,0
2,3.5081,0,0,1,2,1,0.6111,1.0301,0,13,0,-4,0,0.0809,9.05,0,0,0
1,19.4691,0,0,0,2,3,0.5231,0.9677,0,13,0,13,0,0.0005,4.75,0,0,1
2,-11.9783,0,0,1,2,2,0.6111,11.2261,2,13,2,12,4,0.0068,240.0,0,0,0
2,-11.9783,0,0,0,2,3,0.7111,9.2452,2,13,2,13,4,0.1196,206.22,0,1,1
3,-12.333,0,0,1,2,2,0.8008,11.6393,3,13,3,12,9,0.3797,240.0,0,1,1
2,-14.5383,1,0,1,2,2,0.7267,9.3789,1,13,1,3,2,0.1269,209.43,0,0,2
2,0.0,1,0,1,2,1,0.5542,0.934,0,13,1,2,0,0.0177,6.75,0,0,0
2,1.5152,0,0,1,2,1,0.6083,6.691,0,13,0,11,0,0.0005,144.92,0,0,0
2,21.5677,0,0,1,2,2,0.5611,1.1204,0,13,0,-3,0,0.3987,8.41,0,0,1
3,-12.333,0,0,1,2,2,0.6917,10.5422,2,13,2,9,6,0.3826,237.35,0,1,1
2,-6.7559,0,0,1,2,1,0.7046,1.0723,2,13,2,8,4,0.1101,10.07,0,1,0
2,0.0,1,1,1,2,2,0.575,0.992,1,13,1,0,2,0.0558,8.14,1,0,0
2,-11.9783,0,0,1,2,1,0.5431,0.9738,1,13,1,2,2,0.0438,7.7,0,0,0
2,14.5383,1,1,1,2,2,0.6367,0.8902,0,13,0,0,0,0.2868,2.89,0,0,1
2,-0.6117,0,1,0,2,3,0.6213,13.4248,2,13,2,13,4,0.2245,240.0,0,2,1
2,3.1947,0,0,1,2,2,0.6375,0.9907,0,13,0,0,0,0.3262,5.3,0,0,3
2,0.8348,0,0,1,2,1,0.6022,0.9867,0,13,0,11,0,0.3246,5.2,0,0,2
3,2.4629,0,0,0,2,3,0.75,0.8365,1,13,1,7,3,0.5219,4.41,0,0,0
2,-6.088,0,0,1,1,1,0.6083,6.8271,2,14,2,3,4,0.0005,148.18,0,1,0
3,3.5081,0,0,1,1,1,0.7542,0.8328,2,14,2,12,6,0.5193,4.32,0,1,0
3,0.0,1,0,1,1,1,0.7992,4.1867,2,14,3,9,6,0.5701,84.81,0,0,0
2,18.0464,0,0,0,1,2,0.5522,1.1273,0,14,0,7,0,0.403,8.58,0,0,1
3,-11.9783,0,0,1,1,1,0.7675,0.8206,3,14,3,9,9,0.511,4.03,0,0,0
2,2.2301,0,0,0,1,2,0.6133,1.172,0,14,0,13,0,0.4315,9.65,0,0,1
3,-3.5063,0,0,1,3,2,0.7433,1.028,2,15,2,5,6,0.6377,8.34,0,1,1
3,0.0,1,0,1,1,1,0.795,0.7948,3,14,4,9,9,0.4948,3.41,0,1,1
3,-9.0033,0,0,1,2,2,0.8,0.9908,3,13,3,6,9,0.3117,6.65,0,0,1
2,13.5879,0,0,1,1,1,0.5811,1.1072,0,14,0,14,0,0.3896,8.1,0,0,2
2,3.1947,0,0,0,1,3,0.6378,0.9513,0,14,0,5,0,0.3084,4.35,0,0,3
2,22.2348,0,1,0,1,2,0.5892,1.1982,0,14,0,10,0,0.4471,10.28,0,0,2
2,0.0,1,0,0,1,3,0.5519,0.9408,1,14,2,14,2,0.3031,4.1,0,0,3
2,0.0,1,0,0,1,2,0.5733,1.1141,0,14,1,10,0,0.3933,8.26,0,0,1
2,-0.6022,0,0,1,3,2,0.6211,0.9733,1,6,1,2,2,0.316,4.88,0,0,1
2,-0.7943,0,0,1,3,2,0.7367,9.6023,1,6,0,-4,2,0.1232,214.79,0,0,2
2,7.6155,0,0,1,3,1,0.6117,1.0035,0,6,0,4,0,0.3948,14.4,0,0,2
3,-6.088,0,1,1,3,3,0.7648,10.457,2,9,2,9,6,0.341,235.3,0,1,0
2,2.2301,0,0,1,3,1,0.61,0.9822,0,6,0,1,0,0.3208,5.09,0,0,3
2,-12.3081,0,0,1,3,2,0.5764,7.5773,1,6,1,5,2,0.0142,166.19,0,1,1
2,3.5081,0,0,1,3,3,0.5944,0.9119,0,6,0,3,0,0.0026,6.22,0,0,0
2,-6.088,0,0,1,3,1,0.5611,0.9996,2,6,1,-11,4,0.0611,8.32,0,1,0
3,-0.6427,0,0,0,2,3,0.7792,3.7955,2,1,1,1,6,0.5722,73.96,0,1,1
2,-0.6022,0,0,1,3,1,0.5463,0.9477,1,6,0,-11,2,0.3063,4.27,0,1,1
2,1.9424,0,0,1,3,2,0.7083,1.0491,0,6,0,-4,0,0.0934,9.51,0,0,0
2,3.5081,0,0,1,3,2,0.5986,0.9785,0,6,0,-1,0,0.047,7.82,0,0,0
2,1.9424,0,0,1,3,2,0.7037,9.2995,0,6,0,-10,0,0.1217,207.52,0,0,1
3,-14.5383,1,0,1,3,2,0.7917,0.7978,2,6,1,2,6,0.4969,3.48,0,0,0
2,-12.3081,0,0,1,3,2,0.6111,5.6944,2,6,0,-1,4,0.0037,121.0,0,0,0
3,-11.9783,0,0,0,2,3,0.7758,0.87,2,7,0,-2,6,0.5449,5.21,0,0,0
2,-6.088,0,0,1,2,2,0.5458,1.0083,2,7,1,-6,4,0.0668,8.53,0,0,0
3,1.5152,0,0,0,2,3,0.7344,7.3083,1,7,0,7,3,0.5231,159.73,0,1,0
2,4.9734,0,0,1,2,2,0.5481,0.9446,0,7,0,6,0,0.3052,4.19,0,0,3
2,-12.333,0,0,1,2,2,0.56,15.8323,2,7,2,3,4,0.4659,240.0,0,2,3
2,-0.7943,0,0,1,2,2,0.6259,1.0172,1,7,0,-6,2,0.0725,8.75,0,0,0
2,-1.437,0,0,0,1,3,0.6194,1.0227,0,5,0,-1,0,0.0762,8.88,0,0,0
3,-12.333,0,0,0,2,3,0.7825,4.5666,2,7,1,7,6,0.5711,93.93,0,0,0
2,0.0,1,0,1,2,2,0.563,0.9209,0,7,1,6,0,0.2965,3.62,0,0,1
2,19.4691,0,0,0,1,2,0.5792,1.2086,0,2,0,-2,0,0.4535,10.53,0,0,2
2,21.5677,0,0,1,2,2,0.5898,0.8761,0,7,0,6,0,0.283,2.55,0,0,1
2,13.1013,0,0,0,2,3,0.6375,0.9994,0,7,0,1,0,0.3289,5.51,0,0,3
2,-0.6022,0,0,1,2,2,0.5633,1.1197,1,7,1,3,2,0.3976,8.4,0,0,2
2,-2.7432,0,0,1,2,1,0.6139,0.7762,1,7,1,2,2,0.0005,9.09,0,0,0
2,-6.088,0,0,0,2,3,0.5639,0.9615,1,7,1,7,2,0.036,7.41,0,0,0
2,-0.6022,0,0,1,2,1,0.5956,0.9975,1,7,0,-4,2,0.3278,5.46,0,0,1
2,-6.088,0,0,1,2,2,0.6042,1.6478,3,7,2,3,6,0.0005,23.88,0,0,0
2,16.0535,0,0,0,1,3,0.58,1.0155,0,8,0,2,0,0.3348,5.9,0,0,1
3,-10.5493,1,0,1,3,2,0.6583,1.1822,3,0,0,-13,9,0.4064,11.25,0,0,0
2,4.9734,0,1,1,1,1,0.6367,0.8925,0,8,0,3,0,0.2868,2.94,0,0,2
2,2.4629,0,0,0,1,2,0.6907,1.0645,0,8,0,1,0,0.1033,9.88,0,0,0
2,-12.3081,0,0,0,1,2,0.7383,9.4571,3,8,2,1,6,0.1306,211.3,0,1,1
3,2.4629,0,0,0,1,3,0.7608,0.884,2,8,1,5,6,0.5543,5.55,0,1,0
3,1.9424,0,0,0,2,3,0.785,0.8617,1,10,1,10,3,0.5391,5.01,0,0,0
2,-10.8712,1,1,0,1,2,0.6407,3.2358,1,2,1,1,2,0.001,68.1,0,0,1
3,-1.0452,0,0,1,3,2,0.8009,5.1992,3,0,0,-4,9,0.3065,115.98,0,2,0
3,-2.2562,0,0,1,3,2,0.7722,6.5855,3,12,3,11,9,0.5303,147.23,0,0,0
2,8.5509,0,0,0,1,2,0.6083,0.852,1,8,1,7,2,0.0005,7.71,0,0,0
2,-7.6032,0,0,0,1,2,0.5486,2.5219,1,2,0,-8,2,0.0658,49.5,0,0,0
3,-10.2377,0,0,1,1,1,0.7296,1.1199,2,5,0,0,6,0.3661,9.75,0,2,0
2,0.0,1,0,1,1,1,0.6319,0.9383,0,2,0,-3,0,0.0027,6.63,0,0,1
3,-9.7976,0,0,1,3,3,0.7425,0.8433,2,9,1,9,6,0.5266,4.57,0,1,0
3,-3.5063,0,1,1,2,1,0.7009,0.915,1,16,1,11,3,0.4763,5.62,0,0,0
3,-13.744,0,0,1,2,2,0.7989,1.022,2,13,2,3,6,0.3133,7.4,0,1,0
3,-0.6427,0,0,1,3,2,0.6843,1.1596,2,9,3,2,6,0.3917,10.7,0,0,0
3,-13.7034,0,0,1,3,1,0.7567,0.8303,1,9,1,7,3,0.5177,4.26,0,0,0
3,1.5152,0,0,1,2,2,0.7454,2.1784,1,4,0,-6,3,0.4508,36.61,0,1,0
3,-3.7969,0,0,1,2,2,0.7592,0.7841,2,13,2,12,6,0.7115,9.32,0,1,1
1,-3.5081,0,0,1,3,2,0.5431,4.6972,2,9,1,8,2,0.001,103.93,0,1,1
3,-1.5152,0,0,1,2,2,0.7975,2.3074,1,1,0,-12,3,0.4932,44.35,0,1,0
2,-4.7684,0,1,1,2,2,0.5819,4.4596,2,4,2,4,4,0.0292,98.23,0,2,0
2,15.6458,0,0,0,1,3,0.5306,0.7651,0,5,0,-4,0,0.2777,8.68,0,0,1
3,24.7526,0,1,0,1,2,0.7378,0.9674,0,17,0,17,0,0.5517,6.88,0,0,1
3,-0.6347,0,0,0,1,2,0.7056,0.6015,2,14,2,7,6,0.4736,4.93,0,1,1
2,-0.3298,0,0,1,2,2,0.6222,0.783,3,13,3,9,6,0.0005,7.57,0,1,1
3,11.184,0,0,1,2,1,0.7817,0.6371,1,7,1,-7,3,0.7034,4.07,0,1,2
2,-16.0535,0,0,1,2,1,0.7325,11.0727,2,7,1,-1,4,0.1327,240.0,0,0,1
2,-7.6965,0,1,0,1,3,0.7278,8.3105,2,14,2,5,4,0.011,187.49,0,1,0
3,-15.1405,0,1,1,2,2,0.7917,0.8554,2,4,0,0,6,0.535,4.86,0,0,0
2,2.3598,0,0,0,1,2,0.625,0.9869,0,2,0,1,0,0.3854,14.0,0,0,2
2,-13.7034,0,0,1,3,3,0.7037,1.073,1,0,0,-3,2,0.1106,10.09,0,0,0
2,2.4629,0,0,1,1,1,0.5981,1.0409,1,5,0,-3,2,0.0882,9.32,0,1,0
2,-18.7285,0,1,1,2,1,0.6967,8.1982,1,13,1,11,2,0.0376,184.79,0,1,0
2,-17.6034,0,0,1,2,2,0.6296,3.1491,2,7,1,-6,4,0.001,66.54,0,2,0
2,1.9424,0,0,1,3,3,0.7102,0.9455,1,0,0,-15,2,0.0256,7.02,0,0,0
2,2.56,0,1,1,2,2,0.6167,1.0784,0,10,0,0,0,0.3729,7.41,0,0,2
3,0.0,1,1,0,2,3,0.6759,1.1669,0,10,1,1,0,0.3964,10.88,0,0,0
3,-6.088,0,0,0,1,2,0.7442,0.8419,3,14,2,-2,9,0.5256,4.54,0,0,0
2,-1.9424,0,0,1,2,1,0.7756,3.4489,3,10,2,8,6,0.0225,74.44,0,1,1
2,1.5657,0,1,1,1,1,0.7089,2.4344,2,11,1,9,4,0.0412,50.1,0,0,0
3,-12.333,0,0,1,2,2,0.7492,0.8372,3,10,1,9,9,0.5224,4.43,0,1,0
3,-12.333,0,0,1,2,2,0.7408,0.902,2,1,0,0,6,0.5668,5.98,0,2,0
3,0.0,1,0,0,1,2,0.7991,1.011,2,5,1,4,6,0.3128,7.14,0,2,0
3,-1.437,0,0,1,2,2,0.7967,0.7932,3,10,2,6,9,0.4937,3.37,0,1,0
2,0.0,1,1,0,2,3,0.5403,1.0112,1,1,1,1,2,0.0689,8.6,0,0,0
1,-2.7367,0,0,1,1,1,0.5556,3.1312,1,11,1,3,1,0.0005,66.82,0,1,1
2,-18.0464,0,1,0,1,2,0.7356,4.6941,3,2,0,-8,6,0.0997,103.85,0,1,0
3,-8.7706,0,0,0,1,2,0.6194,1.0512,1,8,2,1,3,0.3217,8.1,0,0,0
2,-9.1334,0,0,1,3,2,0.6822,7.9464,2,6,0,-1,4,0.1111,178.75,0,0,0
2,-0.7943,0,0,0,2,3,0.6065,1.0342,2,10,2,4,4,0.0835,9.15,0,1,0
2,0.0,1,1,0,1,3,0.6944,2.3,1,2,1,2,2,0.0866,46.87,0,0,0
3,-3.2572,0,0,1,3,2,0.6426,4.202,2,0,0,-4,6,0.3086,91.81,0,0,0
2,9.4839,0,0,1,2,2,0.5444,1.0089,1,13,1,13,2,0.0673,8.55,0,1,0
3,15.2306,0,0,0,2,3,0.6241,0.9455,0,7,0,-2,0,0.52,6.36,0,0,0
2,-0.7943,0,0,0,1,2,0.7056,1.0835,3,11,2,-2,6,0.1195,10.34,0,2,0
1,25.4844,0,0,1,2,2,0.6008,2.958,1,7,1,7,1,0.016,61.05,0,1,2
2,-6.1813,0,0,1,1,1,0.7189,8.2461,2,5,1,-3,4,0.0266,185.94,0,1,0
3,-2.3598,0,0,1,2,2,0.6778,0.6757,2,4,1,0,6,0.5802,6.71,0,0,0
1,-0.8348,0,0,1,3,3,0.5019,1.0295,1,6,1,3,1,0.0048,15.02,0,1,1
2,-14.4412,0,1,1,2,1,0.6444,4.003,2,7,0,-4,4,0.0152,87.04,0,1,0
2,-7.7823,0,0,1,2,1,0.7233,2.648,3,1,1,-1,6,0.1285,53.96,0,1,1
3,-0.9477,0,0,0,2,3,0.7875,3.2644,2,7,1,-2,6,0.4995,69.31,0,2,0
3,9.5961,1,0,1,3,2,0.7367,0.7503,2,6,1,5,6,0.4953,5.27,0,0,1
2,-12.333,0,0,1,3,1,0.5667,0.9968,2,3,1,-5,4,0.059,8.26,0,1,0
2,2.5106,0,0,0,2,3,0.5324,1.099,0,7,0,-2,0,0.2021,10.48,0,0,0
1,8.3846,0,0,1,3,2,0.5056,0.9767,0,0,0,-4,0,0.0758,13.68,0,0,2
2,-17.2638,0,0,0,1,2,0.6933,5.3193,2,5,0,-2,4,0.0767,117.7,0,0,0
1,4.1085,0,0,0,2,3,0.5458,0.8523,0,4,0,-2,0,0.0021,10.69,0,0,2
2,2.3598,0,0,1,2,1,0.5546,0.7375,0,1,0,-10,0,0.2638,8.01,0,0,2
3,-0.3116,0,0,0,1,2,0.7867,1.0129,1,2,0,-11,3,0.6171,7.98,0,0,1
1,0.7322,0,0,1,3,3,0.5542,5.4774,0,0,0,-3,0,0.0005,120.64,0,0,1
2,-10.7567,0,0,1,3,1,0.5847,0.9173,1,0,0,-2,2,0.0063,6.35,0,0,0
2,0.0,1,0,1,2,1,0.6278,3.4788,1,7,2,5,2,0.0715,74.46,0,1,0
3,-6.088,0,0,1,3,3,0.7408,0.8448,2,3,0,-12,6,0.5277,4.61,0,0,0
2,-4.1085,0,0,0,1,2,0.6167,1.1043,1,5,1,4,2,0.0005,10.17,0,0,1
1,3.1622,0,0,1,3,1,0.5361,0.9883,0,9,0,-2,0,0.0839,13.95,0,0,3
3,0.4272,0,0,0,1,3,0.7475,2.4112,1,5,0,5,3,0.5626,46.85,0,0,0
3,-4.1986,0,0,0,2,3,0.7683,9.6383,3,10,3,1,9,0.5596,220.5,0,2,0
2,5.8122,0,0,0,2,3,0.5456,1.1331,0,1,0,1,0,0.4062,8.72,0,0,2
2,3.7096,0,0,0,2,3,0.7367,1.0297,0,10,0,10,0,0.0005,11.35,0,0,1
3,-9.0526,1,1,0,2,3,0.8008,0.8294,1,13,1,1,3,0.5225,7.17,0,0,0
2,1.9424,0,0,1,2,1,0.5778,0.954,1,10,1,5,2,0.0308,7.23,0,1,0
2,4.1986,0,0,1,3,3,0.6306,1.0128,1,3,1,-3,2,0.0699,8.64,0,0,0
1,19.3391,0,0,1,2,1,0.4963,0.9467,0,10,0,-1,0,0.0575,12.96,0,0,1
2,2.5354,0,0,1,2,2,0.5935,1.0463,0,1,0,-9,0,0.167,15.6,0,0,1
2,6.7559,0,0,1,2,2,0.6593,0.4295,0,1,0,-9,0,0.0005,0.72,0,0,1
3,-11.9783,0,0,1,2,2,0.7267,0.7886,2,7,2,6,6,0.4906,3.26,0,0,0
2,4.3875,0,0,1,2,2,0.6097,12.1678,1,10,1,10,2,0.0058,240.0,0,1,0
2,-5.2336,0,0,1,3,2,0.6844,7.3814,2,3,0,-4,4,0.1064,165.19,0,1,0
2,-14.8517,0,0,0,2,3,0.7544,14.489,2,7,2,4,4,0.0189,240.0,0,1,1
3,-5.8903,0,0,0,2,3,0.8019,4.2626,2,1,0,-5,6,0.2969,89.56,0,2,0
1,7.5602,0,0,0,1,2,0.5222,2.8833,0,8,0,8,0,0.0075,59.69,0,0,2
3,11.9783,0,0,1,3,2,0.8025,0.7879,0,0,0,-13,0,0.7537,7.69,0,0,2
3,-9.5961,1,0,1,2,2,0.7989,10.2151,3,7,1,3,9,0.4429,236.36,0,0,0
3,-0.3298,0,0,0,1,3,0.7125,0.7709,2,5,2,2,6,0.7452,7.28,0,0,1
3,11.3128,0,0,1,3,3,0.7592,1.069,2,3,0,3,6,0.5457,12.29,0,0,0
3,-11.032,0,0,1,1,1,0.7517,0.8352,3,14,2,0,9,0.5209,4.38,0,2,0
3,-14.7959,1,1,0,1,2,0.7192,10.0084,3,8,3,1,9,0.6253,231.17,0,1,0
3,-11.9783,0,0,0,2,3,0.7333,0.673,2,4,1,-8,6,0.4906,0.48,0,1,0
2,-12.333,0,0,0,1,2,0.5556,0.9334,3,8,3,7,6,0.0172,6.73,0,2,0
2,-13.7034,0,0,0,1,2,0.5736,0.9927,2,5,1,4,4,0.0564,8.16,0,2,1
2,-3.4979,0,0,0,2,3,0.5972,7.128,3,13,3,13,6,0.0198,159.11,0,2,0
2,0.0,1,1,1,2,1,0.6806,1.0755,1,7,1,-1,2,0.0861,14.79,0,1,0
3,-1.437,0,1,1,3,1,0.7908,0.8564,1,9,1,7,3,0.5355,4.89,0,0,0
2,-5.8903,0,0,1,3,1,0.5958,0.9468,2,12,2,4,4,0.011,9.98,0,0,0
2,-2.7367,0,0,1,3,3,0.6361,4.498,2,9,2,3,4,0.0016,99.62,0,0,1
2,10.7349,0,0,0,1,3,0.5278,1.1003,0,5,0,5,0,0.2048,10.51,0,0,2
2,3.2572,0,0,1,2,2,0.6069,1.0066,0,1,0,-3,0,0.0005,7.03,0,0,0
2,-1.5152,0,0,1,2,1,0.6028,2.1813,2,4,0,-1,4,0.0005,41.33,0,1,1
3,9.5564,0,0,0,1,3,0.6978,0.6693,0,11,0,11,0,0.5707,6.56,0,0,1
3,-6.088,0,0,1,2,1,0.7792,0.8091,2,1,0,-7,6,0.5042,3.75,0,0,1
2,-3.5081,0,0,1,2,2,0.6622,3.7136,2,4,0,-3,4,0.1085,80.32,0,0,0
2,-7.0294,0,0,1,2,1,0.5653,6.4807,2,1,1,-1,4,0.0318,140.64,0,0,0
2,-8.5509,0,0,0,1,3,0.7417,3.6779,1,2,0,-1,2,0.0935,79.23,0,0,1
3,11.74,0,0,0,1,2,0.7683,1.0564,0,2,0,1,0,0.5431,11.99,0,0,0
2,0.0,1,1,1,1,1,0.7139,5.6412,2,5,1,0,4,0.0005,125.42,1,1,1
2,-1.5657,0,1,0,1,2,0.5986,2.9391,2,5,2,4,4,0.0193,61.73,0,1,0
3,-4.6687,0,0,0,1,2,0.7842,0.8974,1,5,1,1,3,0.5469,8.8,0,0,1
3,0.0,1,0,1,2,1,0.7433,0.8998,2,1,0,-4,6,0.5652,5.93,0,0,1
3,1.5152,0,0,1,2,2,0.7725,0.8161,1,4,0,0,3,0.5078,3.92,0,0,0
2,-16.1769,0,0,1,2,2,0.6102,6.8654,2,1,0,-3,4,0.0021,153.95,0,2,1
2,-10.2866,0,0,1,1,1,0.7056,4.6594,3,2,0,0,6,0.0517,101.0,0,0,0
3,2.4629,0,1,1,2,2,0.75,0.8939,2,10,1,3,6,0.5611,5.79,0,0,0
2,-12.3081,0,0,1,2,2,0.5861,0.9852,2,10,1,3,4,0.0517,7.98,0,0,1
2,5.5142,0,0,1,2,2,0.5986,0.9788,2,7,2,-6,4,0.0376,12.47,0,0,0
2,-7.6032,0,0,1,3,3,0.7275,1.6363,2,6,2,6,4,0.1028,28.25,0,0,1
2,-2.7367,0,0,1,2,1,0.6454,8.3293,2,10,1,-1,4,0.0063,191.57,0,1,1
2,-8.2711,0,0,1,3,2,0.5847,0.9903,2,6,2,2,4,0.0423,12.74,0,0,0
2,13.5764,0,1,0,1,2,0.6167,0.6693,0,5,0,5,0,0.2285,6.38,0,0,2
1,-1.5152,0,0,0,2,3,0.5935,2.6575,1,7,0,-5,1,0.0005,52.76,0,0,1
3,3.2572,0,0,1,2,2,0.7758,3.8274,1,1,0,-6,3,0.5732,74.73,0,1,0
2,-9.9624,0,0,1,2,2,0.6435,0.9389,2,13,2,12,4,0.0005,5.41,0,1,1
2,8.0304,0,0,1,2,2,0.7009,0.98,0,7,0,-9,0,0.0141,10.78,0,0,1
2,-7.6032,0,0,1,2,2,0.6157,1.0194,1,4,0,0,2,0.06,13.44,0,0,0
2,2.9884,0,1,1,3,2,0.5769,1.4935,1,0,0,-4,2,0.0814,27.51,0,1,0
2,-1.3953,0,0,0,2,3,0.5967,1.1586,1,4,1,1,2,0.2787,11.91,0,1,1
2,16.5943,0,0,1,3,1,0.6139,0.7007,1,9,0,-8,2,0.0011,7.28,0,1,1
2,-9.5961,1,0,0,1,3,0.6046,4.5437,1,8,1,8,2,0.0846,100.24,0,0,0
1,15.3302,0,0,1,3,2,0.5156,1.0455,0,6,0,6,0,0.1242,15.33,0,0,1
2,-18.0464,0,0,1,2,2,0.6222,16.9659,2,7,0,-3,4,0.2665,240.0,0,0,2
2,-12.9413,0,0,1,2,2,0.5486,3.697,0,4,0,4,0,0.0558,77.91,0,0,1
3,-8.2711,0,1,1,2,2,0.7517,0.7804,3,1,1,-3,9,0.6051,7.7,0,0,0
2,-13.8234,0,0,1,3,3,0.5903,0.9167,2,0,0,0,4,0.0042,10.98,0,0,0
2,-12.8588,0,0,1,3,3,0.6092,15.0248,2,0,0,-3,4,0.3266,240.0,0,1,3
3,1.9929,0,0,1,3,3,0.7983,0.8213,2,0,0,-6,6,0.6228,8.69,0,1,0
2,-1.5152,0,1,1,3,2,0.6759,1.114,2,0,0,-4,4,0.1054,15.71,0,0,0
3,0.9477,0,0,1,3,3,0.7144,0.4935,1,0,0,-6,3,0.5013,0.82,1,0,0
2,-7.6032,0,0,1,3,3,0.6042,4.7243,1,0,0,-9,2,0.0005,102.36,0,0,1
3,0.0,1,0,1,3,1,0.7783,0.847,2,0,0,-11,6,0.6354,9.3,0,1,0
2,-8.2711,0,1,1,3,1,0.675,1.1156,2,0,0,-5,4,0.1059,15.75,0,1,1
2,-12.5472,0,0,1,3,1,0.5931,9.1845,2,0,0,-14,4,0.055,209.4,0,1,0
2,-12.2719,0,0,1,3,2,0.7611,2.9755,1,0,0,-1,2,0.0381,60.39,0,0,0
3,-7.6032,0,0,1,3,2,0.7358,0.902,2,0,0,-13,6,0.6604,10.62,0,1,0
2,-12.8588,0,0,1,3,1,0.6633,1.7206,2,0,0,-5,4,0.108,30.27,0,0,0
2,-7.6032,0,0,1,3,1,0.6667,1.0873,2,0,0,-2,4,0.0939,15.07,0,1,0
2,-13.8234,0,0,1,3,1,0.6093,1.0269,1,0,0,-2,2,0.0636,13.62,0,0,0
2,10.1308,0,0,1,3,1,0.5991,1.0416,0,0,0,0,0,0.0694,13.97,0,0,0
2,-13.8482,0,0,1,3,1,0.612,7.0886,2,0,0,-8,4,0.0005,159.1,0,0,0
2,-13.8482,0,0,1,3,2,0.5667,0.9346,2,0,0,-1,4,0.013,11.41,0,1,0
3,-1.5152,0,0,1,3,2,0.7683,0.7597,2,0,0,-1,6,0.5947,7.21,0,1,0
3,-13.8482,0,0,1,3,2,0.755,7.6182,3,0,0,-1,9,0.5497,171.81,0,1,1
2,-2.3095,0,0,1,3,3,0.72,4.2465,2,0,0,-3,4,0.0021,90.89,0,0,2
3,-12.2719,0,0,1,3,2,0.6658,14.7393,2,0,0,-1,6,0.8815,240.0,0,1,2
2,5.5142,0,0,1,3,3,0.5444,17.1876,1,0,0,-6,2,0.4068,240.0,0,1,2
3,-16.6557,0,0,1,3,3,0.7283,0.8143,1,0,0,-12,3,0.6187,8.52,0,0,0
3,-4.8691,0,1,1,3,3,0.6685,13.4749,1,0,0,0,3,0.4947,240.0,0,1,0
1,-16.6557,0,0,1,3,3,0.5403,2.619,2,0,0,0,2,0.001,51.83,0,1,1
2,-13.8482,0,0,1,3,3,0.5806,0.9253,1,0,0,-6,2,0.0078,11.18,0,0,0
3,-7.6032,0,1,1,3,2,0.7333,0.5852,1,0,0,-4,3,0.5529,3.02,0,0,0
2,0.0,1,1,1,3,3,0.5944,0.9485,2,0,0,0,4,0.0209,11.74,1,1,1
3,-12.8588,0,0,1,3,1,0.7148,12.025,3,0,0,-14,9,0.3694,240.0,0,0,1
2,-13.8234,0,0,1,3,2,0.6102,1.0253,2,0,0,-4,4,0.0631,13.58,0,1,0
2,-1.5152,0,0,1,2,1,0.6111,1.0241,1,1,0,-1,2,0.0626,13.55,1,0,0
3,0.0,1,0,1,2,1,0.7625,0.8724,1,1,0,-7,3,0.6442,9.91,0,0,0
3,-12.5472,0,1,1,2,2,0.7478,12.3039,2,1,0,-15,6,0.5297,240.0,0,0,2
2,-2.9522,0,0,0,2,3,0.6028,1.0358,0,1,0,-5,0,0.0673,13.84,0,0,0
3,-1.5152,0,0,1,1,1,0.7483,0.7865,3,8,2,3,9,0.6072,7.85,0,1,0
2,-11.0801,0,0,1,2,2,0.5741,1.0699,1,1,0,-6,2,0.0829,14.65,0,0,0
1,-13.8482,0,0,1,2,2,0.5528,11.0804,1,1,0,0,1,0.0005,240.0,0,0,1
2,0.9477,0,0,1,2,2,0.6,0.7733,0,1,0,-3,0,0.0005,7.53,0,0,0
3,0.0,1,0,1,2,2,0.6367,14.0911,2,1,1,-3,6,0.6834,240.0,0,2,2
3,-13.8234,0,0,1,2,1,0.7517,5.607,2,1,1,-1,6,0.5696,123.54,0,1,1
3,-12.8588,0,0,1,2,2,0.7233,8.8366,2,1,1,-3,6,0.5273,201.05,0,1,1
2,-2.3095,0,0,0,2,3,0.6778,1.0781,2,1,0,-5,4,0.0876,14.85,0,1,0
2,0.4272,0,0,0,2,3,0.6102,4.0664,1,1,0,-8,2,0.001,86.57,0,0,0
2,-11.3128,0,0,1,2,2,0.6056,6.8742,2,1,0,0,4,0.0005,153.96,0,1,1
2,-12.8588,0,0,0,2,3,0.6204,14.63,2,1,0,-8,4,0.0005,240.0,0,1,2
2,-11.3128,0,1,1,2,2,0.7267,9.9861,2,1,0,-9,4,0.097,228.64,0,0,1
3,-13.4935,0,0,1,2,2,0.76,5.1529,2,1,1,-9,6,0.5654,112.65,0,1,0
3,-2.3095,0,0,0,1,3,0.7683,0.8667,2,11,2,11,6,0.6406,9.78,0,0,0
3,-11.9783,0,0,1,2,2,0.7867,0.8024,2,1,0,0,6,0.5,3.59,0,1,0
2,-13.4935,0,0,1,2,1,0.5833,14.8473,1,1,0,-4,2,0.1106,240.0,0,0,1
2,0.9477,0,0,1,2,2,0.5819,0.993,1,1,0,0,2,0.0433,12.81,0,0,0
3,-12.5472,0,0,1,2,2,0.7537,11.9831,2,1,1,0,6,0.3473,240.0,0,1,0
2,-13.4935,0,1,0,2,3,0.6741,1.1165,3,1,1,1,6,0.1064,15.77,0,1,0
2,1.9929,0,0,0,2,3,0.5639,0.967,1,1,0,-5,2,0.0323,12.18,0,0,0
2,-2.9522,0,0,1,2,2,0.6069,4.702,2,1,0,-3,4,0.0005,101.82,0,0,2
2,1.9929,0,0,0,2,3,0.7358,2.6038,1,1,1,1,2,0.1227,51.47,0,1,1
1,0.0,1,1,1,2,2,0.5093,17.6296,0,1,0,0,0,0.0737,240.0,1,0,2
3,-11.3128,0,0,0,2,3,0.7917,11.7399,3,1,2,1,9,0.3136,240.0,0,1,1
3,5.5142,0,0,1,2,1,0.7711,8.4289,2,1,0,-1,6,0.5209,191.27,0,2,1
3,-11.9783,0,0,0,2,3,0.79,0.7991,3,1,0,-2,9,0.4979,3.51,0,0,0
2,-8.2711,0,0,1,2,1,0.5569,0.9418,2,1,0,-1,4,0.0167,11.58,0,0,0
2,-16.6557,0,1,1,2,2,0.6065,14.8885,2,1,0,-3,4,0.1596,240.0,0,1,2
2,-13.8234,0,0,1,2,2,0.7325,10.7975,2,1,0,0,4,0.1206,240.0,0,1,3
2,-9.894,0,0,0,2,3,0.588,1.0535,1,1,1,1,2,0.0751,14.26,0,1,0
2,-13.8482,0,0,1,2,2,0.6583,1.0956,1,1,0,-3,2,0.0986,15.27,0,0,0
3,-12.5472,0,0,0,2,3,0.7789,3.8956,2,1,0,-2,6,0.5277,82.47,0,0,1
1,-2.9522,0,0,1,2,1,0.4926,17.606,1,1,0,-1,1,0.0597,240.0,0,1,2
3,-2.9522,0,0,1,2,1,0.6978,0.5071,2,1,0,-7,6,0.5091,1.15,0,0,0
3,-11.5073,0,0,1,2,2,0.7278,1.017,1,1,1,0,3,0.5556,16.08,0,1,0
3,1.9929,0,0,1,2,1,0.7725,0.8575,1,1,0,-16,3,0.6385,9.55,0,0,0
2,-12.8588,0,0,1,2,1,0.75,6.7323,3,1,1,-4,6,0.0021,150.55,0,1,3
2,-20.0295,0,0,0,1,2,0.7258,7.3945,2,5,1,4,4,0.1075,165.5,0,0,1
2,0.4272,0,0,0,2,3,0.6444,10.6522,2,1,1,-8,4,0.1117,240.0,0,1,1
3,2.6834,0,0,1,2,1,0.7483,0.889,2,1,1,-16,6,0.6526,10.31,0,1,0
2,0.0,1,0,1,2,2,0.7074,2.585,1,1,0,-9,2,0.1086,51.02,0,0,0
2,0.0,1,0,1,2,2,0.5759,1.0676,2,1,0,-6,4,0.0819,14.6,0,0,0
3,-16.6557,0,0,1,2,1,0.7567,9.0131,1,1,0,-13,3,0.6027,205.29,0,1,0
2,0.0,1,0,1,2,2,0.5736,0.9284,0,1,0,-6,0,0.0104,11.26,0,0,0
3,-8.2711,0,0,0,2,3,0.7,13.4624,3,1,0,-5,9,0.4768,240.0,0,1,2
3,2.6834,0,0,1,2,1,0.79,0.8322,0,1,0,-1,0,0.6281,8.95,0,0,0
2,3.4156,0,0,0,2,3,0.5569,1.0079,0,1,0,-8,0,0.0527,13.17,0,0,0
2,-13.8234,0,0,0,2,3,0.6042,11.5833,2,1,1,1,4,0.011,240.0,0,1,1
3,-12.5472,0,0,1,2,2,0.7658,0.8704,3,1,0,-6,9,0.6421,9.87,0,1,0
2,0.0,1,0,1,2,2,0.6028,0.8437,1,1,0,-3,2,0.001,9.22,0,1,1
2,-7.6032,0,1,1,2,2,0.5514,2.4508,2,1,0,-3,4,0.0188,47.79,0,1,0
2,0.9477,0,0,0,2,3,0.6769,1.0795,2,1,0,-5,4,0.0882,14.88,0,0,0
2,-16.6557,0,0,0,2,3,0.67,1.6885,2,1,1,-8,4,0.1054,29.5,0,1,0
3,-12.5472,0,0,1,2,2,0.7992,4.7993,3,1,0,-6,9,0.5575,104.16,0,0,0
3,-12.8588,0,0,1,1,1,0.8022,12.0762,1,2,0,-9,3,0.3915,240.0,0,1,1
3,-8.2711,0,1,0,1,2,0.7525,8.9132,1,2,0,-2,3,0.5592,202.89,0,1,1
3,-2.3095,0,0,0,1,2,0.7858,0.8379,1,2,0,-8,3,0.6307,9.09,0,0,0
2,-1.5152,0,0,0,1,2,0.5931,0.9832,2,2,0,-8,4,0.0391,12.57,0,0,1
3,1.9929,0,0,0,1,3,0.765,0.8714,3,2,1,-7,9,0.6427,9.89,0,1,0
3,-7.6032,0,0,0,1,2,0.7892,0.8331,3,2,0,-8,9,0.6286,8.97,0,0,0
2,-2.3095,0,0,1,1,1,0.5806,1.0628,1,2,1,-12,2,0.0793,14.48,0,0,1
2,-16.6557,0,1,1,1,1,0.5986,13.705,1,2,0,-3,2,0.0332,240.0,0,0,1
2,5.5142,0,0,1,1,1,0.575,10.098,0,2,0,0,0,0.1002,231.33,0,0,0
3,0.4272,0,0,0,1,2,0.7933,0.8297,3,2,2,-2,9,0.626,8.89,0,0,0
3,0.9477,0,0,0,1,2,0.7758,2.3275,1,2,0,1,3,0.5063,44.84,0,0,0
2,-12.8588,0,0,0,1,2,0.7083,10.7825,1,2,0,-5,2,0.1206,240.0,0,0,1
2,5.5142,0,0,0,1,2,0.6056,1.0327,3,2,0,-2,6,0.0657,13.76,0,2,0
3,-13.8482,0,0,1,1,1,0.7975,2.3655,3,2,1,-6,9,0.5313,45.75,0,1,0
2,-13.8482,0,0,0,1,2,0.6069,3.1684,2,2,0,-5,4,0.0005,65.02,0,0,0
3,0.4272,0,0,0,1,2,0.78,4.8397,1,2,0,-11,3,0.5591,105.13,0,0,1
2,0.9477,0,0,1,3,1,0.5667,0.9663,1,0,0,-8,2,0.0313,12.17,0,0,0
3,0.9477,0,0,1,1,1,0.76,8.3219,3,2,1,-6,9,0.4848,188.7,0,0,0
3,-1.5152,0,0,0,1,2,0.7258,0.8168,2,2,1,1,6,0.6202,8.58,0,1,0
3,0.0,1,1,0,1,3,0.7417,0.7982,2,2,0,2,6,0.6103,8.13,0,0,1
2,-7.6032,0,0,1,1,1,0.7333,11.0616,2,2,0,-12,4,0.1316,240.0,0,0,1
2,-12.8588,0,0,1,1,1,0.6954,4.0437,2,2,0,-12,4,0.001,86.03,0,1,2
3,0.0,1,0,1,1,1,0.7567,0.7744,1,2,0,-6,3,0.602,7.56,0,0,0
3,-2.9522,0,0,1,1,1,0.77,0.7546,2,2,0,0,6,0.5936,7.09,0,0,0
3,-13.4935,0,0,1,1,1,0.7958,3.9746,3,2,0,-12,9,0.557,84.36,0,1,2
2,0.0,1,0,0,1,3,0.6454,7.8648,1,2,1,-7,2,0.0073,177.73,0,1,0
2,2.6834,0,0,1,1,1,0.5792,0.9263,1,2,0,-6,2,0.0083,11.21,0,0,0
2,0.4272,0,0,1,1,1,0.6069,5.1605,0,2,0,-6,0,0.0005,112.83,0,0,0
2,-13.8482,0,0,0,1,2,0.6,0.8549,3,11,3,10,6,0.0005,9.49,0,2,0
2,-7.6032,0,0,0,1,3,0.5736,0.9614,1,2,1,2,2,0.0287,12.05,0,0,0
2,-13.8234,0,0,0,1,3,0.6,0.8645,1,2,0,-1,2,0.0005,9.72,0,0,0
3,-13.8482,0,0,0,1,3,0.7833,0.84,2,2,1,2,6,0.6322,9.14,0,0,0
2,-16.0535,0,1,1,3,2,0.6602,12.6171,2,6,1,5,4,0.0179,240.0,0,2,1
2,0.0,1,0,1,3,3,0.6065,1.0304,1,6,1,-3,2,0.0652,13.71,0,0,0
2,-8.2711,0,0,1,3,2,0.5583,0.9403,2,6,2,2,4,0.0162,11.54,0,1,0
3,-1.5152,0,0,1,3,2,0.795,8.9612,3,6,2,-7,9,0.5797,204.04,0,0,1
2,-8.2711,0,0,1,3,1,0.5583,0.9709,2,6,2,4,4,0.0344,12.28,0,0,0
3,2.8308,0,0,1,3,1,0.7733,3.4347,1,6,0,-11,3,0.5926,71.61,0,0,0
3,5.5142,0,0,1,3,1,0.7542,0.883,1,6,0,-11,3,0.6489,10.17,0,0,0
2,0.0,1,0,0,1,3,0.6806,1.1085,0,5,0,-1,0,0.1033,15.58,0,0,1
2,-2.9522,0,1,1,3,3,0.6491,10.2214,2,6,1,3,4,0.1096,234.29,0,0,0
2,2.6834,0,1,1,3,2,0.6102,4.569,0,6,0,5,0,0.0016,98.63,0,0,0
3,-1.5152,0,0,1,3,3,0.7533,0.8832,1,6,0,-6,3,0.6495,10.17,0,0,0
3,-16.0535,0,0,1,3,2,0.7467,13.574,3,6,3,2,9,0.6361,240.0,0,1,1
2,-7.6032,0,0,1,3,2,0.5569,9.1116,2,6,1,-7,4,0.0215,207.65,0,0,1
2,-2.3095,0,0,1,3,2,0.5898,1.0514,1,6,0,-4,2,0.0741,14.21,0,0,0
3,-7.6032,0,0,1,3,1,0.7383,0.8985,1,6,0,1,3,0.6588,10.54,0,0,0
3,-1.5152,0,0,1,3,2,0.7342,0.8063,2,6,1,2,6,0.615,8.33,0,0,0
2,-7.6032,0,0,1,3,3,0.7139,10.0077,2,6,1,3,4,0.0991,229.16,0,1,1
3,-1.5152,0,1,1,3,1,0.76,0.8753,3,6,3,4,9,0.6453,9.98,0,1,0
2,-13.8482,0,0,1,3,3,0.5764,0.9972,2,6,2,3,4,0.0454,12.91,0,1,0
2,-1.5152,0,1,1,3,1,0.6204,0.7838,1,6,1,4,2,0.0005,7.79,0,0,0
2,-11.3128,0,0,1,3,1,0.7806,11.6517,3,6,2,-5,6,0.0089,240.0,0,0,1
3,-13.8482,0,0,1,3,3,0.7417,8.9243,2,6,1,0,6,0.566,203.16,0,1,0
3,-7.6032,0,0,1,3,1,0.7808,0.8424,2,6,1,-8,6,0.6338,9.19,0,0,0
3,0.0,1,1,1,3,2,0.7558,0.7759,2,6,2,-1,6,0.6025,7.6,0,1,0
2,-2.3095,0,0,1,3,2,0.5625,0.9686,2,6,2,5,4,0.0329,12.22,0,0,0
2,-2.3095,0,0,1,3,1,0.675,1.0813,2,6,2,4,4,0.0892,14.93,0,1,0
2,-11.0801,0,0,1,3,2,0.5583,9.1608,1,6,0,-4,2,0.0435,208.83,0,1,1
2,-11.3128,0,0,1,3,2,0.7189,10.9542,2,6,0,-4,4,0.13,240.0,0,0,2
3,0.9477,0,0,1,3,2,0.7867,6.0066,1,6,1,5,3,0.5706,133.13,0,1,1
2,0.4272,0,0,1,3,1,0.6042,4.688,1,6,0,-2,2,0.0005,101.49,0,0,0
3,-7.6032,0,0,1,3,2,0.7867,0.8364,2,6,2,5,6,0.6302,9.05,0,1,0
2,-13.8482,0,0,1,2,2,0.6426,11.591,2,7,0,0,4,0.0105,240.0,0,0,0
3,2.6834,0,0,0,2,3,0.7325,0.9064,2,7,0,-2,6,0.6625,10.73,0,0,0
3,-7.6032,0,0,1,2,1,0.7492,0.785,2,7,1,2,6,0.6067,7.82,0,0,1
2,-13.4935,0,0,1,2,2,0.7225,0.8491,2,7,2,6,4,0.0005,9.35,0,1,1
3,-3.8986,0,0,0,2,3,0.8008,12.3104,2,7,2,7,6,0.5307,240.0,1,2,0
2,-2.3095,0,0,0,2,3,0.5819,0.9229,2,7,2,4,4,0.0073,11.12,0,1,0
2,-1.5152,0,0,0,2,3,0.5542,1.0093,1,7,1,4,2,0.0537,13.2,0,0,0
2,-20.0713,0,0,0,2,3,0.7344,5.5818,2,4,1,-2,4,0.001,124.0,0,1,2
3,-13.8482,0,0,1,2,2,0.7558,0.8798,2,7,1,0,6,0.6479,10.09,0,0,0
2,3.4156,0,0,1,2,1,0.6796,1.0731,1,7,0,2,2,0.0856,14.73,0,1,1
3,-2.9522,0,0,0,2,3,0.7467,0.79,3,7,2,7,9,0.6077,7.93,0,1,0
2,0.0,1,0,1,2,1,0.6025,17.4248,1,7,2,5,2,0.5099,240.0,0,1,3
3,-12.8588,0,0,1,2,2,0.7267,3.8625,3,7,3,3,9,0.5141,81.67,0,2,1
2,0.9477,0,0,1,2,1,0.6769,1.1133,2,7,1,5,4,0.1049,15.69,0,1,0
2,-15.2187,0,0,0,2,3,0.663,1.0909,1,1,0,-8,2,0.096,15.16,0,0,0
2,-13.8482,0,0,0,2,3,0.6042,9.0687,3,7,3,7,6,0.0037,206.62,0,1,0
2,-13.4935,0,0,0,2,3,0.6069,6.7604,2,7,0,-2,4,0.0005,151.23,0,0,0
3,-12.5472,0,0,1,2,2,0.8,3.5835,3,7,1,-9,9,0.4163,74.98,0,1,0
2,0.4272,0,0,1,2,1,0.6069,3.8793,2,7,2,-10,4,0.0005,82.08,0,2,0
2,-1.5152,0,0,1,2,2,0.6028,0.9741,2,7,1,-6,4,0.036,12.35,0,1,0
3,2.6834,0,1,1,2,2,0.6444,3.2176,0,7,0,6,0,0.3075,66.2,0,0,0
2,-10.264,0,1,1,2,2,0.6,2.6839,2,4,0,0,4,0.0021,55.61,0,0,0
2,1.9929,0,0,1,2,1,0.5963,1.0451,0,7,1,-10,0,0.0709,14.06,0,0,0
2,0.4272,0,0,1,2,1,0.7046,10.8126,1,7,1,5,2,0.1211,240.0,0,0,1
2,0.4272,0,0,1,2,2,0.6014,0.7228,1,7,1,6,2,0.0005,6.32,0,1,0
2,-1.5152,0,0,1,2,1,0.6014,0.944,1,7,0,-1,2,0.0183,11.63,0,0,0
3,-2.9522,0,1,1,2,2,0.74,0.7991,3,7,3,3,9,0.6114,8.15,0,1,0
2,0.4272,0,0,1,2,1,0.5875,0.9882,2,7,1,-4,4,0.0412,12.69,0,0,0
3,6.1813,0,0,1,2,2,0.7475,0.7888,1,7,1,-3,3,0.6072,7.91,0,0,0
3,-12.8588,0,0,1,2,2,0.7991,12.133,2,7,1,3,6,0.4157,240.0,0,1,1
2,-16.6557,0,0,1,2,2,0.5815,1.062,2,7,2,3,4,0.0788,14.46,0,2,0
2,-12.8588,0,0,1,2,1,0.6389,5.6814,2,7,0,-1,4,0.001,125.33,0,1,0
3,-7.6032,0,0,0,2,3,0.76,9.0078,4,7,2,1,12,0.6006,205.16,0,1,0
2,-1.9929,0,1,0,1,3,0.6028,4.1662,2,5,1,5,4,0.0005,91.18,0,0,1
2,-12.8588,0,0,1,2,2,0.7633,2.9762,3,7,2,3,6,0.0387,60.4,0,1,1
3,-2.9522,0,0,1,2,1,0.763,3.4005,3,7,0,-1,9,0.3473,70.59,0,2,1
2,-1.5152,0,1,1,2,2,0.5597,0.9693,2,7,1,6,4,0.0339,12.24,0,0,0
3,-1.5152,0,1,1,2,2,0.7392,0.8974,3,7,2,6,9,0.6583,10.51,0,0,1
2,-13.8234,0,0,0,2,3,0.6056,8.5367,1,7,2,1,2,0.0031,193.86,0,0,1
2,0.4272,0,0,0,2,3,0.5991,1.0404,1,7,0,4,2,0.0694,13.95,0,0,0
2,0.9477,0,0,1,2,2,0.5611,0.9382,0,7,0,3,0,0.0151,11.49,0,0,0
2,-2.9522,0,0,0,2,3,0.6491,10.2311,2,7,2,1,4,0.1096,234.52,0,1,1
2,0.0,1,0,1,2,2,0.5639,1.0033,1,7,2,6,2,0.0501,13.05,0,1,1
2,-4.9929,0,0,1,2,2,0.6678,4.3752,2,7,1,3,4,0.1064,94.18,0,0,0
2,-12.8588,0,0,1,2,1,0.6435,3.0561,2,7,2,5,4,0.0157,62.32,0,1,1
3,-2.9522,0,0,1,2,2,0.7367,0.9006,3,7,2,6,9,0.6599,10.59,0,1,0
2,-2.3095,0,0,1,2,2,0.5972,1.0443,2,1,0,-3,4,0.0704,14.04,0,0,0
3,-12.5472,0,0,1,2,2,0.775,0.8531,3,7,1,-9,9,0.6375,9.45,0,2,0
3,0.0,1,1,0,2,3,0.7708,0.8598,0,7,1,1,0,0.6395,9.61,0,0,0
2,-13.8482,0,0,1,2,1,0.5792,0.9952,2,7,1,-1,4,0.0443,12.86,0,1,0
2,-13.4935,0,0,1,2,2,0.6815,1.0748,3,7,1,6,6,0.0856,14.77,0,1,0
3,-12.5472,0,0,1,2,2,0.6481,11.8734,3,7,1,-9,9,0.2985,240.0,0,1,0
2,-13.4935,0,0,1,2,1,0.6139,1.021,1,7,0,-4,2,0.061,13.48,0,0,0
2,-16.6557,0,0,1,2,1,0.6578,1.7424,2,7,0,-4,4,0.109,30.79,0,0,1
2,-8.2711,0,0,1,2,1,0.5833,9.1368,2,7,1,5,4,0.0341,208.26,0,2,1
3,-2.3095,0,0,1,2,2,0.7519,3.4102,2,7,2,3,6,0.3536,70.82,0,1,0
2,0.9477,0,0,1,2,1,0.5852,1.0569,1,7,0,-1,2,0.0767,14.34,0,1,0
3,-7.6032,0,0,0,2,3,0.7658,7.0201,3,7,2,4,9,0.5586,157.46,0,0,0
3,-13.4935,0,0,1,2,2,0.7692,2.334,3,7,2,6,9,0.5099,44.99,0,1,1
3,-8.2711,0,0,0,1,2,0.7492,5.7898,2,8,2,7,6,0.5659,127.93,0,0,0
3,-16.6557,0,0,0,1,2,0.7992,5.2261,3,8,3,4,9,0.5664,114.4,0,2,0
2,-1.5152,0,0,1,1,1,0.7758,2.0685,1,8,1,3,2,0.0251,38.62,0,0,1
3,-8.2711,0,0,0,1,2,0.7856,12.2644,2,8,2,4,6,0.516,240.0,0,2,1
2,0.4272,0,0,0,1,2,0.7242,0.8993,1,8,1,7,2,0.0005,10.56,0,0,1
3,-13.4935,0,0,1,1,1,0.7642,9.0011,3,8,3,6,9,0.598,205.0,0,1,0
2,-13.4935,0,0,1,1,1,0.5907,9.9594,0,8,0,-3,0,0.0928,228.0,0,0,0
3,-0.6347,0,0,1,3,1,0.7324,0.5909,1,0,0,-11,3,0.4583,4.68,0,0,1
3,-13.4935,0,0,0,1,2,0.7758,0.7481,3,8,2,-8,9,0.591,6.93,0,2,0
2,-1.5152,0,1,0,1,2,0.6796,1.1094,2,8,2,7,4,0.1038,15.6,0,0,0
2,-13.4935,0,0,0,1,2,0.5958,0.9474,2,8,1,7,4,0.0203,11.71,0,0,0
3,-15.2187,0,0,0,1,3,0.7222,12.0172,2,8,2,8,6,0.3652,240.0,0,1,0
2,0.4272,0,0,0,1,2,0.5847,0.9207,1,8,1,7,2,0.0063,11.07,0,0,0
3,-12.8588,0,0,0,1,2,0.8,11.7866,3,8,3,4,9,0.3095,240.0,0,1,2
3,-13.286,0,0,1,3,2,0.73,0.9069,3,0,0,-13,9,0.494,13.44,0,2,1
3,0.0,1,0,1,1,1,0.8008,1.0923,0,2,0,-12,0,0.7078,9.88,0,0,2
3,-1.5152,0,0,1,1,1,0.7508,0.7817,4,8,1,-6,12,0.6056,7.74,0,0,0
2,-15.2187,0,0,0,1,3,0.6519,1.1061,2,8,1,2,4,0.1022,15.52,0,0,0
2,-1.7357,0,0,0,1,2,0.612,10.5219,3,11,3,4,6,0.0058,240.0,0,1,1
3,-7.6032,0,0,0,1,3,0.7292,0.8134,2,8,1,-7,6,0.6182,8.5,0,0,0
2,-13.8234,0,0,0,1,2,0.6065,1.0311,2,8,2,7,4,0.0652,13.72,0,2,0
2,-11.3128,0,0,0,1,3,0.587,1.0547,1,8,1,-1,2,0.0756,14.29,0,1,1
2,-7.6032,0,0,0,1,3,0.6194,0.5905,1,8,1,8,2,0.0005,3.15,0,0,0
3,-13.4935,0,0,0,1,3,0.7633,0.7632,2,8,1,-1,6,0.5978,7.29,0,1,0
3,-11.3128,0,0,0,1,2,0.7483,5.79,3,8,1,-2,9,0.5664,127.94,0,0,0
3,5.5142,0,0,1,3,3,0.7842,0.6508,3,3,0,-6,9,0.5879,4.59,0,2,0
2,-16.0535,0,1,1,3,2,0.6176,8.6099,1,3,0,-10,2,0.0115,195.61,0,0,1
2,2.6834,0,1,1,3,1,0.612,6.9964,0,3,0,-8,0,0.0005,156.89,0,0,1
2,-13.8482,0,0,1,3,2,0.5681,0.9648,1,3,0,-4,2,0.0308,12.13,0,0,0
2,-2.3095,0,0,1,3,2,0.5833,1.0596,0,3,0,-10,0,0.0777,14.4,0,0,0
2,-1.5152,0,0,1,3,2,0.7148,2.5807,2,3,1,-7,4,0.1044,50.91,0,0,0
2,-13.4935,0,0,1,3,2,0.7725,6.675,2,3,1,-7,4,0.0042,149.18,0,2,1
2,1.9929,0,0,1,3,2,0.6787,1.1108,0,3,0,2,0,0.1038,15.63,0,0,0
3,-13.4935,0,0,1,3,2,0.7517,8.9133,2,3,1,-1,6,0.5597,202.89,0,0,0
3,-13.8482,0,0,1,3,2,0.73,0.812,2,3,2,2,6,0.6176,8.46,0,1,0
3,-2.9522,0,0,1,3,1,0.79,14.306,2,3,1,1,6,0.7685,240.0,0,2,1
2,-6.2202,0,1,0,1,2,0.6069,0.7243,1,8,1,1,2,0.0005,4.64,0,0,2
2,-13.8482,0,0,1,3,1,0.6,9.8935,2,3,2,1,4,0.0881,226.42,0,0,2
3,-7.6032,0,0,1,3,2,0.735,0.805,3,3,1,-13,9,0.6145,8.3,0,0,0
3,-2.3095,0,0,1,3,1,0.7992,0.7561,3,3,2,-11,9,0.5942,7.12,0,2,0
2,-2.3095,0,0,1,2,2,0.5611,9.6259,1,4,0,-9,2,0.0671,220.0,0,0,0
1,-16.5068,0,0,1,1,1,0.5736,4.6254,1,8,0,0,1,0.0005,100.19,0,0,1
3,1.9929,0,0,1,2,1,0.7758,4.9697,2,4,1,-10,6,0.5591,108.25,0,0,2
2,0.0,1,0,1,2,2,0.6657,1.0885,0,4,0,-3,0,0.0944,15.1,0,0,1
3,12.9744,0,0,1,3,1,0.6306,0.8687,0,0,0,-8,0,0.4103,4.51,0,0,0
3,-8.2711,0,0,1,2,2,0.7675,6.9578,3,4,1,0,9,0.5596,155.96,0,1,1
3,0.0,1,0,1,2,2,0.7883,0.8341,2,4,1,-6,6,0.6291,8.99,0,1,0
3,-12.8588,0,0,1,2,2,0.7148,3.7388,2,4,1,-3,6,0.4681,78.71,0,1,1
2,0.0,1,1,1,2,2,0.6028,0.9475,0,4,0,0,0,0.0209,11.72,1,0,0
2,-13.4935,0,0,1,2,1,0.6028,7.7596,2,4,0,-13,4,0.0084,175.21,0,0,0
3,-8.2711,0,0,1,2,1,0.7725,8.8842,2,4,0,-4,6,0.5472,202.2,0,1,1
3,-7.6032,0,0,0,2,3,0.7992,4.6896,1,4,0,-11,3,0.5544,101.53,0,0,0
3,-12.5472,0,0,0,2,3,0.7908,4.6972,3,4,1,-2,9,0.5549,101.71,0,1,1
2,-11.0801,0,0,0,2,3,0.6028,0.7686,2,4,0,-5,4,0.0005,7.42,0,1,1
2,2.6834,0,0,1,2,2,0.5986,0.9778,0,4,0,0,0,0.0376,12.44,0,0,1
2,5.5142,0,0,1,2,2,0.6602,1.0944,2,4,0,0,4,0.0975,15.24,0,0,0
3,-13.286,0,0,0,2,3,0.6956,0.9361,2,10,2,4,6,0.5102,14.14,0,1,0
2,-7.6032,0,0,1,2,2,0.6537,1.1038,3,4,1,3,6,0.1012,15.47,0,1,0
2,-12.5472,0,0,1,2,2,0.6528,10.2132,2,4,1,0,4,0.1075,234.09,0,0,0
3,-11.3128,0,0,0,2,3,0.612,11.9189,2,4,0,-5,6,0.319,240.0,0,0,2
2,-2.9522,0,0,1,2,2,0.5847,0.9532,2,4,2,3,4,0.0245,11.85,0,1,0
3,-11.3436,0,0,0,1,2,0.7783,4.5955,3,11,3,1,9,0.5727,94.62,0,0,3
2,0.0,1,0,1,2,1,0.5972,0.9119,1,4,0,-4,2,0.0016,10.86,0,0,0
3,-12.2719,0,0,1,2,1,0.7367,12.3173,3,4,0,-4,9,0.5323,240.0,0,0,1
3,-13.4935,0,0,0,2,3,0.7975,0.8226,3,4,2,-5,9,0.6234,8.72,0,1,0
2,2.6834,0,0,1,2,2,0.5722,14.812,0,4,0,-9,0,0.0665,240.0,0,0,1
3,1.9929,0,0,0,2,3,0.7742,0.8538,2,4,0,-2,6,0.638,9.47,0,0,0
2,0.0,1,0,0,1,3,0.6648,1.5169,1,14,1,-1,2,0.0949,28.08,0,0,0
2,0.9477,0,0,1,2,2,0.5556,0.9728,0,4,0,3,0,0.0355,12.32,0,0,0
2,0.9477,0,0,1,2,2,0.6194,1.0163,1,4,0,-3,2,0.0579,13.37,0,1,1
2,9.0872,0,0,0,1,2,0.6463,10.6165,0,5,0,5,0,0.1101,240.0,0,0,0
3,-0.3116,0,0,0,2,3,0.7287,0.904,2,10,1,1,6,0.4604,5.36,0,0,1
2,-12.5472,0,0,0,1,2,0.6069,4.2086,1,5,0,-2,2,0.0016,89.98,0,1,0
1,-16.6557,0,0,0,1,2,0.5231,17.0078,1,5,1,4,1,0.0005,240.0,0,0,1
3,-12.8588,0,1,1,1,1,0.78,12.2101,3,5,1,0,9,0.475,240.0,0,0,1
2,-2.9522,0,0,1,1,1,0.6472,3.1539,1,5,1,3,2,0.0016,64.67,0,0,0
2,-8.2711,0,0,0,1,2,0.5625,1.0047,2,5,2,1,4,0.0506,13.09,0,0,0
3,-11.74,0,0,0,1,2,0.7789,8.7267,2,11,2,1,6,0.477,201.11,0,1,0
2,0.4272,0,0,1,1,1,0.5819,0.9543,1,5,1,0,2,0.0256,11.88,0,1,0
2,-15.2187,0,0,1,1,1,0.5861,1.0557,2,5,1,-6,4,0.0762,14.31,0,2,0
3,-11.3128,0,0,0,1,2,0.7733,0.8561,2,5,2,1,6,0.6385,9.52,0,0,0
2,6.1813,0,0,0,1,3,0.5875,0.9518,0,5,0,-4,0,0.0235,11.82,0,0,0
3,-7.6032,0,0,1,1,1,0.7633,3.8185,3,5,2,-3,9,0.4969,80.62,0,0,1
3,-1.5152,0,0,0,1,2,0.77,0.8631,2,5,1,4,6,0.6401,9.69,0,0,0
2,5.5142,0,0,1,1,1,0.5824,1.0605,1,5,1,-12,2,0.0782,14.43,0,0,0
3,-16.6557,0,0,1,1,1,0.7367,8.8128,3,5,2,3,9,0.522,200.48,0,3,2
3,-13.8065,0,0,1,2,1,0.7889,1.4857,2,7,0,-7,6,0.5269,26.62,0,0,0
2,0.0,1,0,0,1,2,0.7019,2.5895,2,5,1,-5,4,0.1117,51.12,0,1,0
2,-2.3095,0,0,0,1,2,0.6069,7.7785,2,5,1,4,4,0.0084,175.66,0,2,1
3,-13.4935,0,0,0,1,3,0.6456,13.617,3,5,3,2,9,0.6841,240.0,0,2,0
2,1.2216,0,0,0,1,2,0.6241,0.8579,0,5,0,1,0,0.0228,9.37,0,0,1
2,-13.8065,0,0,1,2,2,0.6991,5.8697,1,7,1,6,2,0.001,131.84,0,1,1
2,2.0986,0,0,0,1,2,0.6704,5.0124,2,2,1,1,4,0.1022,110.33,0,1,0
3,-13.8234,0,0,1,3,2,0.6491,3.173,3,9,3,8,9,0.3054,65.13,0,2,0
1,-7.1697,0,0,1,3,2,0.5,17.5985,1,9,1,9,1,0.0554,240.0,0,1,1
3,-1.5152,0,0,1,3,2,0.7692,0.7572,2,3,0,-7,6,0.5942,7.15,0,0,0
2,6.1813,0,0,1,3,1,0.6028,7.6918,0,9,1,-5,0,0.0026,173.58,0,0,0
3,0.9477,0,0,1,3,1,0.7508,0.8857,2,9,0,7,6,0.651,10.23,0,0,0
2,6.1813,0,0,1,3,1,0.625,14.1524,1,9,0,-5,2,0.0005,240.0,0,1,1
2,-13.4935,0,0,1,3,3,0.6796,1.0766,2,9,0,-6,4,0.0866,14.81,0,0,0
2,-7.6032,0,0,1,3,1,0.5722,0.9297,2,9,2,4,4,0.011,11.29,0,0,0
3,-1.5152,0,0,1,3,1,0.7958,0.8246,3,9,3,4,9,0.6244,8.77,0,0,0
2,-1.5152,0,0,1,3,2,0.5792,0.9557,1,9,1,5,2,0.0266,11.91,0,0,0
2,0.0,1,0,1,3,2,0.6574,1.0968,2,9,2,8,4,0.0991,15.3,0,0,1
2,-13.286,0,0,0,2,3,0.7958,9.0477,2,10,2,10,4,0.0105,208.81,0,0,2
2,-13.8482,0,0,1,3,1,0.5778,1.0653,2,9,2,1,4,0.0809,14.54,0,1,0
3,-13.4935,0,0,1,3,2,0.6639,3.4869,3,9,2,-1,9,0.4032,72.66,0,2,0
2,-7.6032,0,0,1,3,2,0.6711,0.862,2,9,2,5,4,0.0005,9.66,0,0,1
3,-13.4935,0,0,1,3,3,0.775,11.9589,2,9,3,9,6,0.3353,240.0,0,0,1
2,0.0,1,0,1,3,3,0.6778,0.7586,1,9,2,9,2,0.0005,7.18,0,0,1
2,8.0304,0,0,0,1,3,0.6574,0.8745,1,5,0,-1,2,0.0005,8.25,0,0,1
2,-1.5152,0,0,1,3,2,0.6028,0.8819,1,9,1,8,2,0.0005,10.14,0,0,0
2,-7.6032,0,0,1,3,3,0.6815,1.1069,3,9,1,9,6,0.1028,15.54,0,1,0
2,-8.6983,0,0,1,3,1,0.6014,0.7377,2,15,2,13,4,0.0005,9.38,0,0,0
3,0.9477,0,0,1,3,1,0.7417,0.8956,1,9,1,1,3,0.6568,10.47,0,1,0
2,-11.3128,0,0,1,3,1,0.5861,14.898,0,9,0,-2,0,0.1713,240.0,0,0,0
3,0.0,1,0,1,3,2,0.7658,0.7606,2,9,3,2,6,0.5962,7.23,0,0,0
3,0.9477,0,0,1,2,1,0.7408,0.8958,2,10,2,2,6,0.6573,10.47,0,1,0
3,-2.9522,0,0,1,2,1,0.7992,0.7966,1,10,2,8,3,0.6103,8.09,0,0,0
2,-13.4935,0,0,1,2,1,0.6014,0.7873,2,10,2,2,4,0.0005,7.87,0,0,0
3,-2.9522,0,0,1,2,1,0.8009,3.2306,4,10,4,2,12,0.3086,66.51,0,2,1
2,-13.8234,0,0,1,2,2,0.575,1.0689,3,10,2,6,6,0.0824,14.63,0,2,0
3,-13.4935,0,0,1,2,1,0.7267,0.8156,3,10,2,8,9,0.6197,8.55,0,1,0
3,-8.2711,0,0,1,2,1,0.7525,0.8841,2,10,2,5,6,0.65,10.19,0,0,0
2,1.9929,0,0,0,2,3,0.5958,0.9133,0,10,0,7,0,0.0021,10.9,0,0,0
2,19.8728,0,0,1,2,1,0.5625,0.8841,1,4,1,4,2,0.0419,11.63,0,1,2
3,0.5205,0,0,0,2,3,0.7992,1.027,2,10,1,10,6,0.5613,16.32,0,1,0
2,-12.5472,0,0,0,2,3,0.5764,0.9579,2,10,2,7,4,0.0276,11.97,0,0,0
2,-1.5152,0,0,1,2,1,0.6528,1.1049,2,10,1,-1,4,0.1017,15.49,0,0,0
3,-11.74,0,0,1,2,2,0.7567,0.8752,3,1,0,-3,9,0.482,12.68,0,1,0
3,-2.3095,0,0,1,2,1,0.7433,0.7943,3,10,2,5,9,0.6098,8.04,0,0,0
3,-12.5472,0,0,0,2,3,0.7806,3.6264,3,10,0,-5,9,0.431,76.01,0,1,0
2,-17.2638,0,0,1,2,2,0.6856,4.5537,2,10,1,3,4,0.1075,99.32,0,0,1
2,-14.2754,0,0,1,1,1,0.6648,10.5714,1,8,0,0,2,0.1023,240.0,0,0,2
2,-12.5472,0,0,1,2,2,0.7322,6.1148,2,10,2,6,4,0.0005,135.73,0,0,1
2,-11.3128,0,0,1,2,1,0.5958,7.7158,2,10,1,-1,4,0.0052,174.16,0,0,2
2,-12.8588,0,1,1,2,2,0.7093,10.7765,1,10,1,0,2,0.1201,240.0,0,1,1
2,0.0,1,0,1,1,1,0.6704,0.7019,1,2,0,-9,2,0.0005,8.52,0,1,0
2,-11.3128,0,0,1,2,2,0.6083,6.0073,1,10,1,9,2,0.0005,133.15,0,0,0
2,-13.4935,0,0,0,2,3,0.6417,3.0203,1,10,1,10,2,0.023,61.46,0,0,0
3,0.4272,0,0,0,1,2,0.7742,0.7503,1,11,1,10,3,0.5921,6.98,0,0,0
3,1.9929,0,0,0,1,2,0.775,6.1549,2,11,2,7,6,0.5732,136.69,0,1,1
3,1.5657,0,0,1,2,2,0.7,0.9322,2,1,1,-6,6,0.5081,14.04,0,0,0
3,-11.3128,0,0,0,1,3,0.7689,8.3119,2,11,2,5,6,0.4812,188.46,0,0,0
2,0.9477,0,0,0,1,2,0.6611,1.0931,2,11,2,7,4,0.097,15.21,0,0,0
2,-7.6032,0,1,0,1,2,0.5722,0.9624,2,11,1,-2,4,0.0292,12.07,0,0,0
2,2.6834,0,0,1,1,1,0.575,14.9036,0,11,0,-3,0,0.1777,240.0,0,0,2
3,-8.0304,0,0,1,1,1,0.7089,0.9253,3,11,1,-3,9,0.5039,13.88,0,1,1
3,1.9929,0,0,1,1,1,0.7425,0.7957,2,11,1,9,6,0.6098,8.07,0,1,0
2,0.0,1,0,0,1,2,0.6028,0.7713,1,11,2,10,2,0.0005,7.49,0,1,1
2,-8.4908,0,0,0,2,3,0.5926,7.2288,2,13,2,7,4,0.073,161.53,0,1,0
2,0.4272,0,0,1,1,1,0.6713,1.084,1,11,1,9,2,0.0913,14.99,0,0,0
3,-13.4935,0,0,0,1,3,0.7708,8.99,3,11,3,2,9,0.5938,204.73,0,2,1
2,7.7823,0,0,1,2,2,0.5322,1.1437,0,7,0,3,0,0.4121,8.97,0,0,2
3,-12.8588,0,0,0,1,2,0.7972,12.1352,2,11,1,4,6,0.4167,240.0,0,0,0
2,-5.7541,0,0,1,1,1,0.66,7.9132,3,5,0,-6,6,0.1095,177.95,0,1,1
2,0.729,0,0,0,1,2,0.5056,14.9347,1,11,1,11,2,0.217,240.0,0,1,1
3,-1.5461,0,0,0,2,3,0.7344,0.9244,1,1,0,-8,3,0.4966,8.82,0,0,1
2,-0.4272,0,0,1,3,3,0.6769,0.8769,2,12,2,3,4,0.0005,12.72,0,0,1
3,-0.4272,0,0,1,2,1,0.7992,0.8787,3,1,0,-10,9,0.482,12.76,0,1,0
3,-3.4979,0,0,1,3,1,0.7575,7.0586,3,9,1,-2,9,0.6468,157.44,0,1,0
3,-12.9744,0,0,0,1,3,0.7056,0.9277,2,11,1,-4,6,0.5055,13.94,0,1,0
2,-12.6991,0,1,1,3,1,0.5875,1.3462,1,9,1,7,2,0.0052,23.98,0,0,0
2,0.9477,0,0,1,2,2,0.6811,0.9242,1,4,0,-3,2,0.0083,11.16,0,1,1
3,7.6032,0,0,1,2,1,0.7789,0.8169,1,1,0,-7,3,0.5178,6.87,0,1,0
2,-6.245,0,0,0,1,2,0.6083,0.8176,2,14,2,7,4,0.0005,6.88,0,0,1
2,-6.3678,0,0,1,1,1,0.6843,4.4863,2,5,2,3,4,0.084,97.7,0,1,0
3,0.9477,0,0,0,1,3,0.7875,0.8352,0,8,1,5,0,0.6296,9.02,1,0,0
3,13.286,0,0,1,3,2,0.775,0.7749,1,3,0,-7,3,0.7015,9.09,0,0,1
3,0.5205,0,1,0,2,3,0.7367,0.9012,1,4,0,4,3,0.4909,13.3,0,0,0
3,-1.2345,0,0,1,2,2,0.7704,0.8478,3,1,0,-15,9,0.4319,6.98,0,2,0
2,0.4272,0,0,1,2,2,0.6704,1.0849,1,1,0,-3,2,0.0918,15.01,0,0,0
2,-10.2866,0,0,1,3,1,0.6069,8.8664,2,0,0,-14,4,0.0005,201.97,0,0,1
2,-15.2187,0,0,1,1,1,0.5796,1.064,3,2,0,0,6,0.0798,14.51,0,2,0
3,-11.74,0,0,1,3,2,0.6989,0.9334,2,9,1,-1,6,0.5086,14.07,0,1,0
2,-0.3298,0,0,1,3,3,0.7383,0.7311,1,9,1,6,2,0.0005,6.33,0,0,3
2,5.2937,0,0,1,3,2,0.612,0.6768,0,0,0,-4,0,0.0005,3.5,0,0,1
2,0.0,1,0,1,3,3,0.6194,0.8287,1,9,1,6,2,0.0074,8.67,0,0,0
3,0.0,1,0,1,3,2,0.7317,0.7409,0,9,0,-7,0,0.7341,6.56,0,0,3
2,-0.3547,0,1,1,3,1,0.6181,0.6444,1,9,1,1,2,0.0005,4.25,0,0,1
2,6.1369,0,0,1,3,2,0.5889,1.4144,1,9,0,9,2,0.0407,25.62,0,1,0
2,-3.3794,0,1,1,3,1,0.6833,2.1912,2,9,1,7,4,0.1106,44.26,0,1,1
2,-11.6867,0,1,1,2,2,0.7642,5.4018,1,4,0,0,2,0.048,119.68,0,1,1
3,2.1808,0,0,1,3,2,0.7708,0.6608,2,9,1,8,6,0.71,4.64,0,1,1
2,0.0,1,0,1,3,1,0.6981,4.6148,1,9,2,7,2,0.0021,102.43,0,0,1
3,-3.1622,0,0,1,3,2,0.8025,0.7757,2,9,0,-1,6,0.7479,7.4,0,1,1
2,1.5657,0,0,1,3,1,0.6796,0.8549,0,9,0,-5,0,0.0005,12.19,0,0,0
3,-3.1622,0,0,1,3,1,0.765,0.6813,1,9,1,4,3,0.7126,5.13,0,0,1
2,-3.1622,0,0,1,3,2,0.6185,0.7166,2,9,2,5,4,0.0011,5.98,0,1,1
2,5.8903,0,1,1,3,1,0.6204,0.8399,0,9,0,7,0,0.0128,8.94,0,0,0
3,-8.0304,0,0,1,3,2,0.7022,0.9306,3,9,2,-7,9,0.507,14.01,0,0,0
2,-0.3298,0,0,1,3,1,0.6194,0.7499,1,9,1,4,2,0.0005,6.78,0,0,1
3,-2.56,0,0,1,3,2,0.7233,0.7571,1,9,1,5,3,0.7389,6.95,0,0,0
3,14.4412,0,1,1,3,2,0.7883,0.6299,0,9,0,2,0,0.6988,3.9,0,0,2
3,0.0,1,1,1,3,1,0.7992,0.6741,2,9,2,-2,6,0.4799,7.85,0,2,0
3,-1.7251,0,0,1,3,2,0.6511,0.5836,1,9,1,5,3,0.6765,2.79,0,0,1
2,5.2224,0,0,1,3,3,0.6042,2.694,0,9,0,9,0,0.3769,53.44,0,0,2
3,2.2562,0,0,0,1,3,0.7922,0.9623,1,5,1,5,3,0.5253,14.77,0,1,0
3,-2.7367,0,0,1,3,3,0.7992,0.8314,2,9,2,9,6,0.481,11.62,0,0,0
2,-8.0304,0,0,1,3,2,0.6093,10.1972,1,9,0,-4,2,0.0829,236.4,0,0,1
3,-3.1622,0,0,0,2,3,0.7917,0.8107,1,10,1,4,3,0.7674,8.24,0,0,0
3,-1.7787,0,0,1,2,1,0.613,0.8378,1,7,0,-4,3,0.3184,10.57,0,0,0
3,13.6488,0,0,0,2,3,0.6942,0.792,0,10,0,10,0,0.7553,7.79,0,0,1
2,-2.6311,0,0,1,1,1,0.5991,8.3811,1,2,1,2,2,0.0886,185.48,0,1,1
2,-8.0304,0,1,1,2,2,0.5694,10.0366,2,10,2,9,4,0.064,232.55,0,0,0
3,3.4156,0,0,0,2,3,0.7044,0.6125,1,10,1,10,3,0.566,3.68,0,0,0
3,-0.4272,0,1,1,2,1,0.7433,0.896,1,1,0,-1,3,0.4877,13.18,0,0,1
3,19.6748,0,0,1,2,1,0.8025,0.6583,1,10,1,8,3,0.71,4.58,0,1,2
3,-3.1622,0,1,1,2,1,0.7025,0.7817,1,10,1,8,3,0.7505,7.54,0,0,1
2,-2.56,0,0,1,2,1,0.5306,1.4296,1,10,1,8,2,0.2032,23.09,0,1,1
3,-3.3794,0,0,0,2,3,0.6861,3.8945,1,10,1,4,3,0.3907,85.14,0,0,0
2,-8.0304,0,1,1,2,1,0.5903,2.9253,2,10,2,8,4,0.0501,61.88,0,1,0
3,-0.9477,0,0,1,3,1,0.7733,1.2601,3,6,0,-2,9,0.4799,21.21,0,0,0
3,-2.7367,0,0,1,2,2,0.7889,3.8049,2,10,3,6,6,0.3326,82.99,0,0,2
1,-9.1334,0,0,1,2,2,0.6556,7.964,2,10,2,6,2,0.001,179.17,0,0,2
3,-0.3298,0,0,1,2,2,0.795,0.6235,2,10,2,3,6,0.6945,3.75,0,1,2
2,-17.0829,0,0,0,2,3,0.7656,0.7869,2,10,2,1,4,0.0005,10.56,0,1,0
2,-2.7367,0,0,1,2,2,0.7475,3.2394,1,10,1,0,2,0.0715,69.42,0,0,1
2,2.2562,0,0,1,2,2,0.6176,0.733,0,10,0,9,0,0.0005,9.26,0,0,0
2,-0.3547,0,1,1,2,1,0.625,0.7186,1,10,1,2,2,0.0005,6.03,0,0,2
3,-8.0304,0,0,1,2,2,0.7667,0.9843,3,10,2,6,9,0.5373,15.29,0,0,0
3,-2.7367,0,0,1,2,2,0.7992,0.8623,3,10,2,-3,9,0.4815,12.37,0,1,0
2,-2.7367,0,0,1,2,2,0.6167,0.6567,2,10,1,6,4,0.0005,7.43,0,0,0
3,-1.5152,0,0,0,1,2,0.7325,0.8087,2,2,1,1,6,0.6161,8.38,0,0,0
2,-3.1622,0,1,1,2,1,0.6319,0.7384,1,10,1,8,2,0.0005,6.5,0,0,0
2,9.6727,0,0,0,2,3,0.6222,0.615,1,10,1,10,2,0.0005,3.54,0,1,1
3,1.5657,0,0,1,1,1,0.6933,0.938,2,11,2,3,6,0.5112,14.18,0,0,0
2,11.184,0,0,1,2,1,0.6233,0.677,0,10,0,-4,0,0.0011,5.03,0,0,2
2,-13.9207,1,0,1,2,2,0.6097,12.3223,1,10,1,9,2,0.0005,240.0,0,0,1
3,2.2562,0,0,0,2,3,0.7411,1.0068,2,10,2,1,6,0.5493,15.83,0,1,0
3,-13.286,0,0,1,2,1,0.7111,0.9233,2,10,2,5,6,0.5029,13.83,0,1,0
3,-0.4272,0,0,1,2,2,0.76,0.9886,2,10,2,9,6,0.5404,15.4,0,1,1
3,-13.9207,1,1,1,2,2,0.7992,0.7512,3,10,2,0,9,0.4804,9.7,0,2,0
2,-15.6458,0,0,1,2,1,0.6009,0.4293,2,10,1,-1,4,0.0318,1.97,0,2,0
3,-2.56,0,0,0,2,3,0.7967,0.8052,1,10,1,7,3,0.7642,8.11,0,0,1
2,-0.3298,0,0,1,2,2,0.6181,0.8275,1,10,1,3,2,0.0064,8.64,0,0,2
2,1.5657,0,0,1,2,2,0.7375,2.2516,2,10,0,3,4,0.0991,45.71,0,1,1
2,0.6347,0,0,0,2,3,0.6367,3.4292,0,10,0,-2,0,0.282,71.08,0,0,1
2,16.1769,0,0,1,2,2,0.6185,0.8555,0,10,0,0,0,0.0218,9.31,0,0,2
2,-1.9424,0,1,1,2,1,0.6676,0.574,2,10,1,-1,4,0.0156,5.45,0,1,0
3,0.0,1,0,0,2,3,0.7422,1.006,2,1,0,-8,6,0.5488,15.82,0,1,0
3,-14.2754,0,1,0,2,3,0.6583,13.9062,2,10,2,4,6,0.5005,240.0,0,0,0
3,0.0,1,0,1,2,2,0.77,0.6624,0,10,0,-6,0,0.7105,4.68,0,0,1
2,-3.1622,0,0,1,2,2,0.6292,0.8217,1,10,1,6,2,0.0021,8.5,0,0,2
3,-3.3794,0,0,1,2,1,0.7289,0.9078,4,10,3,5,12,0.4945,13.46,0,2,0
2,-14.2754,0,1,0,2,3,0.5806,9.5661,1,10,1,4,2,0.0351,221.26,0,0,0
3,-2.56,0,0,1,2,1,0.7908,0.6269,1,10,1,5,3,0.6972,3.83,1,0,2
2,0.0,1,1,1,2,1,0.72,2.5035,1,10,1,-1,2,0.023,51.75,0,1,1
3,-1.9424,0,1,1,2,2,0.7778,0.6796,3,10,2,0,9,0.4799,7.98,0,1,0
2,2.1808,0,0,0,2,3,0.5843,3.4486,0,10,0,1,0,0.2857,71.55,0,0,1
3,-1.7251,0,0,0,2,3,0.7992,0.6197,1,10,1,7,3,0.6919,3.66,0,0,2
2,0.9463,0,0,1,2,1,0.6241,0.6142,0,10,0,2,0,0.0005,3.52,0,0,2
2,-0.9477,0,0,1,2,2,0.6056,0.9439,2,7,2,6,4,0.0302,13.62,0,0,0
2,-16.4807,0,1,0,2,3,0.7333,3.0955,2,10,2,1,4,0.1081,65.96,0,1,2
3,6.088,0,0,0,2,3,0.8,0.7929,1,16,1,16,3,0.5094,6.29,0,0,1
2,-14.2754,0,1,0,2,3,0.5431,10.1007,2,10,2,4,4,0.0739,234.09,0,1,0
3,-6.2202,0,0,1,2,2,0.7892,0.9175,2,7,1,3,6,0.5537,9.28,0,1,1
3,-0.3547,0,0,1,2,2,0.7092,0.7741,2,10,2,9,6,0.7473,7.36,0,0,1
3,-11.74,0,0,0,1,2,0.7367,1.2308,3,11,2,7,9,0.6135,21.21,0,0,0
3,-4.3258,0,0,0,1,3,0.7992,0.7059,3,11,3,11,9,0.4799,8.61,0,3,0
3,17.9808,0,0,0,1,2,0.7842,1.0792,0,2,0,2,0,0.6957,9.56,0,0,2
3,-0.4272,0,0,0,1,3,0.7992,1.0863,2,11,2,5,6,0.5921,17.74,0,1,1
3,-14.2754,0,0,0,1,3,0.7992,0.7411,2,11,2,11,6,0.4804,9.46,0,0,1
2,-8.6983,0,0,0,1,2,0.6028,0.6866,2,11,2,7,4,0.001,8.15,0,0,0
3,-1.7251,0,0,1,1,1,0.6533,0.5805,2,11,2,6,6,0.6755,2.71,0,0,0
3,-12.9744,0,0,0,1,3,0.7489,0.8913,1,11,1,-4,3,0.4851,13.06,0,0,0
3,-3.3794,0,1,0,1,2,0.6889,1.0535,2,11,2,10,6,0.5733,16.95,0,0,0
2,-3.3794,0,1,0,1,2,0.7344,3.1297,2,11,2,10,4,0.0992,66.78,0,0,1
3,-12.5472,0,0,1,1,1,0.7392,0.8004,3,2,1,-12,9,0.6119,8.19,0,2,0
3,-12.9744,0,0,0,1,2,0.7992,0.7859,3,11,3,4,9,0.4815,10.53,0,0,0
2,11.2549,0,0,0,1,2,0.6241,0.6088,0,11,0,11,0,0.0005,3.39,0,0,2
3,5.087,0,1,1,1,1,0.6911,1.0507,1,11,2,9,3,0.5722,16.89,0,0,0
2,2.1808,0,0,1,1,1,0.625,0.6963,0,11,0,9,0,0.0005,5.49,0,0,2
3,0.5205,0,1,1,1,1,0.7689,0.7633,3,11,3,3,9,0.481,9.99,0,0,0
2,-3.1622,0,1,0,1,3,0.5565,2.4604,1,11,1,11,2,0.2627,47.83,0,0,1
2,1.2216,0,1,0,1,3,0.6185,0.841,0,11,0,11,0,0.0138,8.97,0,0,2
2,-8.0304,0,0,1,1,1,0.6778,1.0516,1,11,1,6,2,0.0005,16.91,0,0,0
2,19.0077,0,0,0,1,2,0.6194,0.6684,0,11,0,1,0,0.0005,4.82,0,0,1
3,-16.4807,0,1,0,1,2,0.7185,4.1628,2,11,2,1,6,0.466,91.58,0,1,1
2,-11.0801,0,0,0,1,2,0.6417,11.6488,2,8,1,-2,4,0.0084,240.0,0,0,1
2,-0.4272,0,0,1,1,1,0.5708,2.9368,2,11,2,6,4,0.0574,62.15,0,1,1
2,-10.3212,0,0,0,1,3,0.6185,0.8133,1,11,1,11,2,0.0005,11.19,0,1,0
2,0.0,1,1,1,2,1,0.6181,1.1393,0,16,0,-1,0,0.01,11.01,0,0,1
2,0.0,1,0,1,1,1,0.6,0.843,1,5,2,3,2,0.0005,11.9,0,0,0
3,5.087,0,0,0,1,2,0.7822,0.9713,2,11,2,-2,6,0.53,14.98,0,1,0
2,-0.3298,0,0,1,1,1,0.62,0.8621,2,11,2,6,4,0.026,9.47,0,1,2
3,-14.2754,0,0,0,1,2,0.6685,3.91,3,11,3,10,9,0.4006,85.51,0,3,0
2,-3.1622,0,0,0,1,3,0.6259,0.8438,1,11,1,2,2,0.0165,9.03,1,0,2
2,13.4935,0,0,0,1,3,0.6185,0.581,0,11,0,2,0,0.0005,2.73,0,0,1
3,-0.4272,0,0,0,1,2,0.7983,0.805,3,11,2,10,9,0.482,10.99,0,0,0
3,-0.4272,0,0,1,1,1,0.7992,0.8484,2,11,2,3,6,0.481,12.03,0,0,1
2,-0.3298,0,0,1,3,2,0.625,0.8239,1,0,0,-7,2,0.0037,8.56,0,0,2
3,-11.3128,0,0,1,3,3,0.7333,0.8073,2,0,0,0,6,0.6155,8.35,0,1,0
2,1.5657,0,0,1,3,1,0.6,0.6859,0,0,0,-11,0,0.0005,8.13,0,0,0
2,0.6347,0,0,1,3,2,0.6194,0.7608,0,0,0,-13,0,0.0005,7.04,0,0,1
2,-1.7251,0,0,1,3,1,0.6148,0.8432,1,0,0,-8,2,0.0159,9.02,0,1,1
3,0.5205,0,1,0,2,3,0.6811,0.9479,1,10,2,4,3,0.517,14.42,0,0,0
3,-14.2505,0,0,1,3,2,0.7867,6.4234,2,0,0,-1,6,0.5717,145.83,0,1,2
3,-13.9207,1,0,1,3,3,0.6867,1.055,2,0,0,-12,6,0.5743,16.99,0,1,0
3,-14.2754,0,0,1,3,1,0.7992,0.7684,3,0,0,-8,9,0.481,10.11,0,1,0
3,-7.0294,0,0,1,3,1,0.69,6.1382,3,9,2,-2,9,0.5728,132.42,0,0,0
2,0.0,1,0,1,3,1,0.6014,0.713,1,0,0,-8,2,0.0005,8.78,0,0,0
2,2.4134,0,0,1,3,3,0.6231,0.724,0,0,0,-6,0,0.0005,6.16,0,0,2
3,2.9884,0,0,1,3,3,0.71,0.9244,2,0,0,-9,6,0.5034,13.86,0,1,0
2,-11.5073,0,0,1,3,1,0.7204,11.1378,2,0,0,-11,4,0.1154,240.0,0,0,1
3,2.9884,0,0,1,3,1,0.7867,0.9671,1,0,0,-8,3,0.5279,14.88,0,0,0
3,-2.7367,0,0,1,3,2,0.7989,3.7143,3,0,0,-10,9,0.3107,80.81,0,1,1
3,-3.1622,0,1,1,3,3,0.7042,0.7799,1,0,0,-3,3,0.7495,7.5,0,0,1
2,-13.9207,1,0,1,3,2,0.6602,0.4663,2,0,0,-10,4,0.0401,2.86,0,1,1
1,-3.1622,0,0,1,3,2,0.4958,3.1378,1,0,0,-7,1,0.0032,64.09,0,0,2
2,-11.74,0,1,1,3,2,0.7657,11.9882,3,0,0,-10,6,0.0152,240.0,0,1,1
3,-13.286,0,0,1,3,2,0.7322,0.9052,1,0,0,-1,3,0.493,13.4,0,0,0
3,0.0,1,1,1,3,2,0.7633,0.9871,2,0,0,-1,6,0.5389,15.36,0,0,0
3,2.9884,0,0,1,3,3,0.7722,0.9797,1,0,0,0,3,0.5347,15.18,0,0,0
2,2.4134,0,0,1,3,3,0.6194,0.6855,1,0,0,-6,2,0.0005,5.23,0,0,2
2,-4.1986,0,0,1,1,1,0.6593,2.7337,2,11,1,0,4,0.0401,54.79,0,0,0
3,-13.286,0,0,1,2,2,0.7472,4.1149,3,1,0,-9,9,0.4498,90.43,0,1,0
3,-2.56,0,1,1,2,2,0.7842,0.6341,1,1,0,-3,3,0.7018,4.0,0,0,2
2,-14.2754,0,0,1,2,2,0.7817,12.8552,2,1,0,0,4,0.0005,240.0,0,0,2
3,-17.0829,0,0,1,2,1,0.72,8.8001,2,1,1,-10,6,0.5016,202.87,0,2,0
2,0.5205,0,0,1,2,2,0.6,0.8416,0,1,0,-3,0,0.0005,11.87,0,0,0
2,-8.6983,0,1,1,2,2,0.7758,8.3893,3,1,0,-3,6,0.0047,193.01,0,0,2
2,13.8482,0,0,1,3,2,0.5917,0.9249,0,6,0,2,0,0.0181,12.69,0,0,2
3,1.5657,0,0,0,2,3,0.7389,4.2767,2,1,0,1,6,0.5084,94.31,0,1,0
3,-0.3547,0,0,1,2,1,0.7808,0.6401,2,1,0,-7,6,0.7039,4.15,0,1,1
3,0.0,1,0,1,2,2,0.7756,0.6966,2,1,0,-9,6,0.4799,8.39,0,2,0
3,0.3116,0,0,1,1,1,0.77,0.6452,2,5,0,3,6,0.5364,5.98,0,1,2
2,1.2048,0,0,0,2,3,0.6222,0.6166,0,1,0,1,0,0.0005,3.58,0,0,2
3,-0.3547,0,0,1,2,2,0.7967,0.6222,1,1,0,-6,3,0.6935,3.71,0,0,2
2,14.4412,0,0,1,2,2,0.6236,0.8245,0,1,0,0,0,0.0043,8.57,0,0,1
3,-8.0304,0,0,0,2,3,0.7989,0.7285,3,1,0,-8,9,0.481,9.15,0,0,0
3,-3.3794,0,0,0,2,3,0.8,3.7411,2,1,0,-2,6,0.3128,81.46,0,0,1
3,-4.6687,0,0,1,2,2,0.7958,4.8061,3,1,0,-6,9,0.551,102.61,0,1,3
2,0.0,1,0,1,2,2,0.6324,2.3566,0,1,0,-9,0,0.2194,45.34,0,0,1
2,-2.56,0,1,0,2,3,0.5956,2.6197,1,1,0,-2,2,0.3405,51.65,0,0,1
3,-3.1622,0,0,0,2,3,0.6575,1.1029,1,1,1,1,3,0.7768,15.25,0,0,0
3,-16.4807,0,0,1,2,1,0.8008,9.1142,2,1,0,-1,6,0.5212,210.41,0,1,0
2,-9.5961,1,0,1,2,2,0.6685,3.62,2,1,0,-12,4,0.1017,78.07,0,0,0
2,-2.56,0,0,0,2,3,0.6256,0.8644,1,1,0,-11,2,0.0271,9.53,0,0,2
3,6.088,0,0,0,1,3,0.8,0.7779,2,14,3,14,6,0.5042,5.93,0,1,1
2,0.0,1,1,1,2,1,0.67,2.5599,2,13,2,-1,4,0.0005,52.63,0,0,0
1,6.9475,0,1,0,2,3,0.53,2.7808,0,4,0,1,0,0.1597,57.05,0,0,2
3,-3.1622,0,0,1,2,2,0.7917,0.8114,2,1,0,-6,6,0.7674,8.26,0,0,1
3,-8.6983,0,0,1,2,1,0.7975,1.088,2,1,0,-1,6,0.5931,17.78,0,0,0
2,-1.9424,0,0,1,2,1,0.6056,9.5466,2,1,0,-10,4,0.0257,220.79,0,2,1
3,2.2562,0,0,1,2,2,0.7544,0.9934,1,1,0,-6,3,0.543,15.51,0,0,0
2,2.2562,0,0,1,2,2,0.6722,0.7588,1,1,0,-9,2,0.0005,9.88,0,0,0
3,0.0,1,1,1,1,1,0.7542,1.0803,2,8,0,0,6,0.5478,12.56,1,1,3
2,0.0,1,0,1,2,1,0.6467,14.1827,1,1,0,-16,2,0.076,240.0,0,1,1
2,14.7959,1,0,0,1,3,0.4972,0.9866,0,8,0,5,0,0.0952,14.17,0,0,2
2,-14.7711,0,0,1,2,2,0.5935,0.96,3,7,1,3,6,0.0355,14.01,0,2,0
3,-7.0294,0,0,1,3,2,0.7992,6.2456,2,12,2,8,6,0.5879,135.0,0,0,1
3,-3.3794,0,0,1,2,2,0.7972,12.2462,3,1,0,0,9,0.3027,240.0,0,2,1
3,-13.9207,1,0,1,2,2,0.7244,4.3875,3,1,1,-9,9,0.5523,96.97,0,1,0
3,-13.9207,1,0,1,2,2,0.6519,13.7173,2,1,1,-9,6,0.3982,240.0,0,1,0
3,0.5205,0,0,1,2,2,0.7989,0.8597,1,1,0,-6,3,0.4815,12.3,0,1,0
2,-15.6458,0,0,0,2,3,0.675,0.6939,1,1,0,-8,2,0.001,8.33,0,0,0
3,-0.3298,0,0,1,2,1,0.7675,0.6758,2,1,0,-4,6,0.711,5.0,0,1,1
3,-8.0304,0,0,1,2,2,0.7717,2.8162,3,1,0,-6,9,0.5475,59.26,0,1,1
2,14.4412,0,0,1,2,2,0.6194,0.6521,1,1,0,-6,2,0.0005,4.43,0,1,0
3,-9.5951,0,0,1,3,3,0.7483,2.7097,3,3,1,-12,9,0.5706,55.48,0,1,1
2,0.6347,0,0,1,2,2,0.625,0.6655,0,1,0,-12,0,0.0005,4.75,0,0,1
1,-19.3624,0,0,0,2,3,0.5759,6.693,3,4,0,-2,3,0.0005,145.73,0,2,1
3,-0.3547,0,0,0,2,3,0.7117,0.7716,1,1,1,1,3,0.7458,7.3,0,1,2
2,-2.56,0,0,0,2,3,0.6222,0.8233,1,1,1,1,2,0.0037,8.54,0,1,3
2,13.5672,0,0,1,3,2,0.6481,5.7295,0,12,0,12,0,0.0026,120.38,0,0,0
3,-2.56,0,1,1,2,1,0.7383,0.7317,3,1,0,-4,9,0.7298,6.34,0,2,3
2,-8.0304,0,1,1,2,2,0.6014,8.1215,2,1,0,-3,4,0.0031,186.59,0,0,1
3,-0.3298,0,0,1,2,2,0.7983,0.6203,2,1,0,-6,6,0.6924,3.67,0,1,1
3,2.2562,0,0,0,2,3,0.68,0.9486,2,1,1,-5,6,0.5175,14.44,0,1,0
2,-1.7251,0,1,0,1,2,0.6319,0.7413,1,2,0,-2,2,0.0005,6.57,0,0,1
3,-0.4272,0,0,0,1,2,0.7522,0.9969,2,2,0,-2,6,0.5441,15.6,0,1,0
1,-14.2505,0,0,0,1,2,0.6,12.0008,2,2,0,-2,2,0.0005,240.0,0,1,2
2,-4.945,0,1,1,3,2,0.6711,3.6808,3,6,1,-1,6,0.1049,79.53,0,2,0
3,-1.9424,0,1,1,1,1,0.7989,0.8378,2,2,0,-3,6,0.481,11.78,0,0,0
3,-2.7367,0,0,0,1,2,0.7992,0.8142,2,2,1,1,6,0.4815,11.21,0,0,0
2,-16.2744,0,0,0,1,2,0.6856,5.167,1,8,0,-2,2,0.1101,114.04,0,0,0
3,-11.74,0,1,0,1,2,0.7789,4.2275,3,2,0,-8,9,0.4895,93.13,0,1,0
2,1.5657,0,0,0,1,3,0.5486,2.8796,1,2,0,-4,2,0.0198,60.78,0,1,1
2,10.5414,0,0,0,1,2,0.6017,1.5172,1,2,0,-2,2,0.3144,25.19,1,1,3
3,-2.56,0,1,1,1,1,0.6556,0.5792,1,2,0,-3,3,0.675,2.68,0,0,1
3,-2.56,0,0,0,1,2,0.715,0.7687,1,2,1,1,3,0.7436,7.23,0,0,1
3,13.9207,1,0,0,1,2,0.7392,0.7305,0,2,0,-8,0,0.7293,6.31,0,0,2
2,0.5205,0,0,0,1,2,0.6,0.6631,0,2,0,-2,0,0.0005,7.59,1,0,0
2,2.1808,0,0,0,1,2,0.6181,0.8269,1,2,0,-2,2,0.0064,8.63,0,1,2
1,5.7541,0,0,0,1,3,0.5486,2.1201,2,11,2,5,2,0.0005,42.55,0,0,1
3,-1.9424,0,0,0,1,2,0.7767,1.1736,2,2,1,1,6,0.5905,19.84,0,0,1
2,-0.4272,0,0,0,1,2,0.6185,0.8159,2,2,1,-5,4,0.0005,11.25,0,0,0
3,-12.6991,0,0,1,1,1,0.7433,1.005,2,2,0,0,6,0.5483,15.79,0,0,0
3,-2.56,0,1,0,1,2,0.6411,0.5925,1,2,0,-2,3,0.6813,3.0,0,0,2
2,14.4412,0,0,0,1,3,0.6244,0.8312,0,2,0,-1,0,0.008,8.73,0,0,2
3,-13.9207,1,0,0,1,2,0.7867,5.1764,3,2,1,-8,9,0.5565,115.9,0,2,2
2,-0.4272,0,0,0,1,2,0.6185,0.8006,3,2,1,-5,6,0.0005,10.89,0,0,0
3,-1.7251,0,1,0,1,2,0.7017,0.7837,2,2,0,-2,6,0.7511,7.59,0,0,1
2,-5.6356,0,0,0,1,2,0.6611,4.4096,2,11,1,4,4,0.109,95.01,0,1,1
3,-3.3794,0,0,1,1,1,0.7675,1.1872,1,5,0,0,3,0.5952,20.16,0,0,1
2,8.18,0,0,0,1,3,0.6139,13.995,1,2,1,2,2,0.0005,240.0,0,1,1
2,-3.1622,0,0,1,1,1,0.6222,0.8198,2,2,0,-12,4,0.0011,8.46,0,1,2
3,-5.2937,0,0,1,3,2,0.8009,0.9882,2,3,0,-4,6,0.3117,6.59,0,0,0
3,-0.3547,0,0,0,1,3,0.7517,0.7179,1,2,0,-4,3,0.721,6.01,0,0,1
2,19.6748,0,0,1,1,1,0.613,1.4699,0,2,0,-6,0,0.2537,24.06,0,0,1
2,0.0,1,1,0,1,3,0.6083,0.8495,0,2,1,2,0,0.0191,9.17,0,0,2
2,-8.0304,0,0,1,1,1,0.6028,12.9437,2,2,1,0,4,0.0258,240.0,0,0,0
3,11.9783,0,0,1,1,1,0.7958,0.806,1,2,0,-6,3,0.7647,8.13,0,1,1
3,-3.1622,0,0,0,1,2,0.8025,0.7638,1,2,1,1,3,0.741,7.11,0,0,1
3,-11.74,0,1,0,1,2,0.7704,3.8213,3,2,2,-8,9,0.3431,83.38,0,1,0
3,-0.3547,0,0,0,1,2,0.7975,0.8048,1,2,1,1,3,0.7637,8.1,0,0,1
2,-12.6991,0,0,0,1,2,0.6759,0.873,1,2,1,1,2,0.0005,12.62,0,0,0
2,-2.56,0,0,1,3,2,0.6117,3.734,1,3,0,-7,2,0.4326,78.4,0,0,1
3,-14.7959,1,1,0,1,2,0.7883,0.8726,3,2,1,1,9,0.5313,11.91,0,2,0
3,-2.56,0,0,1,3,2,0.7158,0.7678,1,3,0,-7,3,0.7431,7.21,0,0,3
2,-2.7367,0,0,1,3,2,0.6694,0.6765,2,3,0,-4,4,0.0005,7.91,0,0,0
2,-0.4272,0,0,1,3,2,0.675,0.6703,1,3,0,-1,2,0.0005,7.76,0,0,1
3,-3.3794,0,0,1,3,1,0.7256,1.0197,3,3,2,1,9,0.5566,16.14,0,1,0
3,-11.74,0,0,1,3,1,0.7589,8.7509,3,3,1,-2,9,0.4853,201.69,0,2,1
3,-8.6983,0,0,1,3,2,0.6789,1.0606,3,3,1,2,9,0.578,17.12,0,2,0
2,20.8677,0,0,1,3,1,0.6233,0.6505,0,3,0,3,0,0.0005,4.39,0,0,1
1,-15.8162,0,0,1,3,3,0.5486,3.2211,1,0,0,-3,1,0.0005,68.5,0,0,1
2,10.5414,0,0,1,3,3,0.612,0.8469,0,3,0,3,0,0.0175,9.11,0,0,0
3,-0.4272,0,0,1,2,2,0.7783,1.0852,2,4,0,-3,6,0.5915,17.72,0,0,1
3,-1.7251,0,0,1,2,2,0.7342,0.7368,1,4,0,0,3,0.7325,6.46,0,0,2
3,-0.4317,0,0,1,2,2,0.637,3.7323,3,4,1,4,9,0.3117,81.25,0,3,0
2,15.4864,0,0,0,2,3,0.6194,0.7341,1,4,1,-2,2,0.0005,6.4,0,0,1
3,-13.9207,1,0,1,2,1,0.7783,5.3795,3,4,2,-13,9,0.5581,120.78,0,1,0
2,0.0,1,0,1,2,2,0.6083,7.5521,1,4,2,3,2,0.0005,172.92,0,0,0
3,0.5205,0,0,1,2,2,0.7533,0.8879,2,4,1,-3,6,0.483,12.98,0,0,0
2,-2.6834,0,0,1,2,1,0.6676,2.5176,3,16,3,8,6,0.0005,49.6,0,1,0
3,0.6347,0,0,1,2,2,0.7575,0.703,0,4,1,-9,0,0.7174,5.65,0,0,3
3,-0.3547,0,0,1,2,1,0.8025,0.7547,3,4,1,-4,9,0.7378,6.89,0,0,1
3,-1.9424,0,0,1,2,1,0.7978,0.958,4,4,3,-10,12,0.5227,14.66,0,1,0
2,-3.1622,0,0,0,2,3,0.62,3.5345,1,4,0,-11,2,0.3165,73.61,0,0,2
2,-14.2754,0,0,0,2,3,0.6028,0.723,2,4,1,1,4,0.0005,9.02,0,1,0
2,-13.9207,1,0,0,2,3,0.6083,5.5256,2,4,1,4,4,0.0005,124.29,0,0,2
3,11.184,0,0,1,2,2,0.6958,0.7902,1,4,1,3,3,0.7542,7.75,0,0,1
2,-0.3298,0,0,0,2,3,0.625,0.6673,1,4,0,-2,2,0.0005,4.8,0,0,2
2,-0.9477,0,0,0,1,3,0.6176,1.261,2,8,1,-1,4,0.0005,21.23,0,0,0
2,-3.1622,0,0,0,2,3,0.6083,0.8348,2,4,2,4,4,0.0101,8.82,0,1,2
2,0.0,1,0,1,2,2,0.6069,6.5235,1,4,0,-6,2,0.0005,148.23,0,1,1
3,-10.896,0,1,1,1,1,0.7917,1.0318,2,2,0,-6,6,0.5596,15.21,0,1,0
2,-3.1622,0,0,1,2,2,0.6259,0.8561,1,4,1,3,2,0.0223,9.33,0,0,0
2,-8.0304,0,0,1,2,1,0.67,1.0331,2,4,2,2,4,0.0005,16.47,0,1,1
1,0.0,1,1,1,2,1,0.5296,17.4026,0,4,0,-1,0,0.0005,240.0,0,0,1
3,-11.74,0,0,1,2,1,0.7744,0.9779,3,4,0,-7,9,0.5336,15.14,0,0,0
3,-2.7367,0,0,1,2,2,0.6911,0.9397,2,4,1,-9,6,0.5123,14.22,0,1,0
3,0.0,1,0,1,2,1,0.7992,0.7138,1,4,0,-7,3,0.4804,8.8,0,1,1
3,-2.56,0,0,0,1,3,0.7858,0.633,1,5,1,2,3,0.7007,3.97,0,0,1
2,-0.3547,0,0,1,1,1,0.625,0.6775,1,5,0,-3,2,0.0011,5.04,0,0,1
3,-2.56,0,0,1,1,1,0.7933,0.6252,2,5,2,-6,6,0.6956,3.79,0,1,2
3,-3.3794,0,0,0,1,2,0.78,0.9734,3,5,1,4,9,0.531,15.03,0,0,0
2,-8.6983,0,0,0,1,2,0.5778,2.8637,2,5,2,1,4,0.0089,60.4,0,0,0
3,-2.56,0,0,1,1,1,0.7217,0.7596,2,5,3,3,6,0.7394,7.01,0,1,1
3,-0.4272,0,0,0,1,2,0.7139,4.1667,3,5,3,4,9,0.4686,91.67,0,0,0
3,-16.4807,0,0,0,1,2,0.79,1.0707,2,5,1,1,6,0.5842,17.37,0,0,0
3,-12.9744,0,0,1,2,2,0.7933,1.0671,3,1,0,-12,9,0.5822,17.28,0,1,0
2,-0.3298,0,0,0,1,2,0.62,0.715,2,5,1,4,4,0.0005,5.94,0,0,2
1,19.0077,0,0,0,1,3,0.4778,1.6384,0,5,0,5,0,0.0069,28.1,0,0,2
1,5.8903,0,0,0,1,2,0.5092,4.6894,0,5,0,4,0,0.1737,101.33,0,0,2
3,0.9463,0,0,0,1,2,0.6975,0.7872,1,5,0,4,3,0.7532,7.68,0,1,2
2,-1.7251,0,0,0,1,2,0.6231,0.7324,2,5,1,4,4,0.0005,6.36,0,1,1
2,5.7541,0,0,0,1,2,0.6069,6.6391,0,5,0,4,0,0.001,151.01,0,0,1
2,2.1808,0,0,0,1,3,0.6167,0.606,0,5,0,-1,0,0.0005,3.33,0,0,2
2,-4.3024,0,0,0,1,3,0.6676,1.8591,2,5,1,2,4,0.001,35.81,0,0,0
3,0.0,1,0,0,1,2,0.7667,0.784,0,5,1,4,0,0.481,10.49,0,0,0
2,-1.9424,0,0,1,1,1,0.6014,0.6829,1,5,0,-3,2,0.0005,8.06,0,0,0
2,-0.3547,0,0,0,1,2,0.6319,0.7463,1,5,0,-2,2,0.0005,6.69,0,1,0
2,0.0,1,0,0,1,2,0.6389,6.1544,1,5,0,-5,2,0.0005,139.38,0,0,1
2,-1.7251,0,0,0,1,2,0.6322,2.2076,2,5,1,-2,4,0.2137,41.76,0,1,2
2,-0.3298,0,0,0,1,2,0.5889,2.5571,1,5,0,-2,2,0.3073,50.15,0,1,1
2,-12.9744,0,0,1,1,1,0.7778,8.3506,2,5,1,0,4,0.0058,192.08,0,1,1
2,19.3624,0,0,0,1,2,0.5167,0.9487,0,8,0,4,0,0.0468,13.26,0,0,0
2,-14.2754,0,0,0,1,3,0.5944,1.4098,2,5,1,-1,4,0.0386,25.51,0,1,1
3,0.0,1,1,0,1,2,0.7992,0.7611,2,5,1,1,6,0.481,9.94,0,0,0
3,-3.1622,0,0,1,3,2,0.6367,1.1259,2,15,2,2,6,0.7901,15.8,0,0,2
1,0.0,1,0,1,3,3,0.5176,3.1642,0,15,1,6,0,0.0048,64.72,0,0,2
3,0.0,1,1,0,2,3,0.7444,1.1071,2,1,1,1,6,0.3577,9.44,0,1,0
2,-3.1622,0,0,1,3,2,0.6296,2.381,2,15,2,2,4,0.221,45.93,0,1,1
3,-13.9207,1,0,1,3,1,0.8008,8.5942,3,15,3,4,9,0.4429,197.93,0,1,0
2,-12.6244,0,0,1,3,1,0.6236,14.0384,1,15,1,15,2,0.0005,240.0,0,1,1
3,-12.9744,0,0,1,3,3,0.7056,1.0386,3,15,3,9,9,0.5655,16.6,0,1,0
2,-3.3794,0,0,1,3,3,0.6056,3.6077,1,15,1,15,2,0.0005,78.25,0,0,0
3,-3.1622,0,0,1,3,1,0.7567,0.7022,1,15,1,13,3,0.7179,5.63,0,0,0
2,-8.0304,0,0,0,1,3,0.6194,0.874,2,8,1,8,4,0.0005,12.65,0,1,0
3,0.5205,0,0,1,3,3,0.6722,0.9553,1,15,1,9,3,0.5211,14.6,0,0,0
2,-5.9616,0,0,1,3,1,0.6097,5.7759,2,9,2,4,4,0.0005,121.5,0,1,1
3,-1.7251,0,0,0,2,3,0.7067,0.7771,1,16,1,13,3,0.7484,7.43,0,0,1
3,-2.56,0,0,0,2,3,0.7692,0.6637,2,16,2,13,6,0.711,4.71,0,1,1
2,-2.8705,0,0,1,2,1,0.6426,7.9932,2,16,2,16,4,0.0005,183.51,0,2,1
3,-8.5509,0,0,0,1,2,0.7575,8.0624,3,2,0,-2,9,0.5607,184.46,0,2,1
2,-18.7285,0,0,1,2,1,0.6744,7.7917,1,4,0,2,2,0.1022,175.04,0,1,1
2,0.0,1,0,1,2,1,0.6083,6.2218,0,16,1,11,0,0.0005,140.99,0,0,1
3,-13.286,0,0,1,2,2,0.8,12.2585,3,16,3,3,9,0.3006,240.0,0,0,1
3,0.0,1,0,1,2,1,0.7992,0.8206,1,16,2,8,3,0.481,11.37,0,1,0
3,-8.6983,0,1,1,2,2,0.6511,13.9706,2,16,2,9,6,0.5928,240.0,0,1,2
3,-3.1622,0,0,0,1,2,0.695,0.7909,2,17,2,16,6,0.7548,7.76,0,1,2
2,16.1769,0,0,0,1,2,0.6178,3.6382,0,17,0,16,0,0.3724,76.1,0,0,2
3,-3.3794,0,0,0,1,3,0.77,0.7676,1,17,1,14,3,0.4804,10.09,0,0,0
2,3.9268,0,0,1,1,1,0.613,0.8451,1,17,1,17,2,0.017,9.06,0,1,0
3,-8.0304,0,0,0,1,2,0.7992,0.8723,3,17,3,4,9,0.482,12.61,0,2,1
3,-0.3298,0,0,0,1,2,0.7375,0.7338,2,17,2,13,6,0.7304,6.39,0,2,3
3,-11.74,0,0,1,1,1,0.7858,12.7705,3,17,3,15,9,0.5381,240.0,0,0,1
3,0.0,1,0,0,1,3,0.7989,0.7648,2,17,3,17,6,0.4804,10.03,0,1,0
2,-3.3794,0,0,0,1,3,0.6069,4.4363,2,2,0,-4,4,0.0005,98.14,0,1,2
2,-14.2754,0,0,0,1,2,0.612,7.0615,2,17,2,10,4,0.0031,161.15,0,2,1
2,-14.4524,0,1,1,2,1,0.5889,6.1464,3,1,0,-4,6,0.0115,135.55,0,3,0
3,-0.4272,0,0,0,1,3,0.7833,1.0789,2,17,2,17,6,0.5884,17.56,0,0,0
2,-8.6983,0,0,1,1,1,0.5417,10.1028,3,17,3,12,6,0.0745,234.14,0,2,1
3,-3.7096,0,0,1,1,1,0.8,0.9056,2,8,1,0,6,0.5495,9.0,0,0,0
2,-13.9207,1,0,0,1,3,0.6157,9.0514,2,17,2,8,4,0.0105,208.9,0,0,1
2,-0.4272,0,0,0,1,2,0.6194,1.0899,1,17,1,13,2,0.001,17.83,0,0,1
3,-14.2505,0,0,0,1,2,0.7467,2.7822,2,17,2,10,6,0.524,58.44,0,1,0
2,-3.1622,0,0,0,1,2,0.6194,0.6782,1,17,1,10,2,0.0005,5.06,0,0,1
2,-2.56,0,0,0,1,3,0.625,0.7631,1,17,1,17,2,0.0005,7.1,0,0,1
3,-13.9207,1,0,0,1,3,0.7992,0.8148,2,17,2,14,6,0.4815,11.23,0,0,0
2,-2.7367,0,0,0,1,2,0.56,17.6022,2,17,2,16,4,0.3992,240.0,0,2,1
2,-2.56,0,0,0,1,2,0.62,0.6841,1,17,1,4,2,0.0005,5.2,0,0,1
2,-11.74,0,1,0,1,3,0.6778,1.5392,1,17,1,11,2,0.1043,28.61,0,0,0
2,-4.3024,0,0,1,3,2,0.5981,1.9992,0,0,0,-13,0,0.0334,39.18,0,0,0
3,1.5657,0,0,0,1,2,0.7989,0.8115,1,17,1,10,3,0.481,11.15,0,1,0
2,-1.7251,0,0,1,3,2,0.6065,1.453,2,6,2,5,4,0.233,23.65,0,1,1
3,0.5205,0,0,1,3,1,0.7983,6.0933,2,6,1,-2,6,0.5717,137.91,0,0,1
2,-3.1622,0,0,1,3,1,0.6176,0.8416,2,6,2,1,4,0.0143,8.98,0,1,1
2,5.7541,0,0,1,3,2,0.6981,4.6528,0,6,0,-7,0,0.0026,103.34,0,0,1
3,0.0,1,0,1,3,2,0.7833,0.9705,2,6,2,5,6,0.5295,14.96,0,1,0
3,-8.0304,0,0,1,3,3,0.7992,0.6642,4,6,1,0,12,0.4799,7.61,0,1,0
3,0.0,1,0,1,2,1,0.7792,1.1712,2,7,2,5,6,0.5889,19.78,0,1,2
2,-14.2754,0,0,1,3,2,0.613,8.8033,2,6,0,-1,4,0.0005,202.95,0,0,2
2,-8.0304,0,1,1,2,1,0.6,0.6949,1,1,0,-4,2,0.0005,8.35,0,0,0
3,-12.9744,0,0,1,2,2,0.7489,0.9998,2,7,1,-6,6,0.5456,15.67,0,1,0
3,2.4134,0,0,0,2,3,0.7683,0.6667,0,7,0,1,0,0.7116,4.78,0,0,1
3,-11.74,0,1,1,3,1,0.7033,0.9298,2,0,0,-11,6,0.5065,13.99,0,1,0
3,0.0,1,0,1,2,2,0.65,0.5848,1,7,2,6,3,0.6771,2.82,0,1,1
3,-2.56,0,0,1,2,2,0.6311,0.6018,1,7,1,6,3,0.6861,3.22,0,1,1
3,-13.9207,1,0,0,2,3,0.7583,1.3044,2,7,2,-2,6,0.6463,22.98,0,0,1
3,-3.3794,0,0,1,2,2,0.7544,0.8868,2,7,0,3,6,0.4825,12.95,0,1,0
3,0.0,1,0,1,2,1,0.7244,1.0206,2,7,2,-4,6,0.5571,16.17,0,0,0
3,-8.6983,0,0,0,2,3,0.8022,12.2392,3,7,2,7,9,0.3043,240.0,0,0,1
3,5.087,0,0,0,2,3,0.7858,1.076,1,7,0,7,3,0.5869,17.49,0,1,1
2,11.184,0,0,1,2,2,0.6181,0.6902,0,7,0,-3,0,0.0005,5.35,0,0,2
2,-14.2505,0,0,0,1,3,0.6,0.886,2,2,1,2,4,0.0005,12.93,0,0,0
2,1.9929,0,0,1,3,2,0.5528,1.0106,0,3,0,-10,0,0.0543,13.23,0,0,0
3,19.303,0,0,1,2,2,0.6256,0.6095,0,7,0,7,0,0.6887,3.41,0,0,1
2,-0.3547,0,0,0,2,3,0.6222,0.8498,1,7,1,1,2,0.0197,9.18,0,0,1
3,-3.3794,0,0,0,2,3,0.7867,1.0745,2,7,2,1,6,0.5863,17.46,0,0,0
3,-2.4629,0,0,1,2,2,0.7967,0.8585,2,1,0,-3,6,0.5297,11.57,0,0,0
2,0.0,1,0,1,1,1,0.6028,0.6815,2,2,1,-9,4,0.0005,8.03,0,0,1
3,-8.0304,0,0,1,2,2,0.785,1.0769,4,7,2,0,12,0.5874,17.52,0,2,0
2,11.9783,0,0,0,1,3,0.5065,2.1831,0,8,0,5,0,0.2115,41.18,0,0,1
3,3.5081,0,0,0,1,3,0.7322,7.3151,2,11,2,8,6,0.5231,159.89,0,2,1
3,0.0,1,0,0,1,2,0.775,0.6479,0,8,0,-8,0,0.7084,4.33,0,0,3
2,-6.7559,0,0,1,3,1,0.7208,8.2349,3,0,0,-2,6,0.0802,181.97,0,1,2
2,0.5205,0,0,0,1,2,0.6028,0.8425,1,8,1,1,2,0.0005,11.89,0,0,0
2,-14.2754,0,0,0,1,2,0.7258,9.6569,2,8,2,1,4,0.0629,223.44,0,0,2
2,-0.4272,0,0,1,1,1,0.6185,0.8104,2,8,1,6,4,0.0005,11.12,0,0,1
2,-1.9424,0,0,0,1,2,0.6014,0.6685,2,8,2,7,4,0.0005,7.72,0,0,0
2,-1.9424,0,0,1,1,1,0.6042,6.1941,1,8,0,-3,2,0.0005,140.33,0,0,1
2,-11.74,0,0,0,1,2,0.6241,15.0558,2,8,1,-2,4,0.0011,240.0,0,1,1
3,0.0,1,0,0,1,2,0.7511,0.8896,1,8,2,7,3,0.4841,13.02,0,0,0
3,1.2216,0,0,1,3,2,0.7667,0.68,1,12,2,5,3,0.7116,5.1,0,1,3
3,-11.74,0,0,1,3,2,0.7478,1.0007,3,12,3,11,9,0.5462,15.69,0,1,0
3,-13.9207,1,0,1,3,2,0.765,14.1016,3,12,3,2,9,0.7447,240.0,0,1,1
2,11.184,0,0,1,2,2,0.6194,0.6304,0,13,0,0,0,0.0005,3.91,0,0,2
2,-3.1622,0,0,1,2,1,0.6231,0.8296,1,13,1,2,2,0.0074,8.69,0,0,0
3,1.5657,0,0,0,2,3,0.7992,0.8832,2,13,2,7,6,0.4825,12.87,0,1,0
3,-2.7367,0,0,1,2,2,0.7883,1.0726,2,13,2,0,6,0.5853,17.41,0,0,1
2,11.9783,0,0,1,2,2,0.6222,0.6063,0,13,0,6,0,0.0011,3.33,0,0,3
2,-0.3547,0,0,1,2,2,0.5009,1.4428,1,13,1,6,2,0.2197,23.41,0,1,3
2,-3.3794,0,0,1,2,1,0.7558,7.6181,2,13,2,11,4,0.0037,174.5,0,0,2
3,0.0,1,1,0,2,3,0.77,0.8477,2,1,1,1,6,0.5308,11.31,0,1,0
3,1.5657,0,0,1,2,2,0.7167,1.026,1,13,1,0,3,0.5608,16.3,0,1,0
3,0.0,1,0,0,1,2,0.6833,0.946,2,14,3,7,6,0.5159,14.37,0,2,0
2,-4.1986,0,1,1,2,1,0.6611,2.5479,2,7,1,-4,4,0.001,50.33,0,1,0
2,-12.9744,0,0,1,1,1,0.6028,0.8758,2,14,1,0,4,0.0005,12.69,0,1,0
2,1.2216,0,0,0,1,3,0.6222,0.7094,0,14,0,8,0,0.0005,5.81,0,0,1
3,0.0,1,0,1,1,1,0.7575,0.7016,2,14,3,12,6,0.7174,5.62,0,1,1
3,0.2753,0,0,1,2,2,0.6692,2.1908,0,1,0,-3,0,0.8794,36.24,0,0,2
3,0.0,1,0,0,1,3,0.76,0.8515,2,14,2,-1,6,0.481,12.11,0,0,0
3,-3.3794,0,1,0,1,2,0.7992,0.6577,3,11,2,10,9,0.4804,7.46,0,1,0
2,4.7071,0,0,1,2,2,0.663,6.3109,1,7,1,7,2,0.0005,133.47,0,1,1
3,-3.3794,0,0,0,1,2,0.7167,0.9188,1,17,1,16,3,0.5003,13.72,0,1,0
2,-0.5205,0,0,1,2,1,0.612,0.7647,1,7,1,5,2,0.001,9.32,0,0,1
2,-9.5961,1,0,1,1,1,0.6796,2.4362,2,8,2,6,4,0.0005,49.66,0,1,0
2,-2.4629,0,0,1,3,1,0.6676,0.813,2,6,1,4,4,0.001,10.48,0,1,0
3,0.0,1,0,0,2,3,0.7744,0.7213,3,7,4,4,9,0.4804,8.98,0,0,0
2,-2.4629,0,0,1,3,2,0.5833,0.9165,1,6,1,2,2,0.0136,12.96,0,0,0
2,-21.3999,0,0,0,1,3,0.6731,7.2984,2,14,2,11,4,0.1069,163.2,0,1,0
2,1.9929,0,0,1,2,2,0.6014,0.9752,0,7,0,0,0,0.0365,12.38,0,0,0
3,-4.945,0,0,1,2,2,0.7992,2.248,3,16,3,12,9,0.4804,45.15,0,1,0
3,4.5665,0,0,1,2,2,0.7992,0.8163,0,4,0,-12,0,0.5375,10.56,0,0,0
2,-2.3095,0,0,1,2,2,0.613,1.0222,1,7,0,-6,2,0.0616,13.51,0,0,0
2,-15.6875,0,0,1,3,2,0.6639,4.5054,2,0,0,-1,4,0.0955,98.16,0,0,0
2,0.9477,0,0,0,1,2,0.6731,1.0825,1,8,1,7,2,0.0902,14.96,0,0,0
3,-8.5509,0,0,0,1,3,0.7389,1.42,3,8,3,5,9,0.4898,25.05,0,0,0
2,-0.5205,0,0,1,3,3,0.662,1.0127,2,0,0,-12,4,0.0396,15.27,0,0,1
3,5.087,0,0,1,1,1,0.7983,0.7366,1,8,0,-9,3,0.481,9.35,0,0,0
2,4.5665,0,0,1,3,2,0.6028,1.6326,2,6,2,-7,4,0.001,30.15,0,0,0
2,1.301,0,0,1,3,3,0.6111,2.252,0,6,0,-9,0,0.333,44.54,0,0,1
2,3.4156,0,1,1,2,2,0.6194,0.606,0,1,1,-3,0,0.0005,3.52,0,0,0
2,20.0295,0,0,1,3,2,0.5069,1.0239,0,6,0,-1,0,0.1399,15.06,0,0,0
3,-2.4629,0,0,1,3,3,0.7575,1.72,3,6,1,0,9,0.6015,32.24,0,1,0
3,-8.5509,0,0,1,3,2,0.7925,0.5814,3,6,1,-4,9,0.5709,4.92,0,0,0
2,-0.9477,0,0,1,3,3,0.6139,10.6956,2,6,1,6,4,0.0802,240.0,0,0,0
2,-14.7959,1,0,1,3,2,0.6083,0.9408,2,6,2,5,4,0.0287,13.54,0,0,0
3,-4.9929,0,0,1,1,1,0.7992,3.5039,3,2,0,-6,9,0.6223,73.27,0,1,0
2,-2.8075,0,1,1,3,2,0.5722,1.0567,1,6,1,5,2,0.1793,15.85,0,0,1
3,-3.8999,0,1,1,3,2,0.7508,6.5645,2,6,2,5,6,0.5701,148.51,0,0,1
2,16.5316,0,0,1,3,1,0.5069,0.9836,0,6,0,4,0,0.0915,14.1,0,0,1
3,-14.4412,0,1,1,3,2,0.7492,6.5728,2,6,1,-4,6,0.5706,148.71,0,1,1
2,-2.6023,0,0,1,3,2,0.7,2.9836,2,6,2,6,4,0.0344,62.57,0,1,2
2,16.5316,0,1,1,3,2,0.5819,0.9611,0,6,0,-1,0,0.0628,13.55,0,0,1
2,-2.4629,0,0,1,3,3,0.7278,11.8139,2,6,0,-6,4,0.1264,240.0,0,0,1
2,-0.5205,0,1,1,3,2,0.6611,0.6033,2,6,0,-4,4,0.001,5.45,0,0,0
3,-2.2053,0,1,1,3,2,0.7792,0.8167,2,6,0,-4,6,0.8103,10.09,0,0,0
2,-1.3705,0,0,1,3,2,0.4903,1.0289,1,6,0,-1,2,0.1463,15.18,0,0,1
2,-2.4629,0,0,1,3,1,0.575,1.8755,2,6,2,4,4,0.0099,35.98,0,1,0
2,0.0248,0,0,1,3,2,0.5431,0.9405,0,6,1,2,0,0.0367,13.06,0,0,1
3,1.5657,0,0,1,2,2,0.7578,0.8613,1,10,1,-6,3,0.4815,12.34,0,0,0
3,-0.9477,0,0,1,3,2,0.7925,0.5883,3,6,1,-1,9,0.5699,5.08,0,0,0
2,-0.5205,0,0,1,3,3,0.6648,0.9648,1,6,1,3,2,0.0381,14.12,0,0,1
2,-0.9477,0,0,1,3,1,0.612,0.8423,2,6,1,-2,4,0.001,11.18,0,1,0
2,4.5712,0,0,0,1,2,0.6028,1.9069,1,14,1,14,2,0.0005,36.96,0,1,0
3,-0.9477,0,0,1,3,2,0.7983,0.6075,3,6,2,2,9,0.5667,5.54,0,1,0
2,-0.5205,0,0,1,3,2,0.6111,0.5945,1,6,1,2,2,0.0005,5.23,0,0,0
2,-14.4412,0,0,1,3,3,0.6148,3.4895,2,6,1,6,4,0.0788,74.71,0,1,1
2,-2.2053,0,0,1,3,2,0.5917,1.1052,1,6,1,5,2,0.2415,17.01,0,1,2
1,1.1295,0,0,1,3,2,0.5242,4.2111,0,6,0,6,0,0.164,91.55,0,0,3
2,0.0,1,0,1,3,2,0.62,1.1537,0,6,1,5,0,0.3027,18.18,0,0,2
2,19.3624,0,0,1,3,1,0.5458,0.9725,0,6,0,1,0,0.0766,13.83,0,0,0
2,-0.5205,0,0,1,3,2,0.613,10.7077,2,6,2,2,4,0.0808,240.0,0,2,1
2,-2.8075,0,0,1,2,2,0.5583,0.9681,1,7,1,3,2,0.0718,13.72,0,0,1
2,14.7959,1,0,1,2,2,0.6125,0.9518,0,7,0,6,0,0.0511,13.33,0,0,0
2,0.9894,0,0,1,2,2,0.5542,0.9694,0,7,0,-3,0,0.0734,13.75,0,0,0
3,-12.2605,0,0,0,1,2,0.7692,0.821,3,2,1,-8,9,0.537,10.67,0,0,0
3,1.0452,0,0,1,2,2,0.7992,1.221,0,7,0,3,0,0.4799,20.27,0,0,0
3,-2.8075,0,1,1,2,1,0.6892,0.7145,1,7,1,5,3,0.7566,7.64,0,0,2
3,-13.8065,0,0,1,2,2,0.7167,9.204,1,7,0,-6,3,0.4545,211.86,0,0,1
2,-12.2605,0,0,1,2,1,0.6287,3.478,2,7,1,5,4,0.071,74.44,0,1,1
3,-2.8075,0,0,0,2,3,0.635,0.9074,1,7,2,4,3,0.9012,12.27,0,0,1
3,1.0452,0,0,1,2,1,0.7992,0.6064,1,7,0,-10,3,0.5667,5.52,0,1,0
2,-13.4935,0,0,1,3,1,0.6759,1.0802,2,6,2,1,4,0.0887,14.9,0,1,0
2,9.1831,0,0,1,2,1,0.6185,1.3892,1,7,1,7,2,0.001,24.31,0,1,0
3,-13.8065,0,0,1,2,1,0.8,12.6984,3,7,2,2,9,0.3132,240.0,0,2,1
2,-3.2572,0,0,1,2,2,0.6685,0.8576,1,7,0,-6,2,0.0005,11.55,0,0,0
2,-13.8065,0,0,1,2,2,0.7528,3.8645,2,7,1,6,4,0.047,83.71,0,0,1
2,11.3418,0,0,1,2,2,0.5486,0.9384,0,7,0,7,0,0.0346,13.01,0,0,1
2,-2.8075,0,0,0,2,3,0.5639,1.0599,2,7,2,4,4,0.184,15.93,0,2,0
2,-3.8999,0,0,0,1,3,0.6685,0.8353,1,8,2,2,2,0.0005,11.01,0,0,0
1,-17.6034,0,0,0,2,3,0.4931,18.4923,1,7,0,-5,1,0.0231,240.0,0,1,1
2,-1.3705,0,0,0,2,3,0.6306,0.9135,1,7,0,-2,2,0.0032,12.41,0,0,1
3,11.5387,0,0,1,2,2,0.6783,0.8858,0,7,1,-6,0,0.8735,11.75,0,0,1
3,-2.8075,0,0,1,2,2,0.7692,0.8281,1,7,0,0,3,0.8167,10.36,0,0,3
2,-14.7711,0,0,1,2,1,0.6426,11.6065,1,7,0,-1,2,0.1122,240.0,0,1,1
2,-12.6991,0,1,1,3,1,0.5944,0.3798,1,9,1,7,2,0.0026,0.79,0,0,0
2,-1.5657,0,0,1,1,1,0.5958,1.9737,2,5,0,-6,4,0.0214,38.56,0,1,2
2,-14.7959,1,1,1,2,1,0.6069,8.7861,2,7,1,-1,4,0.0052,201.83,0,0,0
2,1.301,0,0,0,2,3,0.6148,1.036,0,7,0,-8,0,0.1548,15.35,0,0,1
2,-13.8065,0,0,1,2,1,0.6069,4.1826,2,7,2,2,4,0.0005,91.35,0,1,1
3,-14.4412,0,1,1,3,3,0.7717,1.8066,3,6,1,-3,9,0.639,34.32,0,1,1
2,-9.7868,0,0,0,2,3,0.6102,10.7162,2,7,2,7,4,0.0823,240.0,0,2,0
2,-8.5509,0,0,1,2,1,0.7367,6.7232,2,7,1,2,4,0.0016,152.32,0,0,1
2,14.2754,0,0,0,2,3,0.6046,1.0992,0,7,0,-8,0,0.234,16.87,0,0,2
3,1.0452,0,0,1,2,1,0.7992,0.793,2,7,1,2,6,0.5407,10.0,0,0,0
3,0.0248,0,0,0,2,3,0.7892,0.8034,1,7,2,4,3,0.8045,9.77,0,1,2
2,1.7357,0,0,1,2,2,0.6741,1.182,2,7,2,6,4,0.0005,19.33,0,0,0
2,19.3624,0,0,1,2,1,0.5278,3.2623,0,7,1,-1,0,0.36,68.78,0,0,2
2,-13.4949,0,0,1,2,2,0.7608,3.7673,3,7,1,-9,6,0.0705,81.38,0,1,1
3,0.0,1,1,1,2,1,0.7725,0.7897,2,7,1,-1,6,0.5412,9.92,0,2,0
1,1.5763,0,0,0,2,3,0.5815,2.9234,0,7,0,4,0,0.007,60.65,0,0,3
2,0.0248,0,0,0,2,3,0.6194,0.7798,0,7,1,1,0,0.0005,9.21,0,0,1
2,1.0452,0,0,1,2,1,0.5986,0.7006,0,7,0,-1,0,0.0005,7.78,0,0,0
2,-0.5205,0,0,0,2,3,0.612,0.7982,2,1,0,-5,4,0.0005,10.12,0,0,1
2,-13.4949,0,0,0,2,3,0.5806,0.9184,2,7,2,4,4,0.0146,13.01,0,0,0
1,2.7681,0,0,1,2,2,0.5306,3.7996,0,7,0,0,0,0.0871,81.68,0,0,3
2,11.9953,0,0,1,2,2,0.5861,0.927,0,7,0,7,0,0.0202,12.74,0,0,0
2,-2.4629,0,0,1,2,1,0.6,0.7667,2,7,2,2,4,0.0005,9.37,0,0,1
2,5.2336,0,1,1,2,1,0.5972,0.8993,0,7,0,-7,0,0.0016,12.55,0,0,0
3,-2.2053,0,0,1,2,2,0.7825,0.8116,2,7,1,-6,6,0.8087,9.97,0,0,2
2,-0.9477,0,0,1,2,2,0.5403,10.6325,2,7,2,6,4,0.075,240.0,0,0,1
2,4.5665,0,1,1,2,2,0.7156,0.6155,0,7,0,6,0,0.001,5.74,0,0,0
2,-1.9424,0,0,1,2,2,0.6185,1.0905,2,7,1,6,4,0.0016,17.84,0,0,0
2,0.0,1,0,1,2,2,0.5986,0.7744,0,7,1,6,0,0.001,9.55,0,0,0
2,0.3547,0,0,1,2,2,0.6306,2.0244,1,7,1,-9,2,0.2204,39.07,0,1,2
2,0.0,1,1,0,2,3,0.6565,0.7572,1,7,2,1,2,0.0005,9.14,0,0,0
2,0.0,1,1,1,2,1,0.5028,0.9847,0,7,0,-1,0,0.0931,14.12,0,0,1
2,-3.2572,0,0,1,2,2,0.637,5.8823,2,7,2,3,4,0.001,132.14,0,0,0
3,-0.9477,0,0,1,2,1,0.7426,4.6503,2,7,1,-1,6,0.4524,102.57,0,1,0
2,4.5665,0,0,1,2,2,0.5986,0.6085,1,7,0,3,2,0.0005,5.57,0,1,0
3,0.0,1,1,1,2,2,0.6725,0.731,0,7,0,0,0,0.7673,8.03,1,0,1
2,0.0,1,0,1,3,1,0.6028,0.6904,2,0,0,-17,4,0.0005,8.24,0,2,1
3,-8.5509,0,0,1,2,1,0.8,4.6382,2,7,2,2,6,0.4503,102.28,0,1,0
3,0.9894,0,0,1,2,1,0.6925,0.8783,0,7,0,-4,0,0.865,11.57,0,0,1
2,-8.5509,0,0,0,1,2,0.6056,8.6375,2,8,0,-5,4,0.0016,198.27,0,1,1
2,-14.7711,0,0,0,1,3,0.7028,11.7664,3,8,2,5,6,0.1222,240.0,0,2,2
3,-0.5205,0,0,1,1,1,0.7958,0.6562,2,8,2,6,6,0.5589,6.71,0,0,0
2,2.4679,0,0,0,1,3,0.7367,0.5845,1,8,1,8,2,0.0005,4.99,0,0,0
3,20.0295,0,1,1,1,1,0.7717,0.825,0,8,0,-6,0,0.8151,10.29,0,0,0
2,0.0248,0,0,0,1,2,0.5986,0.9556,0,8,1,4,0,0.0564,13.42,0,0,1
3,-14.7959,1,1,1,1,1,0.7942,0.6309,2,8,0,0,6,0.562,6.11,0,1,0
2,-0.5205,0,0,0,1,2,0.6014,0.6094,2,8,2,1,4,0.001,5.59,0,0,0
2,1.301,0,0,0,1,2,0.5898,1.1064,0,8,0,1,0,0.2426,17.04,0,0,3
3,4.5665,0,0,0,1,2,0.7992,0.7441,1,8,1,-5,3,0.5464,8.82,0,0,0
3,-14.7959,1,0,1,1,1,0.7317,9.8861,3,8,2,6,9,0.5723,228.23,0,2,0
2,-2.4629,0,0,0,1,2,0.5986,0.5985,2,8,1,-5,4,0.0005,5.33,0,0,0
2,0.9894,0,0,0,1,2,0.5954,1.1229,0,8,0,4,0,0.2638,17.44,0,0,2
2,11.5387,0,0,1,1,1,0.5208,0.9473,0,8,0,0,0,0.0452,13.23,0,0,2
2,10.896,0,0,1,1,1,0.6074,1.1176,0,8,0,3,0,0.2569,17.31,0,0,2
2,28.4304,0,0,0,1,2,0.5528,1.064,0,8,0,8,0,0.1904,16.02,0,0,1
2,-2.8075,0,1,0,1,2,0.5546,1.0631,1,8,1,7,2,0.1894,16.0,0,0,1
3,-12.2605,0,0,0,1,2,0.775,0.7835,3,8,2,-2,9,0.5422,9.77,0,1,0
2,-2.4629,0,0,1,3,1,0.6546,0.7098,1,3,0,-8,2,0.001,8.0,0,0,0
3,-14.4412,0,0,0,1,2,0.8033,15.0253,3,8,2,7,9,0.6771,240.0,0,2,1
1,11.5387,0,0,0,1,2,0.515,3.9983,0,8,0,-5,0,0.1441,86.45,0,0,2
2,-14.7711,0,0,0,1,2,0.5843,2.0061,2,8,1,1,4,0.0772,39.11,0,0,0
2,-2.8075,0,0,0,1,2,0.5889,1.0487,1,8,0,-2,2,0.1697,15.66,0,0,2
2,-17.6034,0,1,0,1,2,0.6509,0.6381,1,8,1,7,2,0.001,6.28,0,0,0
3,1.301,0,0,0,1,2,0.6425,0.764,1,8,0,-8,3,0.7864,8.83,0,1,0
2,-15.8162,0,0,1,2,1,0.6,1.6976,2,1,0,-7,4,0.001,31.94,0,1,0
2,5.5771,0,0,1,1,1,0.53,3.3505,0,8,0,3,0,0.4132,70.9,0,0,1
2,1.0452,0,1,0,1,2,0.7433,0.6693,0,8,0,7,0,0.0005,7.03,0,0,0
3,-3.8999,0,1,1,1,1,0.7935,4.5537,4,8,4,6,12,0.4236,100.25,0,1,0
2,0.3547,0,1,0,1,2,0.5956,1.1343,2,8,1,-2,4,0.2793,17.71,0,1,1
2,-10.264,0,1,1,2,1,0.5986,1.6245,2,4,0,-1,4,0.0005,30.18,0,2,0
3,13.8482,0,0,1,1,1,0.7817,0.8127,0,8,0,0,0,0.8087,9.99,0,0,2
2,-13.4949,0,0,0,1,3,0.7065,3.0495,2,8,0,-1,4,0.0167,64.15,0,0,0
2,0.0,1,0,0,2,3,0.6185,0.8359,1,1,0,-8,2,0.0005,11.73,0,0,1
1,-3.2572,0,0,1,1,1,0.5694,2.8109,1,8,1,6,1,0.0005,58.43,0,0,1
2,-1.5152,0,1,1,3,3,0.6019,1.0369,1,0,0,-3,2,0.0678,13.86,0,0,1
2,0.0,1,1,1,1,1,0.6444,3.998,0,8,0,0,0,0.0157,86.92,1,0,0
2,-14.4412,0,1,0,1,3,0.7037,9.5929,2,8,0,-1,4,0.0068,221.2,0,2,0
2,-0.9477,0,0,1,1,1,0.7625,2.9306,2,8,1,6,4,0.0491,61.3,0,0,2
2,-3.2572,0,0,0,1,2,0.6111,0.58,2,8,1,-2,4,0.001,4.89,0,1,0
2,-1.3705,0,0,1,1,1,0.625,1.1641,2,8,1,-3,4,0.3165,18.43,0,1,1
3,-3.2572,0,0,1,1,1,0.7983,0.575,2,8,1,-3,6,0.5725,4.77,0,1,0
2,-13.4949,0,0,1,2,2,0.6657,0.9638,2,7,2,3,4,0.0375,14.1,0,0,0
2,-14.4412,0,0,1,1,1,0.6042,6.6143,2,8,2,6,4,0.0005,149.71,0,0,0
3,0.0,1,0,1,1,1,0.77,0.8069,2,8,3,3,6,0.5381,10.33,0,0,1
3,-5.2937,0,0,1,1,1,0.7139,1.1338,2,14,2,12,6,0.375,10.08,0,0,0
2,-11.8869,0,0,0,1,3,0.612,1.8206,2,2,2,2,4,0.0016,34.89,0,2,0
3,-3.1947,0,0,1,3,3,0.7942,0.763,1,0,0,0,3,0.6899,8.81,0,0,2
2,19.3624,0,0,0,1,2,0.6125,0.9901,0,8,0,-8,0,0.0995,14.25,1,0,2
3,0.5205,0,0,0,1,3,0.7892,1.0716,2,17,2,11,6,0.5848,17.39,0,2,1
2,13.8482,0,0,1,1,1,0.615,1.1559,1,8,1,0,2,0.3059,18.23,0,1,2
2,-16.1664,0,0,1,1,1,0.6685,0.8605,0,8,0,3,0,0.0005,11.62,0,0,0
3,-15.4864,0,0,1,3,2,0.7992,2.3954,2,6,1,5,6,0.4815,48.68,0,1,1
3,-13.8065,0,0,1,1,1,0.7157,4.6861,0,8,0,0,0,0.4676,103.43,0,0,0
3,-0.3298,0,1,1,3,3,0.8025,0.6467,1,9,1,9,3,0.7084,4.3,0,0,1
2,1.4303,0,0,0,1,2,0.6156,1.1434,0,8,0,8,0,0.2904,17.93,0,0,1
2,-8.5509,0,0,1,1,1,0.6574,0.7789,2,8,1,3,4,0.0005,9.66,0,1,0
2,-14.7711,0,0,1,1,1,0.612,0.7359,1,8,0,0,2,0.0005,8.63,0,0,0
2,-13.2196,0,1,0,1,2,0.7425,2.7555,2,8,2,7,4,0.1038,57.1,0,1,1
2,-12.2605,0,0,1,1,1,0.72,10.1892,3,8,3,6,6,0.0624,235.51,0,0,0
3,-2.4629,0,0,1,1,1,0.7742,0.7849,4,8,1,-6,12,0.5417,9.8,0,0,0
3,2.7681,0,0,0,1,2,0.7233,0.8631,0,8,0,1,0,0.8454,11.2,0,0,2
3,-0.9477,0,0,1,3,3,0.7954,4.5515,2,0,0,-6,6,0.4226,100.2,0,2,0
3,0.0,1,0,0,1,3,0.7933,0.9613,1,5,0,-4,3,0.5248,14.74,0,0,0
2,-2.4629,0,0,1,3,3,0.5722,3.3873,1,0,0,-6,2,0.011,72.26,0,0,1
2,-3.2572,0,0,1,3,1,0.6602,0.6056,3,0,0,-5,6,0.001,5.5,0,1,0
3,0.0,1,1,1,3,2,0.7217,0.8638,0,0,0,-1,0,0.8464,11.22,0,0,1
3,1.0452,0,0,1,3,3,0.7925,0.6833,1,0,0,0,3,0.5558,7.37,0,0,0
2,20.7329,0,0,1,1,1,0.5222,0.7747,0,2,0,0,0,0.282,8.9,0,0,3
2,-0.5205,0,1,1,3,2,0.6194,1.5958,2,0,0,-4,4,0.0005,29.26,0,0,0
3,-13.8065,0,0,1,3,2,0.8,4.2115,2,0,0,-13,6,0.3096,92.04,0,1,1
3,-19.0401,0,0,1,2,2,0.7958,6.8189,3,1,0,-12,9,0.5806,151.69,0,1,0
2,-17.6034,0,0,1,3,3,0.6065,10.7434,3,0,0,0,6,0.0844,240.0,0,2,1
2,1.0452,0,0,1,3,1,0.5917,0.9123,1,0,0,-8,2,0.0104,12.86,0,0,0
2,-12.0278,0,0,1,3,3,0.6231,14.5289,2,0,0,-9,4,0.0005,240.0,0,2,1
3,0.5205,0,0,1,3,2,0.7022,1.0414,2,0,0,-7,6,0.567,16.66,0,1,0
2,0.5205,0,0,1,3,1,0.5944,1.3419,1,0,0,-8,2,0.0026,23.88,0,0,0
3,-2.2053,0,0,1,3,3,0.645,0.7619,2,0,0,-9,6,0.7848,8.78,0,1,1
2,-9.2188,0,0,1,3,1,0.5708,0.9226,2,0,0,-2,4,0.0182,13.11,0,0,0
3,0.3547,0,0,1,3,3,0.6567,0.7499,0,0,0,-9,0,0.7774,8.49,0,0,2
3,-1.1918,0,0,1,2,2,0.7556,1.1451,3,10,2,3,9,0.4866,17.95,0,1,1
3,-8.5509,0,0,1,3,1,0.7967,0.65,3,0,0,-14,9,0.5584,6.56,0,0,0
3,-14.4412,0,0,1,3,1,0.7411,14.4615,3,0,0,-2,9,0.5501,240.0,0,1,0
3,-8.5509,0,0,1,3,2,0.7767,1.2054,3,6,3,2,9,0.4804,19.9,0,1,0
3,-7.807,0,1,1,3,1,0.8008,9.2708,3,0,0,0,9,0.4853,213.46,0,3,2
3,-3.8999,0,0,1,2,1,0.7133,1.4421,3,1,0,-7,9,0.5018,25.57,0,1,0
3,1.7357,0,0,1,2,2,0.7983,4.9172,1,1,0,-6,3,0.5554,108.98,0,1,2
3,-13.8065,0,0,1,2,1,0.6622,14.4877,3,1,0,-4,9,0.5876,240.0,0,0,2
3,-14.4412,0,0,1,2,2,0.7858,0.7422,3,1,1,-15,9,0.5459,8.78,0,2,1
2,2.8723,0,0,1,3,2,0.5806,0.9234,0,6,0,6,0,0.0078,11.14,0,0,0
2,5.0919,0,0,1,2,1,0.5509,1.065,0,1,0,1,0,0.1915,16.05,0,0,2
3,0.0248,0,0,1,2,2,0.7967,0.7932,0,1,0,-3,0,0.7997,9.53,0,0,2
2,-0.9477,0,0,1,2,2,0.612,0.9375,1,1,0,0,2,0.0266,13.47,0,0,0
2,-2.8075,0,0,0,2,3,0.5426,1.0692,1,1,0,-5,2,0.1963,16.15,0,0,2
2,8.6983,0,0,0,1,3,0.5861,0.8135,0,5,0,-10,0,0.0105,9.93,0,0,1
3,-12.2605,0,0,1,2,2,0.8,9.3157,2,1,0,-6,6,0.5005,214.54,0,1,1
2,0.9894,0,0,1,2,1,0.6283,1.1488,0,1,0,-10,0,0.2973,18.06,0,0,2
2,1.0452,0,0,0,2,3,0.5861,0.9346,0,1,0,-2,0,0.025,13.4,0,0,0
2,-13.4949,0,0,1,2,2,0.6042,5.7997,1,1,0,-15,2,0.0005,130.16,0,0,0
3,3.3794,0,1,0,1,2,0.78,0.8449,1,2,1,-8,3,0.489,10.72,0,0,2
3,0.0248,0,0,1,2,1,0.7725,0.8239,0,1,0,-1,0,0.8146,10.26,0,0,2
3,0.0248,0,0,1,2,2,0.7283,0.8602,0,1,0,0,0,0.8427,11.13,1,0,2
3,-0.5205,0,0,0,1,2,0.7875,0.7374,3,8,2,1,9,0.5464,8.66,0,0,1
2,-2.4629,0,0,1,2,2,0.65,0.6296,2,1,0,-3,4,0.0005,6.08,0,0,0
3,-8.0304,0,0,1,3,2,0.7778,0.9752,4,0,0,-1,12,0.5321,15.08,0,0,0
3,-13.4949,0,0,1,2,1,0.7889,4.5588,2,1,0,-1,6,0.4263,100.38,0,1,0
2,12.333,0,0,1,2,1,0.5889,0.926,1,1,0,-4,2,0.0191,12.71,0,1,0
3,-9.2188,0,0,1,2,1,0.7992,0.6348,3,1,1,-7,9,0.5615,6.2,0,1,0
3,-2.8075,0,0,1,2,2,0.6683,0.7355,1,1,0,-3,3,0.7699,8.14,0,0,2
3,-0.5205,0,0,1,2,2,0.7867,0.8749,3,1,0,0,9,0.5323,11.96,0,2,0
2,0.5205,0,0,1,3,2,0.6028,0.8277,1,12,0,11,2,0.0005,11.54,0,0,0
2,-13.4949,0,0,1,2,2,0.5931,0.9307,2,1,0,-6,4,0.0224,13.3,0,2,0
1,5.5771,0,0,1,2,2,0.6,1.1981,0,1,0,-3,0,0.0005,19.24,0,0,2
2,0.0,1,0,1,2,2,0.5847,0.9063,1,1,0,-6,2,0.0063,12.72,0,0,0
3,-1.3705,0,0,0,2,3,0.6567,0.896,1,1,1,1,3,0.8874,11.99,0,0,3
2,-7.6032,0,0,1,3,1,0.5667,1.0025,1,0,0,-14,2,0.049,13.03,0,0,0
3,14.2754,0,0,1,2,2,0.7867,0.8065,1,1,0,-9,3,0.8061,9.84,0,0,3
2,-17.6034,0,0,1,2,1,0.6,0.8243,1,1,0,-1,2,0.0005,10.75,0,0,0
2,-3.2572,0,0,1,2,2,0.612,0.8261,2,1,0,-3,4,0.0005,10.79,0,0,0
3,-9.2188,0,0,1,2,2,0.7733,7.7741,2,1,0,-3,6,0.5612,177.54,0,1,0
2,-0.5205,0,0,0,2,3,0.6014,0.5781,3,1,2,1,6,0.0005,4.84,0,2,0
2,-1.3705,0,0,1,2,2,0.6244,3.1747,1,1,0,0,2,0.3143,66.68,0,1,2
3,-2.8324,0,0,1,1,1,0.7517,0.8713,1,5,0,-6,3,0.8278,5.02,0,0,2
2,0.0248,0,0,1,2,1,0.6217,3.3707,0,1,0,-1,0,0.4261,71.39,0,0,2
2,13.8482,0,0,1,2,2,0.5611,1.0061,0,1,0,-6,0,0.1191,14.64,0,0,1
2,1.7357,0,0,0,2,3,0.6014,0.9246,1,1,0,1,2,0.0193,13.16,0,0,1
2,1.5763,0,0,1,2,2,0.4972,1.0271,0,1,0,0,0,0.1436,15.14,0,0,0
3,6.245,0,0,0,2,3,0.6317,0.7774,0,1,0,1,0,0.7933,9.15,0,0,1
2,0.0248,0,0,1,2,1,0.5259,1.0763,0,1,0,-7,0,0.2059,16.32,0,0,0
3,-8.5509,0,0,1,2,2,0.7546,4.3552,3,1,0,-3,9,0.352,95.49,0,1,0
2,-2.4629,0,0,1,2,2,0.662,0.6184,3,1,0,-9,6,0.001,5.81,0,1,0
3,-12.9744,0,0,1,2,2,0.7422,0.8968,2,4,0,-9,6,0.4883,13.19,0,1,0
1,10.7093,0,0,1,2,1,0.5347,18.463,0,4,0,4,0,0.0064,240.0,0,0,1
1,6.245,0,0,1,2,1,0.5158,3.9946,0,1,0,-4,0,0.1435,86.36,0,0,3
3,-2.7367,0,0,1,3,3,0.7783,1.1717,2,3,0,-9,6,0.5895,19.79,0,0,0
2,-2.8075,0,0,0,1,2,0.6347,0.9124,1,2,0,-14,2,0.0016,12.39,0,0,2
2,-13.1013,0,0,0,2,3,0.6102,0.6477,1,1,0,-2,2,0.0005,5.99,0,0,0
3,0.9894,0,0,0,1,2,0.7742,0.8218,0,2,0,-8,0,0.8135,10.21,0,0,2
2,-3.5081,0,0,1,1,1,0.5819,1.9627,1,5,2,3,2,0.0141,38.3,0,0,0
2,-3.2572,0,0,0,1,3,0.662,0.6146,2,2,0,-1,4,0.001,5.72,0,0,0
2,-0.9477,0,0,1,1,1,0.6833,1.7921,2,2,0,-6,4,0.0016,33.98,0,1,0
1,1.301,0,0,0,1,2,0.5008,4.0873,0,2,0,1,0,0.1538,88.58,0,0,2
2,-3.2572,0,0,0,1,3,0.6685,0.9559,2,2,0,-1,4,0.0339,13.91,0,0,0
2,-13.8065,0,0,0,1,2,0.7602,3.9147,4,2,2,1,8,0.0381,84.92,0,2,2
2,-3.5081,0,0,1,2,2,0.6685,2.1958,2,1,0,0,4,0.0026,43.89,0,0,0
2,-3.8999,0,0,0,1,3,0.5986,0.6005,1,2,1,2,2,0.0005,5.38,0,0,0
2,-2.8075,0,0,1,1,1,0.6056,0.9921,1,2,0,0,2,0.1021,14.3,0,0,2
3,1.0452,0,0,1,1,1,0.7992,4.2036,2,2,0,-6,6,0.3091,91.85,0,2,0
3,-1.3705,0,0,0,1,2,0.68,0.7231,1,2,1,1,3,0.7625,7.84,0,0,3
2,-2.4629,0,0,0,1,2,0.6,0.799,2,2,1,-8,4,0.0005,10.14,0,1,0
3,-2.2053,0,0,0,1,2,0.6617,0.7433,2,2,0,-2,6,0.7742,8.33,0,0,2
3,-3.8999,0,0,0,1,2,0.7933,0.6806,3,2,2,1,9,0.5553,7.3,0,1,0
2,-0.9477,0,0,1,1,1,0.6185,3.4863,2,2,1,-6,4,0.0767,74.64,0,0,0
3,-1.5461,0,0,1,2,2,0.8022,0.8703,3,4,2,0,9,0.4535,7.52,0,1,2
3,-14.7711,0,0,1,1,1,0.7633,8.0211,3,2,0,-6,9,0.5581,183.47,0,2,1
3,-13.2196,0,0,1,1,1,0.7142,15.6633,2,2,0,0,6,0.8512,240.0,0,2,3
2,21.3341,0,0,0,1,3,0.6083,1.0392,0,2,0,2,0,0.1585,15.43,0,0,1
2,-11.3128,0,0,0,1,3,0.5917,0.9158,1,8,0,-1,2,0.0037,10.95,0,0,0
2,-14.7711,0,0,0,1,2,0.6435,13.3287,2,2,1,1,4,0.0005,240.0,0,1,1
2,10.896,0,0,0,1,2,0.5708,0.9322,0,2,0,1,0,0.0261,12.86,0,0,2
2,-13.744,0,0,1,3,3,0.638,3.2994,2,9,0,0,4,0.0005,62.06,0,2,2
2,-3.8999,0,0,1,3,1,0.6657,10.9771,3,3,1,1,6,0.0975,240.0,0,1,1
2,5.2336,0,0,1,3,1,0.6042,5.779,1,3,1,1,2,0.0005,129.66,0,1,0
3,-2.56,0,0,1,2,2,0.7917,0.6264,1,10,0,-3,3,0.6967,3.82,0,0,1
3,-0.9477,0,0,1,2,1,0.7975,0.8313,2,4,0,-4,6,0.5365,10.92,0,0,0
2,0.0,1,0,1,2,2,0.5903,0.9969,1,4,0,-3,2,0.108,14.42,0,0,2
2,0.0,1,0,1,2,2,0.6241,1.0909,0,4,0,-3,0,0.2229,16.67,0,0,1
2,11.5387,0,0,1,2,1,0.5625,1.0055,0,4,0,2,0,0.1186,14.62,0,0,2
2,-4.5665,0,0,1,2,2,0.5972,5.3417,1,7,1,3,2,0.001,113.3,0,0,0
2,-2.8075,0,0,1,2,2,0.6194,2.0371,1,4,0,0,2,0.2269,39.38,0,1,1
2,-2.8075,0,0,1,2,1,0.5694,1.003,1,4,0,-1,2,0.116,14.56,0,0,1
2,20.0295,0,1,0,2,3,0.61,1.1766,1,4,0,-2,2,0.3261,18.73,0,1,2
2,0.0,1,0,1,2,2,0.6148,1.1146,0,4,0,-3,0,0.2527,17.24,0,0,1
2,-2.8075,0,0,1,2,2,0.5944,1.104,1,4,1,3,2,0.2399,16.98,0,0,1
1,2.8075,0,0,0,1,3,0.5185,0.925,0,5,0,2,0,0.0446,12.43,0,0,1
2,-10.5493,1,0,1,3,2,0.7567,5.3885,2,3,0,-4,4,0.0042,112.2,0,0,2
2,4.5665,0,0,1,2,1,0.613,0.8649,1,4,0,-10,2,0.001,11.72,0,0,0
2,-14.7959,1,0,1,2,1,0.5944,0.959,2,4,1,-4,4,0.0349,13.98,0,1,1
2,-8.5509,0,0,1,2,2,0.6528,0.6776,2,4,0,-3,4,0.0005,7.23,0,0,0
1,1.301,0,1,1,2,1,0.5074,3.783,0,4,0,-7,0,0.0747,81.28,0,0,1
3,-12.0278,0,0,1,2,2,0.7356,1.4227,3,4,1,-6,9,0.4914,25.11,0,0,0
2,0.0248,0,0,0,1,3,0.5847,0.9599,0,5,0,-1,0,0.0617,13.53,0,0,0
1,14.2754,0,0,0,1,3,0.5176,3.8098,0,5,0,5,0,0.0946,81.92,0,0,2
2,4.5665,0,0,0,1,3,0.5792,10.0397,1,5,1,2,2,0.0131,231.92,0,1,0
3,-12.2605,0,0,0,1,2,0.7917,0.5902,3,5,1,-2,9,0.5704,5.13,0,1,0
3,1.0452,0,0,1,1,1,0.7808,3.2706,2,5,2,-9,6,0.5031,69.46,0,1,0
2,-14.7959,1,0,0,1,2,0.5986,0.6128,2,5,1,-2,4,0.0005,5.67,0,2,0
3,-2.4629,0,0,1,1,1,0.78,3.2714,3,5,1,-6,9,0.5037,69.48,0,2,1
2,-2.4629,0,0,1,1,1,0.5986,0.7016,1,5,0,0,2,0.0005,7.8,0,0,0
3,-12.2605,0,0,1,1,1,0.76,6.0401,3,5,0,-6,9,0.5659,135.93,0,1,1
2,0.0,1,0,1,2,2,0.612,0.6794,0,1,0,-6,0,0.001,7.27,0,0,0
2,-12.2605,0,0,0,1,2,0.6574,11.1416,1,5,1,-5,2,0.1049,240.0,0,1,2
3,-0.9477,0,0,0,1,3,0.7992,5.7046,3,5,2,2,9,0.5575,127.87,0,2,1
3,0.0,1,0,1,2,1,0.7692,0.8932,2,4,2,-4,6,0.5433,12.4,0,1,0
3,-1.5461,0,0,1,2,1,0.7456,0.9189,2,10,1,-1,6,0.4913,8.69,0,1,1
2,-2.8075,0,0,0,1,2,0.5148,1.0824,2,5,2,4,4,0.2122,16.47,0,1,0
3,-12.2605,0,0,1,3,2,0.7717,0.7908,3,6,2,2,9,0.5412,9.94,0,0,0
2,1.437,0,0,0,2,3,0.6014,2.8473,1,1,0,1,2,0.0021,58.78,0,1,0
2,-0.5205,0,0,1,3,2,0.7356,0.5712,2,0,0,-1,4,0.0005,4.67,0,1,0
2,0.9477,0,0,0,2,3,0.6204,1.0152,1,10,0,10,2,0.0574,13.34,0,0,0
3,5.087,0,0,1,3,2,0.7344,0.9032,2,3,1,2,6,0.4919,13.35,0,0,0
3,1.2345,0,1,0,1,3,0.6544,1.0656,2,17,2,8,6,0.6799,9.24,0,1,2
3,0.0,1,0,1,3,3,0.7678,0.9832,2,0,0,-9,6,0.5368,15.27,0,1,0
2,1.7357,0,0,1,3,1,0.662,1.0174,2,6,1,4,4,0.0381,15.38,0,1,0
3,-4.9929,0,0,1,2,2,0.7708,9.628,3,1,0,-3,9,0.5581,220.25,0,0,2
2,-4.945,0,0,1,2,2,0.7322,1.599,1,13,1,12,2,0.0021,29.57,0,0,0
2,18.7285,0,0,0,1,2,0.6065,1.1764,0,14,0,10,0,0.0596,11.9,0,0,2
3,12.333,0,0,1,3,2,0.6358,0.7723,0,6,0,5,0,0.7906,9.02,0,0,2
3,1.9929,0,0,0,2,3,0.7925,0.8305,1,1,0,1,3,0.6265,8.91,0,0,0
3,0.0,1,1,1,2,2,0.7222,0.9133,2,16,2,0,6,0.4977,13.59,0,1,0
2,-14.2505,0,0,1,2,2,0.6194,0.8505,2,10,2,6,4,0.0005,12.08,0,1,0
2,0.0,1,0,1,2,2,0.6167,0.8154,0,7,1,3,0,0.0005,9.62,0,0,2
3,-8.5509,0,0,1,2,1,0.6878,1.463,2,1,0,-4,6,0.5138,26.08,0,0,0
2,0.9477,0,0,1,2,2,0.73,0.9125,2,7,1,0,4,0.0021,10.88,0,1,1
3,-0.4272,0,1,1,3,2,0.7808,1.0825,3,0,0,-1,9,0.59,17.65,0,0,0
3,5.7541,0,0,1,2,2,0.7992,0.6778,1,13,1,3,3,0.4799,7.94,0,0,0
2,-1.5657,0,1,0,1,3,0.6602,1.6499,2,5,1,5,4,0.001,30.79,0,0,0
3,-0.9463,0,0,1,3,3,0.7883,1.0771,2,6,1,-6,6,0.6936,9.52,0,1,2
2,4.1986,0,0,1,2,2,0.5611,0.9305,1,4,0,-3,2,0.0151,6.67,0,0,0
2,-10.5493,1,0,1,2,2,0.6042,4.8558,2,1,0,-3,4,0.0026,99.41,0,1,1
2,0.9463,0,0,1,2,1,0.6241,0.5091,1,7,1,5,2,0.0069,1.0,0,1,1
3,-1.5461,0,0,1,2,1,0.7472,0.8598,1,10,1,8,3,0.4451,7.27,0,0,1
3,0.0,1,1,1,2,1,0.75,0.7831,2,7,1,-1,6,0.6062,7.77,0,0,0
2,0.0,1,0,0,1,2,0.6069,0.684,0,8,1,4,0,0.0005,6.83,0,0,2
3,1.5461,0,0,0,2,3,0.625,0.56,0,4,0,4,0,0.4135,3.94,0,0,1
1,-17.0012,0,1,1,2,2,0.6822,2.1905,1,7,0,-3,1,0.001,43.54,0,0,1
3,-7.2584,0,0,1,2,2,0.7942,7.9339,3,1,0,-6,9,0.5568,179.55,0,0,0
2,2.4679,0,0,1,1,1,0.5986,0.5912,1,8,0,3,2,0.0005,5.15,0,1,0
2,-22.0543,0,0,1,3,3,0.7022,7.7927,3,6,2,3,6,0.0083,176.16,0,1,0
2,0.0,1,1,1,3,1,0.6611,0.8292,1,6,0,-2,2,0.0005,10.87,0,0,0
3,-2.3598,0,0,1,2,1,0.7769,0.5736,2,4,0,-7,6,0.433,4.26,0,1,0
2,-5.8903,0,1,0,1,3,0.6083,0.9521,2,2,0,-7,4,0.0136,10.11,0,0,1
3,-4.3024,0,0,0,1,3,0.7992,1.8733,2,5,2,5,6,0.5365,36.15,0,0,0
2,-21.0649,0,0,1,3,2,0.7442,7.3754,2,0,0,-13,4,0.0844,166.15,0,1,0
3,-4.1986,0,0,1,3,2,0.7808,3.4248,3,0,0,-7,9,0.5879,71.37,0,0,1
2,-13.9207,1,1,0,2,3,0.6028,0.6932,2,10,1,1,4,0.001,8.31,0,0,0
3,-17.0829,0,0,0,2,3,0.7992,0.8559,1,7,0,-5,3,0.481,12.21,0,0,0
3,0.7943,0,0,0,1,2,0.7989,0.8939,1,14,1,1,3,0.3065,4.33,0,1,1
3,-1.9424,0,0,1,3,2,0.7992,0.7474,3,3,1,-7,9,0.4804,9.61,0,0,1
3,-2.7367,0,0,1,3,2,0.7233,1.0215,4,15,4,8,12,0.5576,16.19,0,1,0
3,5.319,0,0,1,2,1,0.7758,0.6068,1,1,0,-1,3,0.5451,4.97,0,0,2
3,0.9894,0,0,1,2,2,0.7392,0.8538,1,1,0,-12,3,0.8358,10.98,0,1,1
3,-3.3794,0,0,1,2,1,0.79,0.9642,3,7,1,-1,9,0.5263,14.81,0,0,0
3,-8.5509,0,0,1,3,3,0.7708,0.8447,2,3,0,-12,6,0.5308,11.24,0,0,0
3,-1.9424,0,0,1,2,1,0.7189,0.9167,3,10,2,8,9,0.4992,13.67,0,1,0
1,-15.8093,0,0,1,2,2,0.625,7.3321,1,7,1,3,1,0.0005,165.11,0,0,0
3,-13.8065,0,0,1,1,1,0.7967,0.6551,2,5,2,3,6,0.5584,6.69,0,1,0
2,3.7969,0,0,1,3,2,0.575,0.8002,0,12,0,11,0,0.5277,9.44,0,0,3
2,-2.0986,0,0,0,1,2,0.7322,6.1003,2,2,1,-2,4,0.0005,131.51,0,1,2
2,18.6342,1,0,1,3,1,0.5926,0.6947,0,9,1,4,0,0.2424,6.99,0,0,3
2,5.5522,0,0,1,3,2,0.5819,0.9537,0,3,0,2,0,0.0218,6.99,0,0,0
3,-0.9477,0,0,1,1,1,0.7692,1.8133,2,8,2,6,6,0.6401,34.48,0,2,0
2,-11.5138,0,1,1,2,1,0.6069,0.9278,2,13,2,5,4,0.0005,5.14,0,1,0
2,-1.0452,0,1,1,2,1,0.613,2.2052,1,1,0,-7,2,0.0031,44.12,0,1,1
3,-8.5509,0,0,0,1,2,0.7958,0.6593,2,2,1,1,6,0.5579,6.79,0,0,0
2,1.0452,0,0,1,2,2,0.6014,0.639,1,1,0,-9,2,0.001,6.3,0,1,0
2,-1.5657,0,0,0,2,3,0.5847,1.9806,1,1,1,1,2,0.0255,38.73,0,0,0
2,4.5665,0,0,1,3,1,0.76,0.7562,1,0,0,-2,2,0.0005,9.11,0,0,0
2,-4.9308,0,0,1,3,1,0.6014,4.1489,2,9,2,7,4,0.0005,89.61,0,0,0
3,-10.264,0,0,0,1,3,0.7533,7.5929,3,2,1,-1,9,0.5685,173.42,0,1,1
3,-0.2326,0,0,1,3,2,0.7963,0.8493,2,3,1,-7,6,0.3232,10.85,0,0,2
3,-0.9477,0,0,0,1,2,0.78,1.6036,3,8,2,4,9,0.5905,29.45,0,0,2
3,0.0,1,1,0,1,2,0.7992,3.1631,3,8,2,1,9,0.488,66.88,0,1,1
3,-3.1947,0,0,1,3,3,0.6567,0.753,1,9,1,6,3,0.6788,8.57,0,0,2
3,1.0452,0,0,1,3,3,0.7992,6.8053,2,3,1,-12,6,0.5675,154.29,0,0,1
3,2.2562,0,0,1,2,1,0.7,1.0433,0,4,0,-7,0,0.5681,16.71,0,0,0
2,-17.0829,0,0,1,3,2,0.7189,9.641,2,0,0,-13,4,0.0629,223.06,0,2,3
2,-16.1769,0,1,1,3,3,0.77,2.7146,2,6,0,-3,4,0.0412,54.33,0,1,1
3,2.7367,0,0,1,2,1,0.7528,1.0997,1,10,1,8,3,0.353,9.27,0,1,0
2,4.1986,0,0,0,1,2,0.6417,1.5493,1,2,0,-14,2,0.0162,21.52,0,0,1
3,0.0,1,0,1,2,2,0.8008,0.7553,2,4,1,-6,6,0.4974,5.39,0,2,0
2,-12.0278,0,0,0,1,3,0.5444,10.6209,1,2,0,-1,2,0.0734,240.0,0,0,0
2,-14.3462,0,0,0,1,3,0.6519,7.9043,2,11,1,11,4,0.108,172.58,0,1,1
3,0.2753,0,0,0,2,3,0.737,0.9006,0,1,0,-2,0,0.4557,5.28,0,0,2
3,0.9477,0,0,1,1,1,0.7775,0.7453,2,8,1,3,6,0.59,6.86,0,1,1
3,-4.945,0,0,1,3,3,0.7633,7.0098,3,3,1,0,9,0.5659,159.43,0,1,1
2,-2.7367,0,0,0,1,2,0.5667,9.5272,2,2,2,1,4,0.0178,220.32,0,1,1
2,-2.5354,0,0,1,1,1,0.5991,1.2065,1,8,1,3,2,0.0279,15.59,0,1,2
2,-3.2572,0,0,1,2,1,0.6657,0.7593,2,1,0,-4,4,0.0005,9.19,0,0,0
2,-0.9477,0,0,1,3,3,0.6093,0.9398,2,3,1,3,4,0.0282,13.52,0,0,1
2,-9.5961,1,0,1,3,2,0.6204,0.9147,0,6,1,2,0,0.1136,13.15,0,0,0
2,1.0452,0,0,1,2,1,0.6685,0.8548,0,4,0,-10,0,0.0005,11.48,0,0,0
2,6.7559,0,0,1,3,1,0.6181,4.93,0,3,0,1,0,0.0005,108.73,0,0,0
2,-2.3598,0,0,1,3,1,0.5478,4.2374,2,12,2,7,4,0.3503,92.19,0,2,2
2,-0.5205,0,0,1,1,1,0.5986,0.6358,2,2,1,-9,4,0.0005,6.22,0,0,0
2,23.5414,0,1,0,1,2,0.6231,1.0699,0,17,0,17,0,0.0005,9.34,0,0,2
2,-13.073,0,0,1,3,2,0.6111,0.8904,2,12,2,5,4,0.1006,12.56,0,2,0
2,5.5522,0,0,1,1,1,0.5,1.0508,0,8,1,3,0,0.1426,9.32,0,0,1
3,-10.264,0,1,0,1,3,0.7833,6.7848,2,11,1,5,6,0.557,154.03,0,1,1
3,-0.5205,0,0,1,2,2,0.7683,0.8251,3,1,0,-9,9,0.5365,10.77,0,1,0
2,-6.2132,0,0,1,3,1,0.6028,8.0345,2,6,2,1,4,0.001,181.96,0,1,2
2,-5.2336,0,0,0,1,2,0.6,6.0428,3,2,1,-5,6,0.0005,133.06,0,0,0
3,-3.5081,0,1,0,1,2,0.7983,1.6559,3,5,1,1,9,0.5657,30.94,0,1,0
3,-3.3794,0,0,1,3,1,0.7644,0.806,2,3,0,-5,6,0.4815,11.01,0,0,0
2,-11.8869,0,0,0,1,3,0.5704,0.8287,2,5,2,5,4,0.0776,11.08,0,2,0
3,-4.945,0,0,1,1,1,0.7811,2.538,3,11,2,6,9,0.5305,52.11,0,0,0
3,-0.5205,0,0,1,3,1,0.7875,0.707,3,3,1,-8,9,0.5542,7.93,0,1,0
3,-0.9477,0,0,1,2,1,0.612,4.3149,3,7,1,-4,9,0.3258,94.52,0,3,1
2,-8.5509,0,0,0,1,2,0.6014,0.6522,1,8,0,-5,2,0.0005,6.62,0,0,0
2,-12.6991,0,0,1,2,2,0.7517,2.3097,2,13,2,12,4,0.0835,47.1,0,1,1
3,-13.286,0,0,0,2,3,0.6922,0.9387,3,10,1,-2,9,0.5117,14.2,0,1,0
2,-5.5771,0,0,1,2,2,0.5569,0.8898,1,7,0,0,2,0.044,11.76,0,1,2
3,0.9477,0,0,1,2,1,0.7911,0.536,1,1,0,-1,3,0.5258,1.84,0,0,0
1,5.5756,0,0,1,2,2,0.4917,0.9511,0,7,0,3,0,0.0602,13.06,0,0,2
3,-2.9522,0,0,1,3,1,0.7111,0.6046,3,3,3,-5,9,0.5634,3.49,0,1,0
3,-9.7213,0,0,0,1,2,0.7992,7.986,3,8,2,7,9,0.5485,180.8,0,0,0
3,1.2345,0,0,1,2,1,0.637,0.8623,0,13,0,8,0,0.4066,4.36,0,0,1
2,-4.3024,0,0,0,1,3,0.6278,0.8696,2,2,0,-1,4,0.0912,12.06,0,0,0
3,5.087,0,0,0,1,2,0.7983,0.6674,2,2,1,1,6,0.4804,7.69,0,0,0
3,9.5961,1,1,1,3,3,0.7983,0.8774,3,0,0,0,9,0.5401,8.32,0,0,2
3,-0.9477,0,0,0,2,3,0.7825,0.8797,2,7,2,1,6,0.5349,12.08,0,1,1
3,-0.9463,0,0,1,2,2,0.77,1.1243,1,16,1,6,3,0.7426,10.65,0,0,2
2,1.7357,0,0,0,2,3,0.7767,0.8433,0,7,0,7,0,0.001,11.2,0,0,0
3,3.477,0,0,0,2,3,0.7972,0.8482,0,10,1,4,0,0.3226,10.82,0,0,2
3,0.0,1,0,1,3,3,0.7767,0.7818,2,0,0,-3,6,0.5417,9.73,0,1,0
2,2.9884,0,0,1,3,2,0.7556,0.8776,2,15,2,11,4,0.0005,12.73,0,0,0
2,-15.2306,0,0,1,2,2,0.68,1.6144,2,7,1,0,4,0.1162,27.92,0,0,0
2,0.0,1,0,1,2,2,0.68,0.8762,1,1,0,-3,2,0.0938,12.22,0,0,0
2,0.6905,0,0,1,2,2,0.6259,0.9094,1,7,0,0,2,0.1105,13.02,0,0,0
2,-3.5081,0,0,0,1,3,0.6167,2.2241,2,5,1,-4,4,0.0005,44.57,0,1,0
2,-13.073,0,0,1,3,3,0.5556,0.7648,1,9,1,6,2,0.0542,9.55,0,0,0
2,-15.8411,0,0,1,1,1,0.5731,0.8248,1,2,0,-3,2,0.0761,10.99,0,0,0
3,-3.5081,0,0,1,3,2,0.7933,0.5453,3,6,2,2,9,0.6722,4.28,0,0,0
3,-1.5657,0,0,1,2,2,0.7258,0.52,3,4,2,-6,9,0.6628,3.67,0,1,0
2,-1.7357,0,0,1,1,1,0.575,1.5145,2,8,1,6,4,0.075,25.53,0,0,0
3,-10.264,0,0,1,2,1,0.7842,0.5611,3,4,1,-4,9,0.6774,4.66,0,1,0
3,-1.5657,0,1,1,3,3,0.7475,0.6173,3,9,1,-6,9,0.6993,6.01,0,0,0
3,1.4227,0,1,1,2,1,0.7483,0.6162,2,7,1,5,6,0.6988,5.98,0,0,0
3,-9.5961,1,0,0,1,3,0.7242,0.5236,2,8,1,-7,6,0.6639,3.76,0,0,0
2,0.0,1,0,1,2,2,0.6213,0.8777,1,7,2,6,2,0.0948,12.26,0,0,0
3,-1.0452,0,0,0,2,3,0.7967,0.5389,3,10,3,10,9,0.6701,4.13,0,1,0
2,-4.3024,0,0,0,1,2,0.5991,0.792,1,17,1,10,2,0.0615,10.2,0,0,0
2,-14.1537,0,0,0,1,2,0.575,6.5234,2,5,1,-8,4,0.0167,138.57,0,0,1
3,0.0,1,0,1,2,1,0.7492,0.6145,2,4,1,2,6,0.6983,5.94,0,1,0
2,-11.8869,0,0,0,2,3,0.6074,0.6354,2,4,2,4,4,0.0005,6.44,0,2,0
2,-3.2572,0,0,1,3,1,0.5861,0.9141,1,6,1,4,2,0.0125,12.9,0,0,0
2,-14.9553,0,1,0,1,2,0.6222,1.568,2,8,1,7,4,0.0943,26.81,0,0,0
2,1.4227,0,1,0,1,2,0.6789,0.5465,2,5,1,1,4,0.0005,4.31,0,0,0
2,-4.3024,0,0,0,1,2,0.6009,0.7904,1,2,0,-11,2,0.0604,10.16,0,0,0
2,-17.2389,0,0,0,1,3,0.5889,2.0742,2,5,1,5,4,0.0042,39.81,0,0,0
2,-3.5081,0,1,0,1,2,0.72,0.6609,2,2,0,-8,4,0.0089,7.06,0,0,0
2,-3.5081,0,0,1,3,1,0.5764,0.7095,1,9,2,7,2,0.0297,8.22,0,0,0
2,-3.2572,0,0,0,1,3,0.6065,0.9429,2,8,2,2,4,0.0297,13.59,0,1,0
2,-22.837,0,1,1,3,1,0.5611,4.8612,1,12,2,10,2,0.0146,104.7,0,0,0
2,-15.8162,0,0,1,2,1,0.5792,0.7427,2,1,0,-7,4,0.0459,9.02,0,0,0
2,-3.5081,0,0,1,2,1,0.5639,0.7173,2,13,2,11,4,0.0344,8.41,0,0,0
2,-10.264,0,1,1,2,1,0.5819,0.7042,1,4,0,-1,2,0.0276,8.09,0,1,0
2,1.0452,0,0,0,1,2,0.6685,0.9608,1,2,0,-14,2,0.036,14.02,0,0,1
2,4.1884,0,0,1,3,2,0.5611,0.7598,1,12,1,5,2,0.0521,9.43,0,1,0
3,3.5213,0,0,1,2,2,0.7675,0.5866,2,16,2,15,6,0.6873,5.27,0,0,0
2,-15.6458,0,0,1,1,1,0.613,0.3718,3,17,3,15,6,0.0005,0.59,0,2,0
2,-14.2648,0,0,0,1,3,0.6176,0.8817,2,2,0,-1,4,0.0969,12.36,0,1,0
3,-15.8411,0,0,0,2,3,0.735,0.5045,3,10,3,7,9,0.6571,3.3,0,1,0
2,-1.5657,0,0,0,1,2,0.6398,0.8532,2,14,2,4,4,0.0849,11.67,0,0,0
2,-1.5657,0,0,0,2,3,0.6789,0.9239,2,7,2,4,4,0.1167,13.37,0,0,0
2,8.138,0,0,1,2,1,0.5833,0.8132,1,13,1,13,2,0.0703,10.71,0,1,0
2,-10.264,0,0,1,2,2,0.5778,0.6593,1,1,0,0,2,0.0083,7.02,0,0,0
2,-2.7367,0,0,1,3,2,0.7789,0.6602,1,0,0,-4,2,0.001,7.51,0,0,0
2,0.0,1,0,0,2,3,0.6967,1.2555,0,16,1,16,0,0.0005,19.31,0,0,0
3,-2.4629,0,0,1,3,1,0.7975,0.8565,4,0,0,-5,12,0.5297,11.52,0,0,1
2,-14.8517,0,0,1,2,2,0.575,0.7106,2,4,0,-6,4,0.0302,8.25,0,2,0
2,3.8807,0,0,1,3,2,0.5861,1.4291,1,6,0,6,2,0.0433,23.48,0,1,0
2,-4.3024,0,0,1,3,1,0.6417,0.7468,2,0,0,-5,4,0.0474,9.12,0,0,0
1,-4.9929,0,0,1,2,2,0.5787,1.9024,1,10,0,0,1,0.0016,34.84,0,0,1
2,-1.0452,0,0,0,2,3,0.587,0.8096,2,7,2,4,4,0.0683,10.62,0,0,1
2,-1.0452,0,0,0,1,2,0.5778,0.8212,2,11,2,4,4,0.0735,10.9,0,0,0
2,-0.5205,0,0,0,2,3,0.6014,0.6215,2,7,2,7,4,0.0005,5.88,0,0,0
2,-4.3024,0,1,0,2,3,0.7225,0.7996,2,7,0,-5,4,0.0646,10.39,0,0,0
2,-5.6356,0,0,1,2,2,0.7244,2.4374,3,10,3,3,6,0.001,47.68,0,2,0
3,-15.8411,0,0,1,3,2,0.7708,0.5812,2,12,2,5,6,0.6858,5.14,0,1,0
3,-0.5205,0,0,1,3,1,0.7842,0.7459,2,6,2,1,6,0.5464,8.87,0,0,1
3,-15.8411,0,0,1,2,1,0.7292,0.5149,3,1,0,-1,9,0.6608,3.55,0,2,0
2,-1.0452,0,0,0,1,2,0.6074,0.6087,2,8,2,1,4,0.0005,5.8,0,0,0
3,-4.945,0,0,1,3,1,0.7642,0.5939,1,12,2,7,3,0.6894,5.45,0,0,0
2,0.0,1,1,0,2,3,0.7278,0.7309,1,7,2,1,2,0.0005,8.51,0,1,0
3,-1.5657,0,0,1,3,1,0.79,0.5516,3,0,0,-2,9,0.6738,4.43,0,0,0
1,-1.1892,0,0,1,2,1,0.5694,4.6837,1,1,1,1,1,0.0005,97.51,0,1,1
2,-0.9477,0,0,1,3,1,0.6139,1.1591,2,6,0,-2,4,0.0026,18.78,0,1,1
2,-3.5081,0,0,0,1,2,0.6407,0.5631,2,8,2,7,4,0.0005,4.71,0,0,0
2,-15.8162,0,0,1,3,2,0.6074,0.7364,2,6,2,5,4,0.0422,8.87,0,1,0
2,-15.8162,0,0,1,2,1,0.5694,0.8313,2,16,2,8,4,0.0782,11.15,0,2,0
3,3.5213,0,0,1,2,2,0.7692,0.584,0,1,0,-15,0,0.6863,5.21,0,0,0
2,-18.7285,0,0,1,1,1,0.5819,4.9291,2,5,0,-9,4,0.0448,106.33,0,1,0
2,-1.0452,0,0,1,2,2,0.6,1.7865,1,16,1,12,2,0.0005,34.07,0,0,1
2,-5.2336,0,0,1,3,2,0.5694,4.8556,2,3,0,-4,4,0.0115,104.57,0,0,0
2,0.6905,0,0,1,2,2,0.5907,0.8045,1,7,0,-3,2,0.0662,10.5,0,0,0
2,-22.0543,0,1,1,2,1,0.5806,6.9176,2,7,1,-1,4,0.0281,155.16,0,0,0
2,-4.945,0,1,0,1,3,0.5708,0.6662,1,2,1,2,2,0.0109,7.18,0,0,0
2,-3.5081,0,0,1,2,2,0.5625,0.7587,1,1,0,-6,2,0.0516,9.4,0,0,0
3,1.7357,0,1,0,1,3,0.79,0.8698,2,8,0,2,6,0.5302,11.84,0,1,1
2,-2.8308,0,1,1,3,2,0.5569,4.2003,2,0,0,-7,4,0.0162,85.91,0,0,0
2,-1.0452,0,1,1,3,1,0.5713,0.8278,1,0,0,-8,2,0.0771,11.06,0,0,0
2,-19.6748,0,0,0,1,3,0.6343,5.0881,2,2,0,-7,4,0.1058,110.15,0,2,1
2,-8.4664,0,0,1,2,2,0.73,5.1138,2,13,2,12,4,0.0047,107.83,0,0,0
2,-1.0452,0,0,1,1,1,0.5611,0.8416,2,5,1,3,4,0.0813,11.39,0,0,0
3,-8.4908,0,0,0,1,2,0.7992,5.9328,3,2,1,1,9,0.5553,130.42,0,0,0
2,0.0,1,1,1,3,1,0.5986,0.7056,1,6,1,-2,2,0.0005,7.9,0,0,0
2,-14.5401,0,0,0,2,3,0.5736,0.7124,2,13,2,10,4,0.0307,8.29,0,0,0
2,-1.0452,0,0,1,2,2,0.5958,0.6442,3,10,3,3,6,0.0016,6.66,0,0,0
2,0.0,1,0,1,3,1,0.6685,0.8331,0,6,1,4,0,0.0005,10.96,0,0,0
2,-0.6905,0,0,1,2,2,0.5986,2.4328,2,10,1,-3,4,0.0005,47.56,0,1,0
2,-14.5401,0,0,1,2,2,0.6789,0.5428,2,7,1,0,4,0.0005,4.22,0,0,0
3,-13.4949,0,0,1,2,2,0.7992,0.7855,3,7,2,0,9,0.5417,9.82,0,0,0
3,-19.0401,0,0,0,1,2,0.7617,4.7848,3,2,0,-8,9,0.691,102.87,0,2,0
3,4.1884,0,0,1,1,1,0.7883,0.5541,2,5,2,-9,6,0.6748,4.49,0,2,0
2,-16.827,0,0,1,3,1,0.6744,4.4509,3,3,2,1,6,0.1178,91.92,0,0,0
2,-2.9884,0,0,0,1,3,0.5667,2.1397,2,8,2,8,4,0.0334,41.39,0,0,0
3,-14.4412,0,0,1,3,3,0.7992,0.8508,3,0,0,-9,9,0.5302,11.38,0,1,0
2,-1.5657,0,0,0,2,3,0.5472,0.6851,2,16,2,13,4,0.0198,7.64,0,1,0
2,-1.5657,0,0,0,1,2,0.7542,1.1312,2,14,1,1,4,0.0881,18.34,0,0,1
2,-1.0452,0,0,1,3,1,0.5736,0.7505,1,6,0,-2,2,0.0479,9.21,0,0,1
2,0.6905,0,0,1,3,2,0.5833,0.7403,1,9,1,-1,2,0.0443,8.96,0,1,0
3,-1.0452,0,0,1,2,2,0.7583,0.5994,3,4,0,-3,9,0.6931,5.58,0,1,0
2,-4.3024,0,0,0,1,2,0.5653,0.67,2,2,0,-11,4,0.013,7.28,0,1,0
3,-18.0464,0,0,1,2,2,0.7917,0.5489,3,16,3,6,9,0.6733,4.37,0,1,0
2,0.0,1,0,0,1,3,0.5986,0.6481,1,11,2,5,2,0.0026,6.75,0,0,0
3,0.0,1,1,0,2,3,0.78,0.7523,2,7,3,1,6,0.5459,9.02,0,1,0
3,-5.7541,0,0,1,2,2,0.7983,6.028,3,13,3,12,9,0.5412,132.71,0,1,1
2,-1.0452,0,0,1,2,2,0.5542,0.7276,2,1,0,-3,4,0.038,8.66,0,1,0
2,-1.0452,0,0,1,1,1,0.745,1.1431,2,5,1,-3,4,0.086,18.63,0,0,1
2,-0.9477,0,0,1,2,2,0.6,0.9256,1,1,0,-3,2,0.0198,13.18,0,0,1
3,-1.0452,0,1,1,3,1,0.7342,0.5056,3,0,0,-8,9,0.6576,3.33,0,1,0
2,1.0452,0,0,1,1,1,0.7267,0.7269,2,5,1,-9,4,0.0005,8.41,0,0,0
2,-15.8162,0,0,1,1,1,0.5648,0.8381,1,2,0,-6,2,0.0803,11.31,0,0,0
3,-13.3056,0,0,1,3,3,0.7467,0.6185,3,9,1,0,9,0.6998,6.04,0,1,0
2,-1.0452,0,0,1,1,1,0.5986,1.6194,2,5,0,-3,4,0.0005,30.06,0,0,0
2,-0.5205,0,0,1,2,2,0.72,0.6642,3,1,0,-9,6,0.0005,6.91,0,0,0
2,-20.4323,0,0,1,2,2,0.7333,8.166,2,7,1,3,4,0.1152,179.93,0,0,0
2,0.0,1,0,0,2,3,0.5597,0.7606,0,13,1,10,0,0.0526,9.45,0,0,0
2,-3.5081,0,0,0,1,3,0.6148,0.8853,2,14,2,5,4,0.0985,12.44,0,0,0
2,3.5213,0,0,1,2,2,0.5431,0.6891,1,1,0,-3,2,0.0214,7.73,0,1,0
